assay,condition,source,displayed_validity,frame,metric,mean,sem,trials
cue_proportion_nochange,historical_clean,current_image_keys,0.25,0,source_share,0.003932131236069836,0.0,96
cue_proportion_nochange,historical_clean,current_image_keys,0.25,1,source_share,0.46282630757195875,0.0,96
cue_proportion_nochange,historical_clean,current_image_keys,0.25,2,source_share,0.01836690615164116,0.0,96
cue_proportion_nochange,historical_clean,current_image_keys,0.25,3,source_share,0.28309304362240556,0.0035772260209182795,96
cue_proportion_nochange,historical_clean,current_image_keys,0.25,4,source_share,0.1522965308916658,0.0035568575629903016,96
cue_proportion_nochange,historical_clean,current_image_keys,0.25,5,source_share,0.11737007437356321,0.0035839560477570324,96
cue_proportion_nochange,historical_clean,current_image_keys,0.25,6,source_share,0.15520969593247477,0.008034167004518637,96
cue_proportion_nochange,historical_clean,current_image_keys,0.25,0,cue_raw,0.0009544016065774485,0.0,96
cue_proportion_nochange,historical_clean,current_image_keys,0.25,1,cue_raw,0.4477394800633192,0.0,96
cue_proportion_nochange,historical_clean,current_image_keys,0.25,2,cue_raw,0.004526727832853794,0.0,96
cue_proportion_nochange,historical_clean,current_image_keys,0.25,3,cue_raw,0.07231119281398908,0.0028009488134508515,96
cue_proportion_nochange,historical_clean,current_image_keys,0.25,4,cue_raw,0.04065555440805232,0.002061596934778664,96
cue_proportion_nochange,historical_clean,current_image_keys,0.25,5,cue_raw,0.030341177320224233,0.001488002058110481,96
cue_proportion_nochange,historical_clean,current_image_keys,0.25,6,cue_raw,0.038057606032452895,0.002785119983564081,96
cue_proportion_nochange,historical_clean,current_image_keys,0.25,0,cue_conditional,0.2427186554260006,5.695323946259569e-18,96
cue_proportion_nochange,historical_clean,current_image_keys,0.25,1,cue_conditional,0.9674028306908761,5.695323946259568e-17,96
cue_proportion_nochange,historical_clean,current_image_keys,0.25,2,cue_conditional,0.24646109668553598,1.9933633811908488e-17,96
cue_proportion_nochange,historical_clean,current_image_keys,0.25,3,cue_conditional,0.25571937921378984,0.009215836245307224,96
cue_proportion_nochange,historical_clean,current_image_keys,0.25,4,cue_conditional,0.26207031102400047,0.011176894384252747,96
cue_proportion_nochange,historical_clean,current_image_keys,0.25,5,cue_conditional,0.2553856563092302,0.009361403548067656,96
cue_proportion_nochange,historical_clean,current_image_keys,0.25,6,cue_conditional,0.23919528818964383,0.011013518131492064,96
cue_proportion_nochange,historical_clean,current_image_keys,0.25,0,target_raw,0.0009544016065774485,0.0,96
cue_proportion_nochange,historical_clean,current_image_keys,0.25,1,target_raw,0.4477394800633192,0.0,96
cue_proportion_nochange,historical_clean,current_image_keys,0.25,2,target_raw,0.004526727832853794,0.0,96
cue_proportion_nochange,historical_clean,current_image_keys,0.25,3,target_raw,0.07231119281398908,0.0028009488134508515,96
cue_proportion_nochange,historical_clean,current_image_keys,0.25,4,target_raw,0.04065555440805232,0.002061596934778664,96
cue_proportion_nochange,historical_clean,current_image_keys,0.25,5,target_raw,0.030341177320224233,0.001488002058110481,96
cue_proportion_nochange,historical_clean,current_image_keys,0.25,6,target_raw,0.038057606032452895,0.002785119983564081,96
cue_proportion_nochange,historical_clean,current_image_keys,0.25,0,target_conditional,0.2427186554260006,5.695323946259569e-18,96
cue_proportion_nochange,historical_clean,current_image_keys,0.25,1,target_conditional,0.9674028306908761,5.695323946259568e-17,96
cue_proportion_nochange,historical_clean,current_image_keys,0.25,2,target_conditional,0.24646109668553598,1.9933633811908488e-17,96
cue_proportion_nochange,historical_clean,current_image_keys,0.25,3,target_conditional,0.25571937921378984,0.009215836245307224,96
cue_proportion_nochange,historical_clean,current_image_keys,0.25,4,target_conditional,0.26207031102400047,0.011176894384252747,96
cue_proportion_nochange,historical_clean,current_image_keys,0.25,5,target_conditional,0.2553856563092302,0.009361403548067656,96
cue_proportion_nochange,historical_clean,current_image_keys,0.25,6,target_conditional,0.23919528818964383,0.011013518131492064,96
cue_proportion_nochange,historical_clean,current_image_keys,0.25,0,target_selectivity,-0.009708459431999153,1.9577676065267264e-18,96
cue_proportion_nochange,historical_clean,current_image_keys,0.25,1,target_selectivity,0.9565371075878347,7.973453524763395e-17,96
cue_proportion_nochange,historical_clean,current_image_keys,0.25,2,target_selectivity,-0.004718537752618934,0.0,96
cue_proportion_nochange,historical_clean,current_image_keys,0.25,3,target_selectivity,0.0076258389517197,0.012287781660409627,96
cue_proportion_nochange,historical_clean,current_image_keys,0.25,4,target_selectivity,0.016093748032000605,0.014902525845670332,96
cue_proportion_nochange,historical_clean,current_image_keys,0.25,5,target_selectivity,0.007180875078973636,0.012481871397423537,96
cue_proportion_nochange,historical_clean,current_image_keys,0.25,6,target_selectivity,-0.014406282413808182,0.014684690841989416,96
cue_proportion_nochange,historical_clean,current_image_keys,0.25,0,max_raw_patch,0.0010343765170546249,0.0,96
cue_proportion_nochange,historical_clean,current_image_keys,0.25,1,max_raw_patch,0.4477394800633192,0.0,96
cue_proportion_nochange,historical_clean,current_image_keys,0.25,2,max_raw_patch,0.004775696201249957,0.0,96
cue_proportion_nochange,historical_clean,current_image_keys,0.25,3,max_raw_patch,0.10315445946374287,0.0022277235248266128,96
cue_proportion_nochange,historical_clean,current_image_keys,0.25,4,max_raw_patch,0.05894447864557151,0.0018359533655496953,96
cue_proportion_nochange,historical_clean,current_image_keys,0.25,5,max_raw_patch,0.04392239485847919,0.0014529579389279837,96
cue_proportion_nochange,historical_clean,current_image_keys,0.25,6,max_raw_patch,0.06312146596246748,0.0036426672801329204,96
cue_proportion_nochange,historical_clean,current_image_keys,0.25,0,max_conditional_patch,0.26305747569312715,5.1257915516336117e-17,96
cue_proportion_nochange,historical_clean,current_image_keys,0.25,1,max_conditional_patch,0.9674028306908761,5.695323946259568e-17,96
cue_proportion_nochange,historical_clean,current_image_keys,0.25,2,max_conditional_patch,0.26001636649203547,4.556259157007655e-17,96
cue_proportion_nochange,historical_clean,current_image_keys,0.25,3,max_conditional_patch,0.36294569174216024,0.0056831270397360995,96
cue_proportion_nochange,historical_clean,current_image_keys,0.25,4,max_conditional_patch,0.38559585437814786,0.006975903905787342,96
cue_proportion_nochange,historical_clean,current_image_keys,0.25,5,max_conditional_patch,0.3750842926103459,0.006694995034217276,96
cue_proportion_nochange,historical_clean,current_image_keys,0.25,6,max_conditional_patch,0.4031704859808318,0.007690572341705419,96
cue_proportion_nochange,historical_clean,current_image_keys,0.25,0,normalized_entropy,0.9990009113721025,2.0503166206534447e-16,96
cue_proportion_nochange,historical_clean,current_image_keys,0.25,1,normalized_entropy,0.12935750472413918,1.9933633811908488e-17,96
cue_proportion_nochange,historical_clean,current_image_keys,0.25,2,normalized_entropy,0.9994646565616242,7.973453524763395e-17,96
cue_proportion_nochange,historical_clean,current_image_keys,0.25,3,normalized_entropy,0.9590051354895257,0.002843555826783114,96
cue_proportion_nochange,historical_clean,current_image_keys,0.25,4,normalized_entropy,0.9410437832565437,0.004181512843604371,96
cue_proportion_nochange,historical_clean,current_image_keys,0.25,5,normalized_entropy,0.9500410899842097,0.0036718194486925417,96
cue_proportion_nochange,historical_clean,current_image_keys,0.25,6,normalized_entropy,0.92753758398923,0.004890946266743273,96
cue_proportion_nochange,historical_clean,current_image_keys,0.25,0,effective_locations,3.994463711126229,0.0,96
cue_proportion_nochange,historical_clean,current_image_keys,0.25,1,effective_locations,1.1964126000653588,2.0503166206534447e-16,96
cue_proportion_nochange,historical_clean,current_image_keys,0.25,2,effective_locations,3.997032526922226,4.556259157007655e-17,96
cue_proportion_nochange,historical_clean,current_image_keys,0.25,3,effective_locations,3.7817805154108335,0.01471175306480381,96
cue_proportion_nochange,historical_clean,current_image_keys,0.25,4,effective_locations,3.6918592051823276,0.02081828754068949,96
cue_proportion_nochange,historical_clean,current_image_keys,0.25,5,effective_locations,3.73685834610024,0.018519622198833963,96
cue_proportion_nochange,historical_clean,current_image_keys,0.25,6,effective_locations,3.625446194502509,0.02383058731933328,96
cue_proportion_nochange,historical_clean,previous_hidden_state_keys,0.25,0,source_share,0.9960678964853287,0.0,96
cue_proportion_nochange,historical_clean,previous_hidden_state_keys,0.25,1,source_share,0.5371736716479063,0.0,96
cue_proportion_nochange,historical_clean,previous_hidden_state_keys,0.25,2,source_share,0.9816331192851067,0.0,96
cue_proportion_nochange,historical_clean,previous_hidden_state_keys,0.25,3,source_share,0.7169069598506516,0.0035772265153211423,96
cue_proportion_nochange,historical_clean,previous_hidden_state_keys,0.25,4,source_share,0.8477034707417866,0.0035568576605492465,96
cue_proportion_nochange,historical_clean,previous_hidden_state_keys,0.25,5,source_share,0.8826299286010908,0.00358395594410594,96
cue_proportion_nochange,historical_clean,previous_hidden_state_keys,0.25,6,source_share,0.8447903022727891,0.008034167028449063,96
cue_proportion_nochange,historical_clean,previous_hidden_state_keys,0.25,0,cue_raw,0.24901697412133217,0.0,96
cue_proportion_nochange,historical_clean,previous_hidden_state_keys,0.25,1,cue_raw,0.14627223648130894,0.0,96
cue_proportion_nochange,historical_clean,previous_hidden_state_keys,0.25,2,cue_raw,0.35408931970596313,0.0,96
cue_proportion_nochange,historical_clean,previous_hidden_state_keys,0.25,3,cue_raw,0.20823842488850156,0.0012747557247901684,96
cue_proportion_nochange,historical_clean,previous_hidden_state_keys,0.25,4,cue_raw,0.23349165743760145,0.007715519696441943,96
cue_proportion_nochange,historical_clean,previous_hidden_state_keys,0.25,5,cue_raw,0.2177244509124042,0.008083452638353396,96
cue_proportion_nochange,historical_clean,previous_hidden_state_keys,0.25,6,cue_raw,0.20892299374584886,0.016928430363975837,96
cue_proportion_nochange,historical_clean,previous_hidden_state_keys,0.25,0,cue_conditional,0.25,0.0,96
cue_proportion_nochange,historical_clean,previous_hidden_state_keys,0.25,1,cue_conditional,0.27229971274017367,6.264856340885524e-17,96
cue_proportion_nochange,historical_clean,previous_hidden_state_keys,0.25,2,cue_conditional,0.3607145202719273,3.417194367755741e-17,96
cue_proportion_nochange,historical_clean,previous_hidden_state_keys,0.25,3,cue_conditional,0.2903404516065288,0.000542473538906151,96
cue_proportion_nochange,historical_clean,previous_hidden_state_keys,0.25,4,cue_conditional,0.2754908407904617,0.009043024209482968,96
cue_proportion_nochange,historical_clean,previous_hidden_state_keys,0.25,5,cue_conditional,0.24695505258043274,0.00916116867140081,96
cue_proportion_nochange,historical_clean,previous_hidden_state_keys,0.25,6,cue_conditional,0.24661753640474457,0.018678542200269394,96
cue_proportion_nochange,historical_clean,previous_hidden_state_keys,0.25,0,target_raw,0.24901697412133217,0.0,96
cue_proportion_nochange,historical_clean,previous_hidden_state_keys,0.25,1,target_raw,0.14627223648130894,0.0,96
cue_proportion_nochange,historical_clean,previous_hidden_state_keys,0.25,2,target_raw,0.35408931970596313,0.0,96
cue_proportion_nochange,historical_clean,previous_hidden_state_keys,0.25,3,target_raw,0.20823842488850156,0.0012747557247901684,96
cue_proportion_nochange,historical_clean,previous_hidden_state_keys,0.25,4,target_raw,0.23349165743760145,0.007715519696441943,96
cue_proportion_nochange,historical_clean,previous_hidden_state_keys,0.25,5,target_raw,0.2177244509124042,0.008083452638353396,96
cue_proportion_nochange,historical_clean,previous_hidden_state_keys,0.25,6,target_raw,0.20892299374584886,0.016928430363975837,96
cue_proportion_nochange,historical_clean,previous_hidden_state_keys,0.25,0,target_conditional,0.25,0.0,96
cue_proportion_nochange,historical_clean,previous_hidden_state_keys,0.25,1,target_conditional,0.27229971274017367,6.264856340885524e-17,96
cue_proportion_nochange,historical_clean,previous_hidden_state_keys,0.25,2,target_conditional,0.3607145202719273,3.417194367755741e-17,96
cue_proportion_nochange,historical_clean,previous_hidden_state_keys,0.25,3,target_conditional,0.2903404516065288,0.000542473538906151,96
cue_proportion_nochange,historical_clean,previous_hidden_state_keys,0.25,4,target_conditional,0.2754908407904617,0.009043024209482968,96
cue_proportion_nochange,historical_clean,previous_hidden_state_keys,0.25,5,target_conditional,0.24695505258043274,0.00916116867140081,96
cue_proportion_nochange,historical_clean,previous_hidden_state_keys,0.25,6,target_conditional,0.24661753640474457,0.018678542200269394,96
cue_proportion_nochange,historical_clean,previous_hidden_state_keys,0.25,0,target_selectivity,0.0,0.0,96
cue_proportion_nochange,historical_clean,previous_hidden_state_keys,0.25,1,target_selectivity,0.02973295032023072,1.779788733206115e-18,96
cue_proportion_nochange,historical_clean,previous_hidden_state_keys,0.25,2,target_selectivity,0.14761936036257048,3.132428170442762e-17,96
cue_proportion_nochange,historical_clean,previous_hidden_state_keys,0.25,3,target_selectivity,0.05378726880870501,0.0007232980518748679,96
cue_proportion_nochange,historical_clean,previous_hidden_state_keys,0.25,4,target_selectivity,0.03398778772061561,0.012057365612643964,96
cue_proportion_nochange,historical_clean,previous_hidden_state_keys,0.25,5,target_selectivity,-0.004059929892756397,0.012214891561867744,96
cue_proportion_nochange,historical_clean,previous_hidden_state_keys,0.25,6,target_selectivity,-0.004509951460340733,0.02490472293369253,96
cue_proportion_nochange,historical_clean,previous_hidden_state_keys,0.25,0,max_raw_patch,0.24901697412133217,0.0,96
cue_proportion_nochange,historical_clean,previous_hidden_state_keys,0.25,1,max_raw_patch,0.14627223648130894,0.0,96
cue_proportion_nochange,historical_clean,previous_hidden_state_keys,0.25,2,max_raw_patch,0.35408931970596313,0.0,96
cue_proportion_nochange,historical_clean,previous_hidden_state_keys,0.25,3,max_raw_patch,0.20823842488850156,0.0012747557247901684,96
cue_proportion_nochange,historical_clean,previous_hidden_state_keys,0.25,4,max_raw_patch,0.3041564509039745,0.004774793344733915,96
cue_proportion_nochange,historical_clean,previous_hidden_state_keys,0.25,5,max_raw_patch,0.32990211659731966,0.006102183314656933,96
cue_proportion_nochange,historical_clean,previous_hidden_state_keys,0.25,6,max_raw_patch,0.42957685856769484,0.015439763327060582,96
cue_proportion_nochange,historical_clean,previous_hidden_state_keys,0.25,0,max_conditional_patch,0.25,0.0,96
cue_proportion_nochange,historical_clean,previous_hidden_state_keys,0.25,1,max_conditional_patch,0.27229971274017367,6.264856340885524e-17,96
cue_proportion_nochange,historical_clean,previous_hidden_state_keys,0.25,2,max_conditional_patch,0.3607145202719273,3.417194367755741e-17,96
cue_proportion_nochange,historical_clean,previous_hidden_state_keys,0.25,3,max_conditional_patch,0.2903404516065288,0.000542473538906151,96
cue_proportion_nochange,historical_clean,previous_hidden_state_keys,0.25,4,max_conditional_patch,0.35882755660481785,0.005463734503864971,96
cue_proportion_nochange,historical_clean,previous_hidden_state_keys,0.25,5,max_conditional_patch,0.3733524939452775,0.006444236158134041,96
cue_proportion_nochange,historical_clean,previous_hidden_state_keys,0.25,6,max_conditional_patch,0.5010442099316914,0.014448242948314002,96
cue_proportion_nochange,historical_clean,previous_hidden_state_keys,0.25,0,normalized_entropy,1.0,0.0,96
cue_proportion_nochange,historical_clean,previous_hidden_state_keys,0.25,1,normalized_entropy,0.9981960739361986,1.1390647892519137e-16,96
cue_proportion_nochange,historical_clean,previous_hidden_state_keys,0.25,2,normalized_entropy,0.9773419193103491,1.822503662803062e-16,96
cue_proportion_nochange,historical_clean,previous_hidden_state_keys,0.25,3,normalized_entropy,0.9969135386946988,7.956393602047518e-05,96
cue_proportion_nochange,historical_clean,previous_hidden_state_keys,0.25,4,normalized_entropy,0.9614282860306499,0.0027638772252243527,96
cue_proportion_nochange,historical_clean,previous_hidden_state_keys,0.25,5,normalized_entropy,0.9487070386532279,0.0040729807313020505,96
cue_proportion_nochange,historical_clean,previous_hidden_state_keys,0.25,6,normalized_entropy,0.8312305482359531,0.014500351293230497,96
cue_proportion_nochange,historical_clean,previous_hidden_state_keys,0.25,0,effective_locations,4.0,0.0,96
cue_proportion_nochange,historical_clean,previous_hidden_state_keys,0.25,1,effective_locations,3.9900094071861694,7.745640566913013e-16,96
cue_proportion_nochange,historical_clean,previous_hidden_state_keys,0.25,2,effective_locations,3.8763096954597427,5.467510988409185e-16,96
cue_proportion_nochange,historical_clean,previous_hidden_state_keys,0.25,3,effective_locations,3.9829238891383496,0.0004393046106612867,96
cue_proportion_nochange,historical_clean,previous_hidden_state_keys,0.25,4,effective_locations,3.7943433365117323,0.014276930988234763,96
cue_proportion_nochange,historical_clean,previous_hidden_state_keys,0.25,5,effective_locations,3.730987429791957,0.020485318936681665,96
cue_proportion_nochange,historical_clean,previous_hidden_state_keys,0.25,6,effective_locations,3.2208214471093144,0.05585905225421026,96
cue_proportion_nochange,interrupted_noisy,current_image_keys,0.25,0,source_share,0.0020025696212542243,0.0,96
cue_proportion_nochange,interrupted_noisy,current_image_keys,0.25,1,source_share,0.99603710735695,3.479504457988287e-05,96
cue_proportion_nochange,interrupted_noisy,current_image_keys,0.25,2,source_share,0.000381872432626551,5.2604315923513974e-06,96
cue_proportion_nochange,interrupted_noisy,current_image_keys,0.25,3,source_share,0.2461865326622501,0.004969434770722363,96
cue_proportion_nochange,interrupted_noisy,current_image_keys,0.25,4,source_share,0.13182853458783939,0.003225722755886761,96
cue_proportion_nochange,interrupted_noisy,current_image_keys,0.25,5,source_share,0.09715900182588182,0.002422909916190614,96
cue_proportion_nochange,interrupted_noisy,current_image_keys,0.25,6,source_share,0.052615510392746735,0.0036957896593571567,96
cue_proportion_nochange,interrupted_noisy,current_image_keys,0.25,0,cue_raw,0.0005122764559928328,0.0,96
cue_proportion_nochange,interrupted_noisy,current_image_keys,0.25,1,cue_raw,0.7489208089821204,1.3911574526388369e-05,96
cue_proportion_nochange,interrupted_noisy,current_image_keys,0.25,2,cue_raw,9.737168787182782e-05,1.3416727104716437e-06,96
cue_proportion_nochange,interrupted_noisy,current_image_keys,0.25,3,cue_raw,0.061601978552062064,0.0037305917309698707,96
cue_proportion_nochange,interrupted_noisy,current_image_keys,0.25,4,cue_raw,0.0323115694761024,0.002079011877498694,96
cue_proportion_nochange,interrupted_noisy,current_image_keys,0.25,5,cue_raw,0.022453179887331014,0.001434392479123765,96
cue_proportion_nochange,interrupted_noisy,current_image_keys,0.25,6,cue_raw,0.013261107942570996,0.0016616207661282406,96
cue_proportion_nochange,interrupted_noisy,current_image_keys,0.25,0,cue_conditional,0.25580956115372905,1.1390647892519137e-17,96
cue_proportion_nochange,interrupted_noisy,current_image_keys,0.25,1,cue_conditional,0.7519005819176124,2.5374328554448e-05,96
cue_proportion_nochange,interrupted_noisy,current_image_keys,0.25,2,cue_conditional,0.25498365755833236,1.3492812884040299e-06,96
cue_proportion_nochange,interrupted_noisy,current_image_keys,0.25,3,cue_conditional,0.24783357477870296,0.013240945834999426,96
cue_proportion_nochange,interrupted_noisy,current_image_keys,0.25,4,cue_conditional,0.24655307502896653,0.01481860415581155,96
cue_proportion_nochange,interrupted_noisy,current_image_keys,0.25,5,cue_conditional,0.24066589871874533,0.015256708682620707,96
cue_proportion_nochange,interrupted_noisy,current_image_keys,0.25,6,cue_conditional,0.24872499916704996,0.017369284678254836,96
cue_proportion_nochange,interrupted_noisy,current_image_keys,0.25,0,target_raw,0.0005122764559928328,0.0,96
cue_proportion_nochange,interrupted_noisy,current_image_keys,0.25,1,target_raw,0.7489208089821204,1.3911574526388369e-05,96
cue_proportion_nochange,interrupted_noisy,current_image_keys,0.25,2,target_raw,9.737168787182782e-05,1.3416727104716437e-06,96
cue_proportion_nochange,interrupted_noisy,current_image_keys,0.25,3,target_raw,0.061601978552062064,0.0037305917309698707,96
cue_proportion_nochange,interrupted_noisy,current_image_keys,0.25,4,target_raw,0.0323115694761024,0.002079011877498694,96
cue_proportion_nochange,interrupted_noisy,current_image_keys,0.25,5,target_raw,0.022453179887331014,0.001434392479123765,96
cue_proportion_nochange,interrupted_noisy,current_image_keys,0.25,6,target_raw,0.013261107942570996,0.0016616207661282406,96
cue_proportion_nochange,interrupted_noisy,current_image_keys,0.25,0,target_conditional,0.25580956115372905,1.1390647892519137e-17,96
cue_proportion_nochange,interrupted_noisy,current_image_keys,0.25,1,target_conditional,0.7519005819176124,2.5374328554448e-05,96
cue_proportion_nochange,interrupted_noisy,current_image_keys,0.25,2,target_conditional,0.25498365755833236,1.3492812884040299e-06,96
cue_proportion_nochange,interrupted_noisy,current_image_keys,0.25,3,target_conditional,0.24783357477870296,0.013240945834999426,96
cue_proportion_nochange,interrupted_noisy,current_image_keys,0.25,4,target_conditional,0.24655307502896653,0.01481860415581155,96
cue_proportion_nochange,interrupted_noisy,current_image_keys,0.25,5,target_conditional,0.24066589871874533,0.015256708682620707,96
cue_proportion_nochange,interrupted_noisy,current_image_keys,0.25,6,target_conditional,0.24872499916704996,0.017369284678254836,96
cue_proportion_nochange,interrupted_noisy,current_image_keys,0.25,0,target_selectivity,0.007746081538305573,1.868778169866421e-18,96
cue_proportion_nochange,interrupted_noisy,current_image_keys,0.25,1,target_selectivity,0.6692007758901498,3.383243807259727e-05,96
cue_proportion_nochange,interrupted_noisy,current_image_keys,0.25,2,target_selectivity,0.006644876744443081,1.7990417178718428e-06,96
cue_proportion_nochange,interrupted_noisy,current_image_keys,0.25,3,target_selectivity,-0.0028885669617293454,0.01765459444666591,96
cue_proportion_nochange,interrupted_noisy,current_image_keys,0.25,4,target_selectivity,-0.004595899961377838,0.019758138874415406,96
cue_proportion_nochange,interrupted_noisy,current_image_keys,0.25,5,target_selectivity,-0.0124454683750063,0.02034227824349427,96
cue_proportion_nochange,interrupted_noisy,current_image_keys,0.25,6,target_selectivity,-0.001700001110599964,0.023159046237673116,96
cue_proportion_nochange,interrupted_noisy,current_image_keys,0.25,0,max_raw_patch,0.0005371913575800136,0.0,96
cue_proportion_nochange,interrupted_noisy,current_image_keys,0.25,1,max_raw_patch,0.7489208089821204,1.3911574526388369e-05,96
cue_proportion_nochange,interrupted_noisy,current_image_keys,0.25,2,max_raw_patch,0.0001020428837629576,1.4060685439890925e-06,96
cue_proportion_nochange,interrupted_noisy,current_image_keys,0.25,3,max_raw_patch,0.1028560412863347,0.002901868804542134,96
cue_proportion_nochange,interrupted_noisy,current_image_keys,0.25,4,max_raw_patch,0.05904452227696311,0.002041338695348319,96
cue_proportion_nochange,interrupted_noisy,current_image_keys,0.25,5,max_raw_patch,0.04420216343108526,0.0017322765785051215,96
cue_proportion_nochange,interrupted_noisy,current_image_keys,0.25,6,max_raw_patch,0.02626784501872592,0.0020772080435592006,96
cue_proportion_nochange,interrupted_noisy,current_image_keys,0.25,0,max_conditional_patch,0.26825102701975817,1.1390647892519137e-17,96
cue_proportion_nochange,interrupted_noisy,current_image_keys,0.25,1,max_conditional_patch,0.7519005819176124,2.5374328554448e-05,96
cue_proportion_nochange,interrupted_noisy,current_image_keys,0.25,2,max_conditional_patch,0.2672158586049694,1.520667092108834e-06,96
cue_proportion_nochange,interrupted_noisy,current_image_keys,0.25,3,max_conditional_patch,0.4175362985601609,0.009600273586257257,96
cue_proportion_nochange,interrupted_noisy,current_image_keys,0.25,4,max_conditional_patch,0.4454192468097207,0.011228035956632094,96
cue_proportion_nochange,interrupted_noisy,current_image_keys,0.25,5,max_conditional_patch,0.44708921162154086,0.010991746025517656,96
cue_proportion_nochange,interrupted_noisy,current_image_keys,0.25,6,max_conditional_patch,0.4742051949845256,0.013518334955587947,96
cue_proportion_nochange,interrupted_noisy,current_image_keys,0.25,0,normalized_entropy,0.9990166238567765,1.594690704952679e-16,96
cue_proportion_nochange,interrupted_noisy,current_image_keys,0.25,1,normalized_entropy,0.6004478296420368,4.0376657190832164e-05,96
cue_proportion_nochange,interrupted_noisy,current_image_keys,0.25,2,normalized_entropy,0.9991528384653586,1.412829677529863e-07,96
cue_proportion_nochange,interrupted_noisy,current_image_keys,0.25,3,normalized_entropy,0.9169478448337175,0.005772390265021703,96
cue_proportion_nochange,interrupted_noisy,current_image_keys,0.25,4,normalized_entropy,0.8872583560810862,0.007869653086727612,96
cue_proportion_nochange,interrupted_noisy,current_image_keys,0.25,5,normalized_entropy,0.8814448586712423,0.0074312397829115985,96
cue_proportion_nochange,interrupted_noisy,current_image_keys,0.25,6,normalized_entropy,0.8494411750310448,0.010352577627576826,96
cue_proportion_nochange,interrupted_noisy,current_image_keys,0.25,0,effective_locations,3.9945507199973203,2.7337554942045927e-16,96
cue_proportion_nochange,interrupted_noisy,current_image_keys,0.25,1,effective_locations,2.298823773260255,0.00012866502689767108,96
cue_proportion_nochange,interrupted_noisy,current_image_keys,0.25,2,effective_locations,3.995305096396395,7.825195773530071e-07,96
cue_proportion_nochange,interrupted_noisy,current_image_keys,0.25,3,effective_locations,3.575693695128764,0.028053932015692288,96
cue_proportion_nochange,interrupted_noisy,current_image_keys,0.25,4,effective_locations,3.4402059236978713,0.0363779261626944,96
cue_proportion_nochange,interrupted_noisy,current_image_keys,0.25,5,effective_locations,3.410814569474082,0.03485713386640748,96
cue_proportion_nochange,interrupted_noisy,current_image_keys,0.25,6,effective_locations,3.2781214307082798,0.04650302029378321,96
cue_proportion_nochange,interrupted_noisy,previous_hidden_state_keys,0.25,0,source_share,0.99799744784832,0.0,96
cue_proportion_nochange,interrupted_noisy,previous_hidden_state_keys,0.25,1,source_share,0.003962871172461746,3.4794938504244004e-05,96
cue_proportion_nochange,interrupted_noisy,previous_hidden_state_keys,0.25,2,source_share,0.9996181289025117,5.2605364062156444e-06,96
cue_proportion_nochange,interrupted_noisy,previous_hidden_state_keys,0.25,3,source_share,0.7538134659601686,0.004969434682665495,96
cue_proportion_nochange,interrupted_noisy,previous_hidden_state_keys,0.25,4,source_share,0.8681714698662594,0.0032257229086544237,96
cue_proportion_nochange,interrupted_noisy,previous_hidden_state_keys,0.25,5,source_share,0.9028409986106757,0.002422909613693755,96
cue_proportion_nochange,interrupted_noisy,previous_hidden_state_keys,0.25,6,source_share,0.9473844888343592,0.0036957899774104283,96
cue_proportion_nochange,interrupted_noisy,previous_hidden_state_keys,0.25,0,cue_raw,0.24949936196208,0.0,96
cue_proportion_nochange,interrupted_noisy,previous_hidden_state_keys,0.25,1,cue_raw,0.0010146776468597334,1.9104012539027754e-05,96
cue_proportion_nochange,interrupted_noisy,previous_hidden_state_keys,0.25,2,cue_raw,0.12309052514804837,0.002457928437619548,96
cue_proportion_nochange,interrupted_noisy,previous_hidden_state_keys,0.25,3,cue_raw,0.20824990997789428,0.0016926145203344858,96
cue_proportion_nochange,interrupted_noisy,previous_hidden_state_keys,0.25,4,cue_raw,0.32880678462485474,0.009965796812290558,96
cue_proportion_nochange,interrupted_noisy,previous_hidden_state_keys,0.25,5,cue_raw,0.3700435838933724,0.010739719339620417,96
cue_proportion_nochange,interrupted_noisy,previous_hidden_state_keys,0.25,6,cue_raw,0.485098299793511,0.025528907069830013,96
cue_proportion_nochange,interrupted_noisy,previous_hidden_state_keys,0.25,0,cue_conditional,0.25,0.0,96
cue_proportion_nochange,interrupted_noisy,previous_hidden_state_keys,0.25,1,cue_conditional,0.2558924193108772,0.004153406563707444,96
cue_proportion_nochange,interrupted_noisy,previous_hidden_state_keys,0.25,2,cue_conditional,0.12313830266624566,0.0024593055769785966,96
cue_proportion_nochange,interrupted_noisy,previous_hidden_state_keys,0.25,3,cue_conditional,0.27673726798728865,0.0021954606441216104,96
cue_proportion_nochange,interrupted_noisy,previous_hidden_state_keys,0.25,4,cue_conditional,0.37798244191265923,0.011235897257282666,96
cue_proportion_nochange,interrupted_noisy,previous_hidden_state_keys,0.25,5,cue_conditional,0.40891398481297503,0.011581684789588086,96
cue_proportion_nochange,interrupted_noisy,previous_hidden_state_keys,0.25,6,cue_conditional,0.5078772026232506,0.025617269964497362,96
cue_proportion_nochange,interrupted_noisy,previous_hidden_state_keys,0.25,0,target_raw,0.24949936196208,0.0,96
cue_proportion_nochange,interrupted_noisy,previous_hidden_state_keys,0.25,1,target_raw,0.0010146776468597334,1.9104012539027754e-05,96
cue_proportion_nochange,interrupted_noisy,previous_hidden_state_keys,0.25,2,target_raw,0.12309052514804837,0.002457928437619548,96
cue_proportion_nochange,interrupted_noisy,previous_hidden_state_keys,0.25,3,target_raw,0.20824990997789428,0.0016926145203344858,96
cue_proportion_nochange,interrupted_noisy,previous_hidden_state_keys,0.25,4,target_raw,0.32880678462485474,0.009965796812290558,96
cue_proportion_nochange,interrupted_noisy,previous_hidden_state_keys,0.25,5,target_raw,0.3700435838933724,0.010739719339620417,96
cue_proportion_nochange,interrupted_noisy,previous_hidden_state_keys,0.25,6,target_raw,0.485098299793511,0.025528907069830013,96
cue_proportion_nochange,interrupted_noisy,previous_hidden_state_keys,0.25,0,target_conditional,0.25,0.0,96
cue_proportion_nochange,interrupted_noisy,previous_hidden_state_keys,0.25,1,target_conditional,0.2558924193108772,0.004153406563707444,96
cue_proportion_nochange,interrupted_noisy,previous_hidden_state_keys,0.25,2,target_conditional,0.12313830266624566,0.0024593055769785966,96
cue_proportion_nochange,interrupted_noisy,previous_hidden_state_keys,0.25,3,target_conditional,0.27673726798728865,0.0021954606441216104,96
cue_proportion_nochange,interrupted_noisy,previous_hidden_state_keys,0.25,4,target_conditional,0.37798244191265923,0.011235897257282666,96
cue_proportion_nochange,interrupted_noisy,previous_hidden_state_keys,0.25,5,target_conditional,0.40891398481297503,0.011581684789588086,96
cue_proportion_nochange,interrupted_noisy,previous_hidden_state_keys,0.25,6,target_conditional,0.5078772026232506,0.025617269964497362,96
cue_proportion_nochange,interrupted_noisy,previous_hidden_state_keys,0.25,0,target_selectivity,0.0,0.0,96
cue_proportion_nochange,interrupted_noisy,previous_hidden_state_keys,0.25,1,target_selectivity,0.00785655908116954,0.005537875418276592,96
cue_proportion_nochange,interrupted_noisy,previous_hidden_state_keys,0.25,2,target_selectivity,-0.1691489297783391,0.0032790741026381283,96
cue_proportion_nochange,interrupted_noisy,previous_hidden_state_keys,0.25,3,target_selectivity,0.03564969064971823,0.002927280858828814,96
cue_proportion_nochange,interrupted_noisy,previous_hidden_state_keys,0.25,4,target_selectivity,0.17064325588354556,0.014981196343043554,96
cue_proportion_nochange,interrupted_noisy,previous_hidden_state_keys,0.25,5,target_selectivity,0.21188531308396633,0.01544224638611745,96
cue_proportion_nochange,interrupted_noisy,previous_hidden_state_keys,0.25,6,target_selectivity,0.3438362701643343,0.03415635995266315,96
cue_proportion_nochange,interrupted_noisy,previous_hidden_state_keys,0.25,0,max_raw_patch,0.24949936196208,0.0,96
cue_proportion_nochange,interrupted_noisy,previous_hidden_state_keys,0.25,1,max_raw_patch,0.0011933057701298821,1.5343564517898426e-05,96
cue_proportion_nochange,interrupted_noisy,previous_hidden_state_keys,0.25,2,max_raw_patch,0.36148281674832106,0.004211540260199693,96
cue_proportion_nochange,interrupted_noisy,previous_hidden_state_keys,0.25,3,max_raw_patch,0.2109467228098462,0.001462293571504338,96
cue_proportion_nochange,interrupted_noisy,previous_hidden_state_keys,0.25,4,max_raw_patch,0.3489961627443942,0.007680748847701557,96
cue_proportion_nochange,interrupted_noisy,previous_hidden_state_keys,0.25,5,max_raw_patch,0.3870212537003681,0.008517315552682652,96
cue_proportion_nochange,interrupted_noisy,previous_hidden_state_keys,0.25,6,max_raw_patch,0.5655114462133497,0.019720602517952452,96
cue_proportion_nochange,interrupted_noisy,previous_hidden_state_keys,0.25,0,max_conditional_patch,0.25,0.0,96
cue_proportion_nochange,interrupted_noisy,previous_hidden_state_keys,0.25,1,max_conditional_patch,0.30097912556106937,0.0026275213318230173,96
cue_proportion_nochange,interrupted_noisy,previous_hidden_state_keys,0.25,2,max_conditional_patch,0.3616201395003109,0.004212389573226302,96
cue_proportion_nochange,interrupted_noisy,previous_hidden_state_keys,0.25,3,max_conditional_patch,0.2803068461188319,0.0018310838241747441,96
cue_proportion_nochange,interrupted_noisy,previous_hidden_state_keys,0.25,4,max_conditional_patch,0.4017535478413061,0.008607567964826071,96
cue_proportion_nochange,interrupted_noisy,previous_hidden_state_keys,0.25,5,max_conditional_patch,0.4281586090155815,0.00911916064120986,96
cue_proportion_nochange,interrupted_noisy,previous_hidden_state_keys,0.25,6,max_conditional_patch,0.592519099998967,0.019138182572753563,96
cue_proportion_nochange,interrupted_noisy,previous_hidden_state_keys,0.25,0,normalized_entropy,1.0,0.0,96
cue_proportion_nochange,interrupted_noisy,previous_hidden_state_keys,0.25,1,normalized_entropy,0.9908959238227903,0.00068055516839945,96
cue_proportion_nochange,interrupted_noisy,previous_hidden_state_keys,0.25,2,normalized_entropy,0.9482486220075598,0.002119761404510877,96
cue_proportion_nochange,interrupted_noisy,previous_hidden_state_keys,0.25,3,normalized_entropy,0.996655928269444,0.0004170216683532555,96
cue_proportion_nochange,interrupted_noisy,previous_hidden_state_keys,0.25,4,normalized_entropy,0.9339744090614044,0.005734886429820973,96
cue_proportion_nochange,interrupted_noisy,previous_hidden_state_keys,0.25,5,normalized_entropy,0.9178844559797485,0.006029424539871549,96
cue_proportion_nochange,interrupted_noisy,previous_hidden_state_keys,0.25,6,normalized_entropy,0.7153105221188382,0.02407341257610178,96
cue_proportion_nochange,interrupted_noisy,previous_hidden_state_keys,0.25,0,effective_locations,4.0,0.0,96
cue_proportion_nochange,interrupted_noisy,previous_hidden_state_keys,0.25,1,effective_locations,3.9499999635357903,0.003707982460713373,96
cue_proportion_nochange,interrupted_noisy,previous_hidden_state_keys,0.25,2,effective_locations,3.7245983868698684,0.01083280068423797,96
cue_proportion_nochange,interrupted_noisy,previous_hidden_state_keys,0.25,3,effective_locations,3.981562168976215,0.0022755076987620833,96
cue_proportion_nochange,interrupted_noisy,previous_hidden_state_keys,0.25,4,effective_locations,3.660725609370789,0.027630631685682076,96
cue_proportion_nochange,interrupted_noisy,previous_hidden_state_keys,0.25,5,effective_locations,3.5811978779843767,0.028911567630581926,96
cue_proportion_nochange,interrupted_noisy,previous_hidden_state_keys,0.25,6,effective_locations,2.8234071722179706,0.07829532029184727,96
cue_proportion_nochange,historical_clean,current_image_keys,0.5,0,source_share,0.003932131236069836,0.0,96
cue_proportion_nochange,historical_clean,current_image_keys,0.5,1,source_share,0.466626959037967,0.0,96
cue_proportion_nochange,historical_clean,current_image_keys,0.5,2,source_share,0.01708709023660049,0.0,96
cue_proportion_nochange,historical_clean,current_image_keys,0.5,3,source_share,0.2734557589331719,0.0035368720540348815,96
cue_proportion_nochange,historical_clean,current_image_keys,0.5,4,source_share,0.14592182915779026,0.00333547471778096,96
cue_proportion_nochange,historical_clean,current_image_keys,0.5,5,source_share,0.11399685093359342,0.003373822872547318,96
cue_proportion_nochange,historical_clean,current_image_keys,0.5,6,source_share,0.15044224622427768,0.0078718935392137,96
cue_proportion_nochange,historical_clean,current_image_keys,0.5,0,cue_raw,0.0009544016065774485,0.0,96
cue_proportion_nochange,historical_clean,current_image_keys,0.5,1,cue_raw,0.45235423650592566,0.0,96
cue_proportion_nochange,historical_clean,current_image_keys,0.5,2,cue_raw,0.00421081407694146,0.0,96
cue_proportion_nochange,historical_clean,current_image_keys,0.5,3,cue_raw,0.06980454264460907,0.002710125080610906,96
cue_proportion_nochange,historical_clean,current_image_keys,0.5,4,cue_raw,0.038487327311789464,0.0018762764249075309,96
cue_proportion_nochange,historical_clean,current_image_keys,0.5,5,cue_raw,0.029188526187984582,0.001374430167192802,96
cue_proportion_nochange,historical_clean,current_image_keys,0.5,6,cue_raw,0.03652443706808602,0.002648676219987909,96
cue_proportion_nochange,historical_clean,current_image_keys,0.5,0,cue_conditional,0.2427186554260006,5.695323946259569e-18,96
cue_proportion_nochange,historical_clean,current_image_keys,0.5,1,cue_conditional,0.9694129919937199,2.0503166206534447e-16,96
cue_proportion_nochange,historical_clean,current_image_keys,0.5,2,cue_conditional,0.2464324831574842,1.423830986564892e-17,96
cue_proportion_nochange,historical_clean,current_image_keys,0.5,3,cue_conditional,0.25556857255528265,0.009208803865677188,96
cue_proportion_nochange,historical_clean,current_image_keys,0.5,4,cue_conditional,0.2613318277660566,0.011130468120118026,96
cue_proportion_nochange,historical_clean,current_image_keys,0.5,5,cue_conditional,0.2547408224020028,0.009341239002898087,96
cue_proportion_nochange,historical_clean,current_image_keys,0.5,6,cue_conditional,0.23847269009131564,0.010997260258838478,96
cue_proportion_nochange,historical_clean,current_image_keys,0.5,0,target_raw,0.0009544016065774485,0.0,96
cue_proportion_nochange,historical_clean,current_image_keys,0.5,1,target_raw,0.45235423650592566,0.0,96
cue_proportion_nochange,historical_clean,current_image_keys,0.5,2,target_raw,0.00421081407694146,0.0,96
cue_proportion_nochange,historical_clean,current_image_keys,0.5,3,target_raw,0.06980454264460907,0.002710125080610906,96
cue_proportion_nochange,historical_clean,current_image_keys,0.5,4,target_raw,0.038487327311789464,0.0018762764249075309,96
cue_proportion_nochange,historical_clean,current_image_keys,0.5,5,target_raw,0.029188526187984582,0.001374430167192802,96
cue_proportion_nochange,historical_clean,current_image_keys,0.5,6,target_raw,0.03652443706808602,0.002648676219987909,96
cue_proportion_nochange,historical_clean,current_image_keys,0.5,0,target_conditional,0.2427186554260006,5.695323946259569e-18,96
cue_proportion_nochange,historical_clean,current_image_keys,0.5,1,target_conditional,0.9694129919937199,2.0503166206534447e-16,96
cue_proportion_nochange,historical_clean,current_image_keys,0.5,2,target_conditional,0.2464324831574842,1.423830986564892e-17,96
cue_proportion_nochange,historical_clean,current_image_keys,0.5,3,target_conditional,0.25556857255528265,0.009208803865677188,96
cue_proportion_nochange,historical_clean,current_image_keys,0.5,4,target_conditional,0.2613318277660566,0.011130468120118026,96
cue_proportion_nochange,historical_clean,current_image_keys,0.5,5,target_conditional,0.2547408224020028,0.009341239002898087,96
cue_proportion_nochange,historical_clean,current_image_keys,0.5,6,target_conditional,0.23847269009131564,0.010997260258838478,96
cue_proportion_nochange,historical_clean,current_image_keys,0.5,0,target_selectivity,-0.009708459431999153,1.9577676065267264e-18,96
cue_proportion_nochange,historical_clean,current_image_keys,0.5,1,target_selectivity,0.9592173226582902,3.417194367755741e-17,96
cue_proportion_nochange,historical_clean,current_image_keys,0.5,2,target_selectivity,-0.004756689123354585,0.0,96
cue_proportion_nochange,historical_clean,current_image_keys,0.5,3,target_selectivity,0.007424763407043522,0.012278405154236251,96
cue_proportion_nochange,historical_clean,current_image_keys,0.5,4,target_selectivity,0.015109103688075512,0.014840624160157363,96
cue_proportion_nochange,historical_clean,current_image_keys,0.5,5,target_selectivity,0.006321096536003793,0.012454985337197452,96
cue_proportion_nochange,historical_clean,current_image_keys,0.5,6,target_selectivity,-0.015369746544912426,0.014663013678451301,96
cue_proportion_nochange,historical_clean,current_image_keys,0.5,0,max_raw_patch,0.0010343765170546249,0.0,96
cue_proportion_nochange,historical_clean,current_image_keys,0.5,1,max_raw_patch,0.45235423650592566,0.0,96
cue_proportion_nochange,historical_clean,current_image_keys,0.5,2,max_raw_patch,0.004443131270818412,0.0,96
cue_proportion_nochange,historical_clean,current_image_keys,0.5,3,max_raw_patch,0.09962362190708518,0.0021700474192760245,96
cue_proportion_nochange,historical_clean,current_image_keys,0.5,4,max_raw_patch,0.05638916740038743,0.0017257068931720357,96
cue_proportion_nochange,historical_clean,current_image_keys,0.5,5,max_raw_patch,0.04265958945567642,0.001387726949728208,96
cue_proportion_nochange,historical_clean,current_image_keys,0.5,6,max_raw_patch,0.06118033173455236,0.003568757470112491,96
cue_proportion_nochange,historical_clean,current_image_keys,0.5,0,max_conditional_patch,0.26305747569312715,5.1257915516336117e-17,96
cue_proportion_nochange,historical_clean,current_image_keys,0.5,1,max_conditional_patch,0.9694129919937199,2.0503166206534447e-16,96
cue_proportion_nochange,historical_clean,current_image_keys,0.5,2,max_conditional_patch,0.26002854841260503,5.1257915516336117e-17,96
cue_proportion_nochange,historical_clean,current_image_keys,0.5,3,max_conditional_patch,0.3628477887620211,0.00567788344486548,96
cue_proportion_nochange,historical_clean,current_image_keys,0.5,4,max_conditional_patch,0.38531696898331796,0.0069510589941151205,96
cue_proportion_nochange,historical_clean,current_image_keys,0.5,5,max_conditional_patch,0.37491654440418315,0.0066988636164190185,96
cue_proportion_nochange,historical_clean,current_image_keys,0.5,6,max_conditional_patch,0.40314369498594443,0.007691000021942345,96
cue_proportion_nochange,historical_clean,current_image_keys,0.5,0,normalized_entropy,0.9990009113721025,2.0503166206534447e-16,96
cue_proportion_nochange,historical_clean,current_image_keys,0.5,1,normalized_entropy,0.12279600080936014,1.2814478879084029e-17,96
cue_proportion_nochange,historical_clean,current_image_keys,0.5,2,normalized_entropy,0.9994634662948415,5.695323946259568e-17,96
cue_proportion_nochange,historical_clean,current_image_keys,0.5,3,normalized_entropy,0.9590552755964019,0.002839458500372957,96
cue_proportion_nochange,historical_clean,current_image_keys,0.5,4,normalized_entropy,0.9412475438052922,0.004153331545334769,96
cue_proportion_nochange,historical_clean,current_image_keys,0.5,5,normalized_entropy,0.9501668001675725,0.003673649168583946,96
cue_proportion_nochange,historical_clean,current_image_keys,0.5,6,normalized_entropy,0.9275823219525083,0.004893557850114006,96
cue_proportion_nochange,historical_clean,current_image_keys,0.5,0,effective_locations,3.994463711126229,0.0,96
cue_proportion_nochange,historical_clean,current_image_keys,0.5,1,effective_locations,1.1855791667373277,1.594690704952679e-16,96
cue_proportion_nochange,historical_clean,current_image_keys,0.5,2,effective_locations,3.9970259315836656,2.7337554942045927e-16,96
cue_proportion_nochange,historical_clean,current_image_keys,0.5,3,effective_locations,3.7820355106616095,0.014692227575090788,96
cue_proportion_nochange,historical_clean,current_image_keys,0.5,4,effective_locations,3.6928267782887865,0.020695654122555793,96
cue_proportion_nochange,historical_clean,current_image_keys,0.5,5,effective_locations,3.737513343441132,0.018527371638545037,96
cue_proportion_nochange,historical_clean,current_image_keys,0.5,6,effective_locations,3.625678285674532,0.023840158050662183,96
cue_proportion_nochange,historical_clean,previous_hidden_state_keys,0.5,0,source_share,0.9960678964853287,0.0,96
cue_proportion_nochange,historical_clean,previous_hidden_state_keys,0.5,1,source_share,0.5333730410784483,0.0,96
cue_proportion_nochange,historical_clean,previous_hidden_state_keys,0.5,2,source_share,0.9829129129648209,0.0,96
cue_proportion_nochange,historical_clean,previous_hidden_state_keys,0.5,3,source_share,0.7265442408776531,0.0035368720067572826,96
cue_proportion_nochange,historical_clean,previous_hidden_state_keys,0.5,4,source_share,0.8540781682531815,0.00333547444096313,96
cue_proportion_nochange,historical_clean,previous_hidden_state_keys,0.5,5,source_share,0.8860031470248941,0.0033738228555139555,96
cue_proportion_nochange,historical_clean,previous_hidden_state_keys,0.5,6,source_share,0.8495577533340111,0.007871894013388663,96
cue_proportion_nochange,historical_clean,previous_hidden_state_keys,0.5,0,cue_raw,0.24901697412133217,0.0,96
cue_proportion_nochange,historical_clean,previous_hidden_state_keys,0.5,1,cue_raw,0.1430362556129694,0.0,96
cue_proportion_nochange,historical_clean,previous_hidden_state_keys,0.5,2,cue_raw,0.4075723886489868,0.0,96
cue_proportion_nochange,historical_clean,previous_hidden_state_keys,0.5,3,cue_raw,0.2388293386126558,0.001568258658955609,96
cue_proportion_nochange,historical_clean,previous_hidden_state_keys,0.5,4,cue_raw,0.2934499406837858,0.00892580230762292,96
cue_proportion_nochange,historical_clean,previous_hidden_state_keys,0.5,5,cue_raw,0.2692241538121986,0.009512524165093395,96
cue_proportion_nochange,historical_clean,previous_hidden_state_keys,0.5,6,cue_raw,0.2663450952095445,0.02055378548441916,96
cue_proportion_nochange,historical_clean,previous_hidden_state_keys,0.5,0,cue_conditional,0.25,0.0,96
cue_proportion_nochange,historical_clean,previous_hidden_state_keys,0.5,1,cue_conditional,0.26817301325121085,1.1390647892519137e-17,96
cue_proportion_nochange,historical_clean,previous_hidden_state_keys,0.5,2,cue_conditional,0.41465768052593915,1.1390647892519137e-17,96
cue_proportion_nochange,historical_clean,previous_hidden_state_keys,0.5,3,cue_conditional,0.32851301004341377,0.0008539959894197855,96
cue_proportion_nochange,historical_clean,previous_hidden_state_keys,0.5,4,cue_conditional,0.3430787530839267,0.010149669625165553,96
cue_proportion_nochange,historical_clean,previous_hidden_state_keys,0.5,5,cue_conditional,0.30356703843030974,0.01053112739768223,96
cue_proportion_nochange,historical_clean,previous_hidden_state_keys,0.5,6,cue_conditional,0.3094198634535812,0.021944916718921424,96
cue_proportion_nochange,historical_clean,previous_hidden_state_keys,0.5,0,target_raw,0.24901697412133217,0.0,96
cue_proportion_nochange,historical_clean,previous_hidden_state_keys,0.5,1,target_raw,0.1430362556129694,0.0,96
cue_proportion_nochange,historical_clean,previous_hidden_state_keys,0.5,2,target_raw,0.4075723886489868,0.0,96
cue_proportion_nochange,historical_clean,previous_hidden_state_keys,0.5,3,target_raw,0.2388293386126558,0.001568258658955609,96
cue_proportion_nochange,historical_clean,previous_hidden_state_keys,0.5,4,target_raw,0.2934499406837858,0.00892580230762292,96
cue_proportion_nochange,historical_clean,previous_hidden_state_keys,0.5,5,target_raw,0.2692241538121986,0.009512524165093395,96
cue_proportion_nochange,historical_clean,previous_hidden_state_keys,0.5,6,target_raw,0.2663450952095445,0.02055378548441916,96
cue_proportion_nochange,historical_clean,previous_hidden_state_keys,0.5,0,target_conditional,0.25,0.0,96
cue_proportion_nochange,historical_clean,previous_hidden_state_keys,0.5,1,target_conditional,0.26817301325121085,1.1390647892519137e-17,96
cue_proportion_nochange,historical_clean,previous_hidden_state_keys,0.5,2,target_conditional,0.41465768052593915,1.1390647892519137e-17,96
cue_proportion_nochange,historical_clean,previous_hidden_state_keys,0.5,3,target_conditional,0.32851301004341377,0.0008539959894197855,96
cue_proportion_nochange,historical_clean,previous_hidden_state_keys,0.5,4,target_conditional,0.3430787530839267,0.010149669625165553,96
cue_proportion_nochange,historical_clean,previous_hidden_state_keys,0.5,5,target_conditional,0.30356703843030974,0.01053112739768223,96
cue_proportion_nochange,historical_clean,previous_hidden_state_keys,0.5,6,target_conditional,0.3094198634535812,0.021944916718921424,96
cue_proportion_nochange,historical_clean,previous_hidden_state_keys,0.5,0,target_selectivity,0.0,0.0,96
cue_proportion_nochange,historical_clean,previous_hidden_state_keys,0.5,1,target_selectivity,0.024230684334948002,4.271492959694676e-18,96
cue_proportion_nochange,historical_clean,previous_hidden_state_keys,0.5,2,target_selectivity,0.21954357403458513,2.847661973129784e-17,96
cue_proportion_nochange,historical_clean,previous_hidden_state_keys,0.5,3,target_selectivity,0.10468401339121843,0.0011386613192263806,96
cue_proportion_nochange,historical_clean,previous_hidden_state_keys,0.5,4,target_selectivity,0.12410500411190224,0.01353289283355407,96
cue_proportion_nochange,historical_clean,previous_hidden_state_keys,0.5,5,target_selectivity,0.07142271790707966,0.01404150319690964,96
cue_proportion_nochange,historical_clean,previous_hidden_state_keys,0.5,6,target_selectivity,0.0792264846047751,0.0292598889585619,96
cue_proportion_nochange,historical_clean,previous_hidden_state_keys,0.5,0,max_raw_patch,0.24901697412133217,0.0,96
cue_proportion_nochange,historical_clean,previous_hidden_state_keys,0.5,1,max_raw_patch,0.1430362556129694,0.0,96
cue_proportion_nochange,historical_clean,previous_hidden_state_keys,0.5,2,max_raw_patch,0.4075723886489868,0.0,96
cue_proportion_nochange,historical_clean,previous_hidden_state_keys,0.5,3,max_raw_patch,0.2388293386126558,0.001568258658955609,96
cue_proportion_nochange,historical_clean,previous_hidden_state_keys,0.5,4,max_raw_patch,0.32434489007573575,0.006381782448334937,96
cue_proportion_nochange,historical_clean,previous_hidden_state_keys,0.5,5,max_raw_patch,0.33315705313968164,0.0064678754544573785,96
cue_proportion_nochange,historical_clean,previous_hidden_state_keys,0.5,6,max_raw_patch,0.4356122091412544,0.01653225640567146,96
cue_proportion_nochange,historical_clean,previous_hidden_state_keys,0.5,0,max_conditional_patch,0.25,0.0,96
cue_proportion_nochange,historical_clean,previous_hidden_state_keys,0.5,1,max_conditional_patch,0.26817301325121085,1.1390647892519137e-17,96
cue_proportion_nochange,historical_clean,previous_hidden_state_keys,0.5,2,max_conditional_patch,0.41465768052593915,1.1390647892519137e-17,96
cue_proportion_nochange,historical_clean,previous_hidden_state_keys,0.5,3,max_conditional_patch,0.32851301004341377,0.0008539959894197855,96
cue_proportion_nochange,historical_clean,previous_hidden_state_keys,0.5,4,max_conditional_patch,0.3796174315659282,0.0071896748784831994,96
cue_proportion_nochange,historical_clean,previous_hidden_state_keys,0.5,5,max_conditional_patch,0.37574369109633743,0.006956807885232698,96
cue_proportion_nochange,historical_clean,previous_hidden_state_keys,0.5,6,max_conditional_patch,0.50454399885821,0.015521063707452456,96
cue_proportion_nochange,historical_clean,previous_hidden_state_keys,0.5,0,normalized_entropy,1.0,0.0,96
cue_proportion_nochange,historical_clean,previous_hidden_state_keys,0.5,1,normalized_entropy,0.9985339469984874,2.392036057429019e-16,96
cue_proportion_nochange,historical_clean,previous_hidden_state_keys,0.5,2,normalized_entropy,0.9524244926980002,1.1390647892519137e-17,96
cue_proportion_nochange,historical_clean,previous_hidden_state_keys,0.5,3,normalized_entropy,0.9887169538733415,0.00022893545824873064,96
cue_proportion_nochange,historical_clean,previous_hidden_state_keys,0.5,4,normalized_entropy,0.9494183553060687,0.004102058562454526,96
cue_proportion_nochange,historical_clean,previous_hidden_state_keys,0.5,5,normalized_entropy,0.946943240323075,0.004631870210857477,96
cue_proportion_nochange,historical_clean,previous_hidden_state_keys,0.5,6,normalized_entropy,0.8225253823821302,0.016607986058705414,96
cue_proportion_nochange,historical_clean,previous_hidden_state_keys,0.5,0,effective_locations,4.0,0.0,96
cue_proportion_nochange,historical_clean,previous_hidden_state_keys,0.5,1,effective_locations,3.9918787315149693,5.01188507270842e-16,96
cue_proportion_nochange,historical_clean,previous_hidden_state_keys,0.5,2,effective_locations,3.7446969917650876,7.290014651212248e-16,96
cue_proportion_nochange,historical_clean,previous_hidden_state_keys,0.5,3,effective_locations,3.9379391366154266,0.001250717720615965,96
cue_proportion_nochange,historical_clean,previous_hidden_state_keys,0.5,4,effective_locations,3.734706652625096,0.020425406033295308,96
cue_proportion_nochange,historical_clean,previous_hidden_state_keys,0.5,5,effective_locations,3.723390826976216,0.0227489537604475,96
cue_proportion_nochange,historical_clean,previous_hidden_state_keys,0.5,6,effective_locations,3.197794316731473,0.06151967020950582,96
cue_proportion_nochange,interrupted_noisy,current_image_keys,0.5,0,source_share,0.0020025696212542243,0.0,96
cue_proportion_nochange,interrupted_noisy,current_image_keys,0.5,1,source_share,0.9957335162157138,3.860208739377463e-05,96
cue_proportion_nochange,interrupted_noisy,current_image_keys,0.5,2,source_share,0.00038030266978239524,5.228275472821234e-06,96
cue_proportion_nochange,interrupted_noisy,current_image_keys,0.5,3,source_share,0.2463637985298798,0.004974972083996995,96
cue_proportion_nochange,interrupted_noisy,current_image_keys,0.5,4,source_share,0.13184682271336592,0.0032237304678208985,96
cue_proportion_nochange,interrupted_noisy,current_image_keys,0.5,5,source_share,0.09711325477352754,0.0024234157451619273,96
cue_proportion_nochange,interrupted_noisy,current_image_keys,0.5,6,source_share,0.05255424754761743,0.0036956170824585257,96
cue_proportion_nochange,interrupted_noisy,current_image_keys,0.5,0,cue_raw,0.0005122764559928328,0.0,96
cue_proportion_nochange,interrupted_noisy,current_image_keys,0.5,1,cue_raw,0.7488951024818865,1.4074529180808346e-05,96
cue_proportion_nochange,interrupted_noisy,current_image_keys,0.5,2,cue_raw,9.697132587878816e-05,1.3334729238199382e-06,96
cue_proportion_nochange,interrupted_noisy,current_image_keys,0.5,3,cue_raw,0.06164464009634685,0.003732850888480003,96
cue_proportion_nochange,interrupted_noisy,current_image_keys,0.5,4,cue_raw,0.03231729532853933,0.0020790286213135927,96
cue_proportion_nochange,interrupted_noisy,current_image_keys,0.5,5,cue_raw,0.022441571702074725,0.0014333775972645933,96
cue_proportion_nochange,interrupted_noisy,current_image_keys,0.5,6,cue_raw,0.013244782357274923,0.0016585475516475543,96
cue_proportion_nochange,interrupted_noisy,current_image_keys,0.5,0,cue_conditional,0.25580956115372905,1.1390647892519137e-17,96
cue_proportion_nochange,interrupted_noisy,current_image_keys,0.5,1,cue_conditional,0.7521040331449135,2.8226141794626043e-05,96
cue_proportion_nochange,interrupted_noisy,current_image_keys,0.5,2,cue_conditional,0.2549833994699672,1.3500486027572762e-06,96
cue_proportion_nochange,interrupted_noisy,current_image_keys,0.5,3,cue_conditional,0.24783035802838685,0.013240247005719727,96
cue_proportion_nochange,interrupted_noisy,current_image_keys,0.5,4,cue_conditional,0.24657165993649263,0.01482033714640633,96
cue_proportion_nochange,interrupted_noisy,current_image_keys,0.5,5,cue_conditional,0.2406713511487897,0.015258640926499811,96
cue_proportion_nochange,interrupted_noisy,current_image_keys,0.5,6,cue_conditional,0.24873619196328403,0.017370052852191595,96
cue_proportion_nochange,interrupted_noisy,current_image_keys,0.5,0,target_raw,0.0005122764559928328,0.0,96
cue_proportion_nochange,interrupted_noisy,current_image_keys,0.5,1,target_raw,0.7488951024818865,1.4074529180808346e-05,96
cue_proportion_nochange,interrupted_noisy,current_image_keys,0.5,2,target_raw,9.697132587878816e-05,1.3334729238199382e-06,96
cue_proportion_nochange,interrupted_noisy,current_image_keys,0.5,3,target_raw,0.06164464009634685,0.003732850888480003,96
cue_proportion_nochange,interrupted_noisy,current_image_keys,0.5,4,target_raw,0.03231729532853933,0.0020790286213135927,96
cue_proportion_nochange,interrupted_noisy,current_image_keys,0.5,5,target_raw,0.022441571702074725,0.0014333775972645933,96
cue_proportion_nochange,interrupted_noisy,current_image_keys,0.5,6,target_raw,0.013244782357274923,0.0016585475516475543,96
cue_proportion_nochange,interrupted_noisy,current_image_keys,0.5,0,target_conditional,0.25580956115372905,1.1390647892519137e-17,96
cue_proportion_nochange,interrupted_noisy,current_image_keys,0.5,1,target_conditional,0.7521040331449135,2.8226141794626043e-05,96
cue_proportion_nochange,interrupted_noisy,current_image_keys,0.5,2,target_conditional,0.2549833994699672,1.3500486027572762e-06,96
cue_proportion_nochange,interrupted_noisy,current_image_keys,0.5,3,target_conditional,0.24783035802838685,0.013240247005719727,96
cue_proportion_nochange,interrupted_noisy,current_image_keys,0.5,4,target_conditional,0.24657165993649263,0.01482033714640633,96
cue_proportion_nochange,interrupted_noisy,current_image_keys,0.5,5,target_conditional,0.2406713511487897,0.015258640926499811,96
cue_proportion_nochange,interrupted_noisy,current_image_keys,0.5,6,target_conditional,0.24873619196328403,0.017370052852191595,96
cue_proportion_nochange,interrupted_noisy,current_image_keys,0.5,0,target_selectivity,0.007746081538305573,1.868778169866421e-18,96
cue_proportion_nochange,interrupted_noisy,current_image_keys,0.5,1,target_selectivity,0.6694720441932184,3.763485572616826e-05,96
cue_proportion_nochange,interrupted_noisy,current_image_keys,0.5,2,target_selectivity,0.006644532626622863,1.800064803676375e-06,96
cue_proportion_nochange,interrupted_noisy,current_image_keys,0.5,3,target_selectivity,-0.0028928559621509086,0.017653662674292966,96
cue_proportion_nochange,interrupted_noisy,current_image_keys,0.5,4,target_selectivity,-0.004571120084676521,0.019760449528541765,96
cue_proportion_nochange,interrupted_noisy,current_image_keys,0.5,5,target_selectivity,-0.012438198468280334,0.020344854568666415,96
cue_proportion_nochange,interrupted_noisy,current_image_keys,0.5,6,target_selectivity,-0.0016850773822880052,0.0231600704695888,96
cue_proportion_nochange,interrupted_noisy,current_image_keys,0.5,0,max_raw_patch,0.0005371913575800136,0.0,96
cue_proportion_nochange,interrupted_noisy,current_image_keys,0.5,1,max_raw_patch,0.7488951024818865,1.4074529180808346e-05,96
cue_proportion_nochange,interrupted_noisy,current_image_keys,0.5,2,max_raw_patch,0.00010162341261358658,1.3974724434200359e-06,96
cue_proportion_nochange,interrupted_noisy,current_image_keys,0.5,3,max_raw_patch,0.10292759027409677,0.0029043555437541363,96
cue_proportion_nochange,interrupted_noisy,current_image_keys,0.5,4,max_raw_patch,0.0590548068988331,0.0020416876653744994,96
cue_proportion_nochange,interrupted_noisy,current_image_keys,0.5,5,max_raw_patch,0.044183273861563066,0.0017319254723764093,96
cue_proportion_nochange,interrupted_noisy,current_image_keys,0.5,6,max_raw_patch,0.026234146693155935,0.0020747614787338946,96
cue_proportion_nochange,interrupted_noisy,current_image_keys,0.5,0,max_conditional_patch,0.26825102701975817,1.1390647892519137e-17,96
cue_proportion_nochange,interrupted_noisy,current_image_keys,0.5,1,max_conditional_patch,0.7521040331449135,2.8226141794626043e-05,96
cue_proportion_nochange,interrupted_noisy,current_image_keys,0.5,2,max_conditional_patch,0.2672158573448647,1.5169982147419044e-06,96
cue_proportion_nochange,interrupted_noisy,current_image_keys,0.5,3,max_conditional_patch,0.41752760410775186,0.009600504130507032,96
cue_proportion_nochange,interrupted_noisy,current_image_keys,0.5,4,max_conditional_patch,0.44542320879078395,0.011228743438113253,96
cue_proportion_nochange,interrupted_noisy,current_image_keys,0.5,5,max_conditional_patch,0.4471186186551059,0.010993145158821849,96
cue_proportion_nochange,interrupted_noisy,current_image_keys,0.5,6,max_conditional_patch,0.47422102190025606,0.01351831611066997,96
cue_proportion_nochange,interrupted_noisy,current_image_keys,0.5,0,normalized_entropy,0.9990166238567765,1.594690704952679e-16,96
cue_proportion_nochange,interrupted_noisy,current_image_keys,0.5,1,normalized_entropy,0.6001133371379581,4.493593204527691e-05,96
cue_proportion_nochange,interrupted_noisy,current_image_keys,0.5,2,normalized_entropy,0.9991528456740905,1.4135506458284078e-07,96
cue_proportion_nochange,interrupted_noisy,current_image_keys,0.5,3,normalized_entropy,0.9169567505582504,0.0057723300319482175,96
cue_proportion_nochange,interrupted_noisy,current_image_keys,0.5,4,normalized_entropy,0.8872546731048258,0.007870215396854804,96
cue_proportion_nochange,interrupted_noisy,current_image_keys,0.5,5,normalized_entropy,0.8814122838593551,0.00743318117807675,96
cue_proportion_nochange,interrupted_noisy,current_image_keys,0.5,6,normalized_entropy,0.8494243576113482,0.010352657068227201,96
cue_proportion_nochange,interrupted_noisy,current_image_keys,0.5,0,effective_locations,3.9945507199973203,2.7337554942045927e-16,96
cue_proportion_nochange,interrupted_noisy,current_image_keys,0.5,1,effective_locations,2.2977581257079707,0.0001431262862528234,96
cue_proportion_nochange,interrupted_noisy,current_image_keys,0.5,2,effective_locations,3.9953051363231826,7.829189040486268e-07,96
cue_proportion_nochange,interrupted_noisy,current_image_keys,0.5,3,effective_locations,3.5757375318059808,0.028053644811716884,96
cue_proportion_nochange,interrupted_noisy,current_image_keys,0.5,4,effective_locations,3.440191093412857,0.03638038393899627,96
cue_proportion_nochange,interrupted_noisy,current_image_keys,0.5,5,effective_locations,3.4106695338678286,0.03486497890812243,96
cue_proportion_nochange,interrupted_noisy,current_image_keys,0.5,6,effective_locations,3.278045647690496,0.04650274571720781,96
cue_proportion_nochange,interrupted_noisy,previous_hidden_state_keys,0.5,0,source_share,0.99799744784832,0.0,96
cue_proportion_nochange,interrupted_noisy,previous_hidden_state_keys,0.5,1,source_share,0.004266442866537545,3.8601408302768506e-05,96
cue_proportion_nochange,interrupted_noisy,previous_hidden_state_keys,0.5,2,source_share,0.9996196995780338,5.228224913295937e-06,96
cue_proportion_nochange,interrupted_noisy,previous_hidden_state_keys,0.5,3,source_share,0.7536362016689964,0.004974972049063608,96
cue_proportion_nochange,interrupted_noisy,previous_hidden_state_keys,0.5,4,source_share,0.8681531789770816,0.0032237304775295395,96
cue_proportion_nochange,interrupted_noisy,previous_hidden_state_keys,0.5,5,source_share,0.9028867457576174,0.0024234158375854875,96
cue_proportion_nochange,interrupted_noisy,previous_hidden_state_keys,0.5,6,source_share,0.9474457502525032,0.0036956166140292295,96
cue_proportion_nochange,interrupted_noisy,previous_hidden_state_keys,0.5,0,cue_raw,0.24949936196208,0.0,96
cue_proportion_nochange,interrupted_noisy,previous_hidden_state_keys,0.5,1,cue_raw,0.0010931214139494234,2.1228753678429152e-05,96
cue_proportion_nochange,interrupted_noisy,previous_hidden_state_keys,0.5,2,cue_raw,0.1237766587776908,0.002440590479421117,96
cue_proportion_nochange,interrupted_noisy,previous_hidden_state_keys,0.5,3,cue_raw,0.20821496902499348,0.0016922405352808748,96
cue_proportion_nochange,interrupted_noisy,previous_hidden_state_keys,0.5,4,cue_raw,0.32875752452916157,0.009968164611907231,96
cue_proportion_nochange,interrupted_noisy,previous_hidden_state_keys,0.5,5,cue_raw,0.3703516290988773,0.010752805547809201,96
cue_proportion_nochange,interrupted_noisy,previous_hidden_state_keys,0.5,6,cue_raw,0.4855678517972895,0.025552018441789805,96
cue_proportion_nochange,interrupted_noisy,previous_hidden_state_keys,0.5,0,cue_conditional,0.25,0.0,96
cue_proportion_nochange,interrupted_noisy,previous_hidden_state_keys,0.5,1,cue_conditional,0.2560435457180624,0.004280589871034633,96
cue_proportion_nochange,interrupted_noisy,previous_hidden_state_keys,0.5,2,cue_conditional,0.1238245015818676,0.00244196070434862,96
cue_proportion_nochange,interrupted_noisy,previous_hidden_state_keys,0.5,3,cue_conditional,0.27676053823664204,0.0021994965966634795,96
cue_proportion_nochange,interrupted_noisy,previous_hidden_state_keys,0.5,4,cue_conditional,0.3779362105304634,0.011240256678960727,96
cue_proportion_nochange,interrupted_noisy,previous_hidden_state_keys,0.5,5,cue_conditional,0.4092323879811414,0.011594676904289744,96
cue_proportion_nochange,interrupted_noisy,previous_hidden_state_keys,0.5,6,cue_conditional,0.5083338016398037,0.025637883868731337,96
cue_proportion_nochange,interrupted_noisy,previous_hidden_state_keys,0.5,0,target_raw,0.24949936196208,0.0,96
cue_proportion_nochange,interrupted_noisy,previous_hidden_state_keys,0.5,1,target_raw,0.0010931214139494234,2.1228753678429152e-05,96
cue_proportion_nochange,interrupted_noisy,previous_hidden_state_keys,0.5,2,target_raw,0.1237766587776908,0.002440590479421117,96
cue_proportion_nochange,interrupted_noisy,previous_hidden_state_keys,0.5,3,target_raw,0.20821496902499348,0.0016922405352808748,96
cue_proportion_nochange,interrupted_noisy,previous_hidden_state_keys,0.5,4,target_raw,0.32875752452916157,0.009968164611907231,96
cue_proportion_nochange,interrupted_noisy,previous_hidden_state_keys,0.5,5,target_raw,0.3703516290988773,0.010752805547809201,96
cue_proportion_nochange,interrupted_noisy,previous_hidden_state_keys,0.5,6,target_raw,0.4855678517972895,0.025552018441789805,96
cue_proportion_nochange,interrupted_noisy,previous_hidden_state_keys,0.5,0,target_conditional,0.25,0.0,96
cue_proportion_nochange,interrupted_noisy,previous_hidden_state_keys,0.5,1,target_conditional,0.2560435457180624,0.004280589871034633,96
cue_proportion_nochange,interrupted_noisy,previous_hidden_state_keys,0.5,2,target_conditional,0.1238245015818676,0.00244196070434862,96
cue_proportion_nochange,interrupted_noisy,previous_hidden_state_keys,0.5,3,target_conditional,0.27676053823664204,0.0021994965966634795,96
cue_proportion_nochange,interrupted_noisy,previous_hidden_state_keys,0.5,4,target_conditional,0.3779362105304634,0.011240256678960727,96
cue_proportion_nochange,interrupted_noisy,previous_hidden_state_keys,0.5,5,target_conditional,0.4092323879811414,0.011594676904289744,96
cue_proportion_nochange,interrupted_noisy,previous_hidden_state_keys,0.5,6,target_conditional,0.5083338016398037,0.025637883868731337,96
cue_proportion_nochange,interrupted_noisy,previous_hidden_state_keys,0.5,0,target_selectivity,0.0,0.0,96
cue_proportion_nochange,interrupted_noisy,previous_hidden_state_keys,0.5,1,target_selectivity,0.008058060957416584,0.005707453161379508,96
cue_proportion_nochange,interrupted_noisy,previous_hidden_state_keys,0.5,2,target_selectivity,-0.16823399789084323,0.003255947605798161,96
cue_proportion_nochange,interrupted_noisy,previous_hidden_state_keys,0.5,3,target_selectivity,0.03568071764885599,0.002932662128884639,96
cue_proportion_nochange,interrupted_noisy,previous_hidden_state_keys,0.5,4,target_selectivity,0.1705816140406179,0.01498700890528097,96
cue_proportion_nochange,interrupted_noisy,previous_hidden_state_keys,0.5,5,target_selectivity,0.21230985064152175,0.015459569205719663,96
cue_proportion_nochange,interrupted_noisy,previous_hidden_state_keys,0.5,6,target_selectivity,0.3444450688530713,0.03418384515830845,96
cue_proportion_nochange,interrupted_noisy,previous_hidden_state_keys,0.5,0,max_raw_patch,0.24949936196208,0.0,96
cue_proportion_nochange,interrupted_noisy,previous_hidden_state_keys,0.5,1,max_raw_patch,0.001291653959431945,1.7193459735814315e-05,96
cue_proportion_nochange,interrupted_noisy,previous_hidden_state_keys,0.5,2,max_raw_patch,0.3610465480014682,0.0042010001559034,96
cue_proportion_nochange,interrupted_noisy,previous_hidden_state_keys,0.5,3,max_raw_patch,0.21091372100636363,0.0014655663764820612,96
cue_proportion_nochange,interrupted_noisy,previous_hidden_state_keys,0.5,4,max_raw_patch,0.34895490036190796,0.007681841768404667,96
cue_proportion_nochange,interrupted_noisy,previous_hidden_state_keys,0.5,5,max_raw_patch,0.3872946984677886,0.008533611855650446,96
cue_proportion_nochange,interrupted_noisy,previous_hidden_state_keys,0.5,6,max_raw_patch,0.5659020097615818,0.019743132783294638,96
cue_proportion_nochange,interrupted_noisy,previous_hidden_state_keys,0.5,0,max_conditional_patch,0.25,0.0,96
cue_proportion_nochange,interrupted_noisy,previous_hidden_state_keys,0.5,1,max_conditional_patch,0.30257622357390457,0.0027233655837433754,96
cue_proportion_nochange,interrupted_noisy,previous_hidden_state_keys,0.5,2,max_conditional_patch,0.3611831338075304,0.004201836317442911,96
cue_proportion_nochange,interrupted_noisy,previous_hidden_state_keys,0.5,3,max_conditional_patch,0.2803296063790734,0.0018356416156222208,96
cue_proportion_nochange,interrupted_noisy,previous_hidden_state_keys,0.5,4,max_conditional_patch,0.4017157914845497,0.008610351368109028,96
cue_proportion_nochange,interrupted_noisy,previous_hidden_state_keys,0.5,5,max_conditional_patch,0.4284360794293862,0.009135431231420223,96
cue_proportion_nochange,interrupted_noisy,previous_hidden_state_keys,0.5,6,max_conditional_patch,0.5928849876296979,0.01915883889134852,96
cue_proportion_nochange,interrupted_noisy,previous_hidden_state_keys,0.5,0,normalized_entropy,1.0,0.0,96
cue_proportion_nochange,interrupted_noisy,previous_hidden_state_keys,0.5,1,normalized_entropy,0.990328167031635,0.0007249264793636798,96
cue_proportion_nochange,interrupted_noisy,previous_hidden_state_keys,0.5,2,normalized_entropy,0.9487620652814166,0.0021028638395305024,96
cue_proportion_nochange,interrupted_noisy,previous_hidden_state_keys,0.5,3,normalized_entropy,0.9966496222087402,0.0004196308818988057,96
cue_proportion_nochange,interrupted_noisy,previous_hidden_state_keys,0.5,4,normalized_entropy,0.9339978899689895,0.005734848450514433,96
cue_proportion_nochange,interrupted_noisy,previous_hidden_state_keys,0.5,5,normalized_entropy,0.9176907984970272,0.006042348973352936,96
cue_proportion_nochange,interrupted_noisy,previous_hidden_state_keys,0.5,6,normalized_entropy,0.714745908251499,0.024112975493392422,96
cue_proportion_nochange,interrupted_noisy,previous_hidden_state_keys,0.5,0,effective_locations,4.0,0.0,96
cue_proportion_nochange,interrupted_noisy,previous_hidden_state_keys,0.5,1,effective_locations,3.9469145746238543,0.003945160651731256,96
cue_proportion_nochange,interrupted_noisy,previous_hidden_state_keys,0.5,2,effective_locations,3.7272260530937067,0.01075102199688753,96
cue_proportion_nochange,interrupted_noisy,previous_hidden_state_keys,0.5,3,effective_locations,3.9815281407696848,0.0022892590724827495,96
cue_proportion_nochange,interrupted_noisy,previous_hidden_state_keys,0.5,4,effective_locations,3.660845139722385,0.027633221997519306,96
cue_proportion_nochange,interrupted_noisy,previous_hidden_state_keys,0.5,5,effective_locations,3.5802881773601953,0.02897266485480918,96
cue_proportion_nochange,interrupted_noisy,previous_hidden_state_keys,0.5,6,effective_locations,2.8216307631108126,0.07837718590952918,96
cue_proportion_nochange,historical_clean,current_image_keys,0.75,0,source_share,0.003932131236069836,0.0,96
cue_proportion_nochange,historical_clean,current_image_keys,0.75,1,source_share,0.622711677919142,0.0,96
cue_proportion_nochange,historical_clean,current_image_keys,0.75,2,source_share,0.017436153546441346,0.0,96
cue_proportion_nochange,historical_clean,current_image_keys,0.75,3,source_share,0.2578398692664147,0.003449351311580996,96
cue_proportion_nochange,historical_clean,current_image_keys,0.75,4,source_share,0.1256694936673739,0.0030984944834933988,96
cue_proportion_nochange,historical_clean,current_image_keys,0.75,5,source_share,0.10109124655355117,0.003320231228445375,96
cue_proportion_nochange,historical_clean,current_image_keys,0.75,6,source_share,0.143823783269454,0.008370878294714886,96
cue_proportion_nochange,historical_clean,current_image_keys,0.75,0,cue_raw,0.0009544016065774485,0.0,96
cue_proportion_nochange,historical_clean,current_image_keys,0.75,1,cue_raw,0.6095771335531026,0.0,96
cue_proportion_nochange,historical_clean,current_image_keys,0.75,2,cue_raw,0.004296105063986033,0.0,96
cue_proportion_nochange,historical_clean,current_image_keys,0.75,3,cue_raw,0.06561801667461016,0.0025452070173828797,96
cue_proportion_nochange,historical_clean,current_image_keys,0.75,4,cue_raw,0.031958600241826694,0.0014123804543906572,96
cue_proportion_nochange,historical_clean,current_image_keys,0.75,5,cue_raw,0.024893135607271688,0.0010969742321668896,96
cue_proportion_nochange,historical_clean,current_image_keys,0.75,6,cue_raw,0.033535322608258866,0.0025174755234300184,96
cue_proportion_nochange,historical_clean,current_image_keys,0.75,0,cue_conditional,0.2427186554260006,5.695323946259569e-18,96
cue_proportion_nochange,historical_clean,current_image_keys,0.75,1,cue_conditional,0.9789075027307493,1.1390647892519137e-16,96
cue_proportion_nochange,historical_clean,current_image_keys,0.75,2,cue_conditional,0.24639064186624185,2.8476619731297843e-18,96
cue_proportion_nochange,historical_clean,current_image_keys,0.75,3,cue_conditional,0.25502408002118443,0.009191755639642234,96
cue_proportion_nochange,historical_clean,current_image_keys,0.75,4,cue_conditional,0.2590061653899578,0.010954990706939855,96
cue_proportion_nochange,historical_clean,current_image_keys,0.75,5,cue_conditional,0.2521777851133568,0.00918055841529089,96
cue_proportion_nochange,historical_clean,current_image_keys,0.75,6,cue_conditional,0.23591182932022844,0.01087949365177311,96
cue_proportion_nochange,historical_clean,current_image_keys,0.75,0,target_raw,0.0009544016065774485,0.0,96
cue_proportion_nochange,historical_clean,current_image_keys,0.75,1,target_raw,0.6095771335531026,0.0,96
cue_proportion_nochange,historical_clean,current_image_keys,0.75,2,target_raw,0.004296105063986033,0.0,96
cue_proportion_nochange,historical_clean,current_image_keys,0.75,3,target_raw,0.06561801667461016,0.0025452070173828797,96
cue_proportion_nochange,historical_clean,current_image_keys,0.75,4,target_raw,0.031958600241826694,0.0014123804543906572,96
cue_proportion_nochange,historical_clean,current_image_keys,0.75,5,target_raw,0.024893135607271688,0.0010969742321668896,96
cue_proportion_nochange,historical_clean,current_image_keys,0.75,6,target_raw,0.033535322608258866,0.0025174755234300184,96
cue_proportion_nochange,historical_clean,current_image_keys,0.75,0,target_conditional,0.2427186554260006,5.695323946259569e-18,96
cue_proportion_nochange,historical_clean,current_image_keys,0.75,1,target_conditional,0.9789075027307493,1.1390647892519137e-16,96
cue_proportion_nochange,historical_clean,current_image_keys,0.75,2,target_conditional,0.24639064186624185,2.8476619731297843e-18,96
cue_proportion_nochange,historical_clean,current_image_keys,0.75,3,target_conditional,0.25502408002118443,0.009191755639642234,96
cue_proportion_nochange,historical_clean,current_image_keys,0.75,4,target_conditional,0.2590061653899578,0.010954990706939855,96
cue_proportion_nochange,historical_clean,current_image_keys,0.75,5,target_conditional,0.2521777851133568,0.00918055841529089,96
cue_proportion_nochange,historical_clean,current_image_keys,0.75,6,target_conditional,0.23591182932022844,0.01087949365177311,96
cue_proportion_nochange,historical_clean,current_image_keys,0.75,0,target_selectivity,-0.009708459431999153,1.9577676065267264e-18,96
cue_proportion_nochange,historical_clean,current_image_keys,0.75,1,target_selectivity,0.9718766703076662,1.0251583103267223e-16,96
cue_proportion_nochange,historical_clean,current_image_keys,0.75,2,target_selectivity,-0.00481247751167746,0.0,96
cue_proportion_nochange,historical_clean,current_image_keys,0.75,3,target_selectivity,0.006698773361579194,0.012255674186189641,96
cue_proportion_nochange,historical_clean,current_image_keys,0.75,4,target_selectivity,0.012008220519943552,0.014606654275919805,96
cue_proportion_nochange,historical_clean,current_image_keys,0.75,5,target_selectivity,0.0029037134844757373,0.012240744553721188,96
cue_proportion_nochange,historical_clean,current_image_keys,0.75,6,target_selectivity,-0.018784227573028677,0.014505991535697479,96
cue_proportion_nochange,historical_clean,current_image_keys,0.75,0,max_raw_patch,0.0010343765170546249,0.0,96
cue_proportion_nochange,historical_clean,current_image_keys,0.75,1,max_raw_patch,0.6095771335531026,0.0,96
cue_proportion_nochange,historical_clean,current_image_keys,0.75,2,max_raw_patch,0.004534045292530209,0.0,96
cue_proportion_nochange,historical_clean,current_image_keys,0.75,3,max_raw_patch,0.09391117162401012,0.0020639308887347636,96
cue_proportion_nochange,historical_clean,current_image_keys,0.75,4,max_raw_patch,0.04850722033006605,0.0015708149063843925,96
cue_proportion_nochange,historical_clean,current_image_keys,0.75,5,max_raw_patch,0.03790368765961224,0.0013859184678574768,96
cue_proportion_nochange,historical_clean,current_image_keys,0.75,6,max_raw_patch,0.058363114969931,0.003676634655251239,96
cue_proportion_nochange,historical_clean,current_image_keys,0.75,0,max_conditional_patch,0.26305747569312715,5.1257915516336117e-17,96
cue_proportion_nochange,historical_clean,current_image_keys,0.75,1,max_conditional_patch,0.9789075027307493,1.1390647892519137e-16,96
cue_proportion_nochange,historical_clean,current_image_keys,0.75,2,max_conditional_patch,0.26003701335009066,5.695323946259568e-17,96
cue_proportion_nochange,historical_clean,current_image_keys,0.75,3,max_conditional_patch,0.36280398721536206,0.005665922505526592,96
cue_proportion_nochange,historical_clean,current_image_keys,0.75,4,max_conditional_patch,0.3844241519069562,0.006849608972254491,96
cue_proportion_nochange,historical_clean,current_image_keys,0.75,5,max_conditional_patch,0.3740237144330349,0.006669450048006199,96
cue_proportion_nochange,historical_clean,current_image_keys,0.75,6,max_conditional_patch,0.4020700416098349,0.007728995357029247,96
cue_proportion_nochange,historical_clean,current_image_keys,0.75,0,normalized_entropy,0.9990009113721025,2.0503166206534447e-16,96
cue_proportion_nochange,historical_clean,current_image_keys,0.75,1,normalized_entropy,0.09031492690993738,1.4238309865648922e-18,96
cue_proportion_nochange,historical_clean,current_image_keys,0.75,2,normalized_entropy,0.9994610710106526,1.4807842260274878e-16,96
cue_proportion_nochange,historical_clean,current_image_keys,0.75,3,normalized_entropy,0.9591577045577576,0.002829525707626089,96
cue_proportion_nochange,historical_clean,current_image_keys,0.75,4,normalized_entropy,0.9419834025988542,0.004053204570127264,96
cue_proportion_nochange,historical_clean,current_image_keys,0.75,5,normalized_entropy,0.9509920383078754,0.0036356133163499764,96
cue_proportion_nochange,historical_clean,current_image_keys,0.75,6,normalized_entropy,0.9280670244485446,0.00488141303728218,96
cue_proportion_nochange,historical_clean,current_image_keys,0.75,0,effective_locations,3.994463711126229,0.0,96
cue_proportion_nochange,historical_clean,current_image_keys,0.75,1,effective_locations,1.1333785893092412,2.2781295785038274e-16,96
cue_proportion_nochange,historical_clean,current_image_keys,0.75,2,effective_locations,3.997012659205438,3.189381409905358e-16,96
cue_proportion_nochange,historical_clean,current_image_keys,0.75,3,effective_locations,3.7825537014575996,0.014645918152201998,96
cue_proportion_nochange,historical_clean,current_image_keys,0.75,4,effective_locations,3.6963316128629735,0.02026012766114854,96
cue_proportion_nochange,historical_clean,current_image_keys,0.75,5,effective_locations,3.741696617277712,0.018345876991899678,96
cue_proportion_nochange,historical_clean,current_image_keys,0.75,6,effective_locations,3.6280789094704318,0.023806852397082086,96
cue_proportion_nochange,historical_clean,previous_hidden_state_keys,0.75,0,source_share,0.9960678964853287,0.0,96
cue_proportion_nochange,historical_clean,previous_hidden_state_keys,0.75,1,source_share,0.3772882306948304,0.0,96
cue_proportion_nochange,historical_clean,previous_hidden_state_keys,0.75,2,source_share,0.9825638830661774,0.0,96
cue_proportion_nochange,historical_clean,previous_hidden_state_keys,0.75,3,source_share,0.7421601273235865,0.0034493515786846083,96
cue_proportion_nochange,historical_clean,previous_hidden_state_keys,0.75,4,source_share,0.8743305069704851,0.0030984939620836566,96
cue_proportion_nochange,historical_clean,previous_hidden_state_keys,0.75,5,source_share,0.898908749356148,0.003320231249370392,96
cue_proportion_nochange,historical_clean,previous_hidden_state_keys,0.75,6,source_share,0.8561762176638391,0.00837087810769773,96
cue_proportion_nochange,historical_clean,previous_hidden_state_keys,0.75,0,cue_raw,0.24901697412133217,0.0,96
cue_proportion_nochange,historical_clean,previous_hidden_state_keys,0.75,1,cue_raw,0.0947809861972928,0.0,96
cue_proportion_nochange,historical_clean,previous_hidden_state_keys,0.75,2,cue_raw,0.47856564819812775,0.0,96
cue_proportion_nochange,historical_clean,previous_hidden_state_keys,0.75,3,cue_raw,0.3340525592599685,0.0025050729939339552,96
cue_proportion_nochange,historical_clean,previous_hidden_state_keys,0.75,4,cue_raw,0.4653234360739589,0.011124414110385833,96
cue_proportion_nochange,historical_clean,previous_hidden_state_keys,0.75,5,cue_raw,0.47033552336506546,0.01337028224180922,96
cue_proportion_nochange,historical_clean,previous_hidden_state_keys,0.75,6,cue_raw,0.4795006611578477,0.02454002498631749,96
cue_proportion_nochange,historical_clean,previous_hidden_state_keys,0.75,0,cue_conditional,0.25,0.0,96
cue_proportion_nochange,historical_clean,previous_hidden_state_keys,0.75,1,cue_conditional,0.25121638706497745,6.264856340885524e-17,96
cue_proportion_nochange,historical_clean,previous_hidden_state_keys,0.75,2,cue_conditional,0.4870580492992697,3.417194367755741e-17,96
cue_proportion_nochange,historical_clean,previous_hidden_state_keys,0.75,3,cue_conditional,0.44974528516468165,0.0019634094566064377,96
cue_proportion_nochange,historical_clean,previous_hidden_state_keys,0.75,4,cue_conditional,0.5303349371952143,0.011711305093054479,96
cue_proportion_nochange,historical_clean,previous_hidden_state_keys,0.75,5,cue_conditional,0.5207863739184001,0.01379885837650639,96
cue_proportion_nochange,historical_clean,previous_hidden_state_keys,0.75,6,cue_conditional,0.5475216162682826,0.02442947055110066,96
cue_proportion_nochange,historical_clean,previous_hidden_state_keys,0.75,0,target_raw,0.24901697412133217,0.0,96
cue_proportion_nochange,historical_clean,previous_hidden_state_keys,0.75,1,target_raw,0.0947809861972928,0.0,96
cue_proportion_nochange,historical_clean,previous_hidden_state_keys,0.75,2,target_raw,0.47856564819812775,0.0,96
cue_proportion_nochange,historical_clean,previous_hidden_state_keys,0.75,3,target_raw,0.3340525592599685,0.0025050729939339552,96
cue_proportion_nochange,historical_clean,previous_hidden_state_keys,0.75,4,target_raw,0.4653234360739589,0.011124414110385833,96
cue_proportion_nochange,historical_clean,previous_hidden_state_keys,0.75,5,target_raw,0.47033552336506546,0.01337028224180922,96
cue_proportion_nochange,historical_clean,previous_hidden_state_keys,0.75,6,target_raw,0.4795006611578477,0.02454002498631749,96
cue_proportion_nochange,historical_clean,previous_hidden_state_keys,0.75,0,target_conditional,0.25,0.0,96
cue_proportion_nochange,historical_clean,previous_hidden_state_keys,0.75,1,target_conditional,0.25121638706497745,6.264856340885524e-17,96
cue_proportion_nochange,historical_clean,previous_hidden_state_keys,0.75,2,target_conditional,0.4870580492992697,3.417194367755741e-17,96
cue_proportion_nochange,historical_clean,previous_hidden_state_keys,0.75,3,target_conditional,0.44974528516468165,0.0019634094566064377,96
cue_proportion_nochange,historical_clean,previous_hidden_state_keys,0.75,4,target_conditional,0.5303349371952143,0.011711305093054479,96
cue_proportion_nochange,historical_clean,previous_hidden_state_keys,0.75,5,target_conditional,0.5207863739184001,0.01379885837650639,96
cue_proportion_nochange,historical_clean,previous_hidden_state_keys,0.75,6,target_conditional,0.5475216162682826,0.02442947055110066,96
cue_proportion_nochange,historical_clean,previous_hidden_state_keys,0.75,0,target_selectivity,0.0,0.0,96
cue_proportion_nochange,historical_clean,previous_hidden_state_keys,0.75,1,target_selectivity,0.0016218494199691236,0.0,96
cue_proportion_nochange,historical_clean,previous_hidden_state_keys,0.75,2,target_selectivity,0.31607739906569327,7.973453524763395e-17,96
cue_proportion_nochange,historical_clean,previous_hidden_state_keys,0.75,3,target_selectivity,0.2663270468862418,0.00261787927547525,96
cue_proportion_nochange,historical_clean,previous_hidden_state_keys,0.75,4,target_selectivity,0.3737799162602853,0.015615073457405978,96
cue_proportion_nochange,historical_clean,previous_hidden_state_keys,0.75,5,target_selectivity,0.3610484985578665,0.01839847783534185,96
cue_proportion_nochange,historical_clean,previous_hidden_state_keys,0.75,6,target_selectivity,0.3966954883577097,0.032572627401467553,96
cue_proportion_nochange,historical_clean,previous_hidden_state_keys,0.75,0,max_raw_patch,0.24901697412133217,0.0,96
cue_proportion_nochange,historical_clean,previous_hidden_state_keys,0.75,1,max_raw_patch,0.09758275654166937,0.0,96
cue_proportion_nochange,historical_clean,previous_hidden_state_keys,0.75,2,max_raw_patch,0.47856564819812775,0.0,96
cue_proportion_nochange,historical_clean,previous_hidden_state_keys,0.75,3,max_raw_patch,0.3340525592599685,0.0025050729939339552,96
cue_proportion_nochange,historical_clean,previous_hidden_state_keys,0.75,4,max_raw_patch,0.46671139107396203,0.010883339020514762,96
cue_proportion_nochange,historical_clean,previous_hidden_state_keys,0.75,5,max_raw_patch,0.4743486281173925,0.012771086966235905,96
cue_proportion_nochange,historical_clean,previous_hidden_state_keys,0.75,6,max_raw_patch,0.5185917906346731,0.0212192616866867,96
cue_proportion_nochange,historical_clean,previous_hidden_state_keys,0.75,0,max_conditional_patch,0.25,0.0,96
cue_proportion_nochange,historical_clean,previous_hidden_state_keys,0.75,1,max_conditional_patch,0.2586424611283437,3.417194367755741e-17,96
cue_proportion_nochange,historical_clean,previous_hidden_state_keys,0.75,2,max_conditional_patch,0.4870580492992697,3.417194367755741e-17,96
cue_proportion_nochange,historical_clean,previous_hidden_state_keys,0.75,3,max_conditional_patch,0.44974528516468165,0.0019634094566064377,96
cue_proportion_nochange,historical_clean,previous_hidden_state_keys,0.75,4,max_conditional_patch,0.5319532587230117,0.011417515090416617,96
cue_proportion_nochange,historical_clean,previous_hidden_state_keys,0.75,5,max_conditional_patch,0.5253679614211556,0.013098928489067787,96
cue_proportion_nochange,historical_clean,previous_hidden_state_keys,0.75,6,max_conditional_patch,0.5930567606715909,0.019895774818120077,96
cue_proportion_nochange,historical_clean,previous_hidden_state_keys,0.75,0,normalized_entropy,1.0,0.0,96
cue_proportion_nochange,historical_clean,previous_hidden_state_keys,0.75,1,normalized_entropy,0.999560071240153,1.3668777471022964e-16,96
cue_proportion_nochange,historical_clean,previous_hidden_state_keys,0.75,2,normalized_entropy,0.905252858758051,7.973453524763395e-17,96
cue_proportion_nochange,historical_clean,previous_hidden_state_keys,0.75,3,normalized_entropy,0.9318747144032783,0.0012492541338044907,96
cue_proportion_nochange,historical_clean,previous_hidden_state_keys,0.75,4,normalized_entropy,0.8399590747171543,0.010129604982975635,96
cue_proportion_nochange,historical_clean,previous_hidden_state_keys,0.75,5,normalized_entropy,0.8378483359542043,0.01232842877762922,96
cue_proportion_nochange,historical_clean,previous_hidden_state_keys,0.75,6,normalized_entropy,0.7213251780057721,0.024841713196639036,96
cue_proportion_nochange,historical_clean,previous_hidden_state_keys,0.75,0,effective_locations,4.0,0.0,96
cue_proportion_nochange,historical_clean,previous_hidden_state_keys,0.75,1,effective_locations,3.997561260697187,7.745640566913013e-16,96
cue_proportion_nochange,historical_clean,previous_hidden_state_keys,0.75,2,effective_locations,3.5076522305202302,2.7337554942045927e-16,96
cue_proportion_nochange,historical_clean,previous_hidden_state_keys,0.75,3,effective_locations,3.640042159403325,0.006313516912890195,96
cue_proportion_nochange,historical_clean,previous_hidden_state_keys,0.75,4,effective_locations,3.233450484861058,0.043680166853037175,96
cue_proportion_nochange,historical_clean,previous_hidden_state_keys,0.75,5,effective_locations,3.2370519533867594,0.05128760152245784,96
cue_proportion_nochange,historical_clean,previous_hidden_state_keys,0.75,6,effective_locations,2.8565774674639237,0.08243108395138608,96
cue_proportion_nochange,interrupted_noisy,current_image_keys,0.75,0,source_share,0.0020025696212542243,0.0,96
cue_proportion_nochange,interrupted_noisy,current_image_keys,0.75,1,source_share,0.9958830639769728,3.745204510791706e-05,96
cue_proportion_nochange,interrupted_noisy,current_image_keys,0.75,2,source_share,0.000380202381146925,5.2319360412949585e-06,96
cue_proportion_nochange,interrupted_noisy,current_image_keys,0.75,3,source_share,0.24649472668534145,0.004979771126236243,96
cue_proportion_nochange,interrupted_noisy,current_image_keys,0.75,4,source_share,0.13183827952525462,0.003222655957222576,96
cue_proportion_nochange,interrupted_noisy,current_image_keys,0.75,5,source_share,0.09709101339952515,0.0024235118668801533,96
cue_proportion_nochange,interrupted_noisy,current_image_keys,0.75,6,source_share,0.052516660022269214,0.0036950452953543574,96
cue_proportion_nochange,interrupted_noisy,current_image_keys,0.75,0,cue_raw,0.0005122764559928328,0.0,96
cue_proportion_nochange,interrupted_noisy,current_image_keys,0.75,1,cue_raw,0.7489357224690897,1.3387367211080326e-05,96
cue_proportion_nochange,interrupted_noisy,current_image_keys,0.75,2,cue_raw,9.694575282992446e-05,1.3344080210445402e-06,96
cue_proportion_nochange,interrupted_noisy,current_image_keys,0.75,3,cue_raw,0.061677859630435705,0.0037348674700393514,96
cue_proportion_nochange,interrupted_noisy,current_image_keys,0.75,4,cue_raw,0.03231633579586438,0.0020789320414761896,96
cue_proportion_nochange,interrupted_noisy,current_image_keys,0.75,5,cue_raw,0.022436168086035952,0.0014329537013165665,96
cue_proportion_nochange,interrupted_noisy,current_image_keys,0.75,6,cue_raw,0.013235032628858315,0.0016566102108954747,96
cue_proportion_nochange,interrupted_noisy,current_image_keys,0.75,0,cue_conditional,0.25580956115372905,1.1390647892519137e-17,96
cue_proportion_nochange,interrupted_noisy,current_image_keys,0.75,1,cue_conditional,0.7520318755629654,2.734326648564263e-05,96
cue_proportion_nochange,interrupted_noisy,current_image_keys,0.75,2,cue_conditional,0.25498338930816217,1.3540149179571903e-06,96
cue_proportion_nochange,interrupted_noisy,current_image_keys,0.75,3,cue_conditional,0.24783069784056097,0.013239501296952541,96
cue_proportion_nochange,interrupted_noisy,current_image_keys,0.75,4,cue_conditional,0.24658128007183733,0.014821318692072392,96
cue_proportion_nochange,interrupted_noisy,current_image_keys,0.75,5,cue_conditional,0.24067550034103155,0.015259826951886254,96
cue_proportion_nochange,interrupted_noisy,current_image_keys,0.75,6,cue_conditional,0.2487412705168552,0.017370542952461872,96
cue_proportion_nochange,interrupted_noisy,current_image_keys,0.75,0,target_raw,0.0005122764559928328,0.0,96
cue_proportion_nochange,interrupted_noisy,current_image_keys,0.75,1,target_raw,0.7489357224690897,1.3387367211080326e-05,96
cue_proportion_nochange,interrupted_noisy,current_image_keys,0.75,2,target_raw,9.694575282992446e-05,1.3344080210445402e-06,96
cue_proportion_nochange,interrupted_noisy,current_image_keys,0.75,3,target_raw,0.061677859630435705,0.0037348674700393514,96
cue_proportion_nochange,interrupted_noisy,current_image_keys,0.75,4,target_raw,0.03231633579586438,0.0020789320414761896,96
cue_proportion_nochange,interrupted_noisy,current_image_keys,0.75,5,target_raw,0.022436168086035952,0.0014329537013165665,96
cue_proportion_nochange,interrupted_noisy,current_image_keys,0.75,6,target_raw,0.013235032628858315,0.0016566102108954747,96
cue_proportion_nochange,interrupted_noisy,current_image_keys,0.75,0,target_conditional,0.25580956115372905,1.1390647892519137e-17,96
cue_proportion_nochange,interrupted_noisy,current_image_keys,0.75,1,target_conditional,0.7520318755629654,2.734326648564263e-05,96
cue_proportion_nochange,interrupted_noisy,current_image_keys,0.75,2,target_conditional,0.25498338930816217,1.3540149179571903e-06,96
cue_proportion_nochange,interrupted_noisy,current_image_keys,0.75,3,target_conditional,0.24783069784056097,0.013239501296952541,96
cue_proportion_nochange,interrupted_noisy,current_image_keys,0.75,4,target_conditional,0.24658128007183733,0.014821318692072392,96
cue_proportion_nochange,interrupted_noisy,current_image_keys,0.75,5,target_conditional,0.24067550034103155,0.015259826951886254,96
cue_proportion_nochange,interrupted_noisy,current_image_keys,0.75,6,target_conditional,0.2487412705168552,0.017370542952461872,96
cue_proportion_nochange,interrupted_noisy,current_image_keys,0.75,0,target_selectivity,0.007746081538305573,1.868778169866421e-18,96
cue_proportion_nochange,interrupted_noisy,current_image_keys,0.75,1,target_selectivity,0.669375834083954,3.645768864752369e-05,96
cue_proportion_nochange,interrupted_noisy,current_image_keys,0.75,2,target_selectivity,0.006644519077549672,1.8053532239429204e-06,96
cue_proportion_nochange,interrupted_noisy,current_image_keys,0.75,3,target_selectivity,-0.002892402879252224,0.01765266839593672,96
cue_proportion_nochange,interrupted_noisy,current_image_keys,0.75,4,target_selectivity,-0.0045582932375501,0.019761758256096527,96
cue_proportion_nochange,interrupted_noisy,current_image_keys,0.75,5,target_selectivity,-0.01243266621195803,0.020346435935848346,96
cue_proportion_nochange,interrupted_noisy,current_image_keys,0.75,6,target_selectivity,-0.0016783059775266152,0.023160723936615828,96
cue_proportion_nochange,interrupted_noisy,current_image_keys,0.75,0,max_raw_patch,0.0005371913575800136,0.0,96
cue_proportion_nochange,interrupted_noisy,current_image_keys,0.75,1,max_raw_patch,0.7489357224690897,1.3387367211080326e-05,96
cue_proportion_nochange,interrupted_noisy,current_image_keys,0.75,2,max_raw_patch,0.00010159667069350083,1.398450603112612e-06,96
cue_proportion_nochange,interrupted_noisy,current_image_keys,0.75,3,max_raw_patch,0.10297823868556104,0.0029060087195471977,96
cue_proportion_nochange,interrupted_noisy,current_image_keys,0.75,4,max_raw_patch,0.05905190475459676,0.0020414690322871467,96
cue_proportion_nochange,interrupted_noisy,current_image_keys,0.75,5,max_raw_patch,0.04417431359858407,0.0017316719862160027,96
cue_proportion_nochange,interrupted_noisy,current_image_keys,0.75,6,max_raw_patch,0.02621342905353548,0.0020731300319059395,96
cue_proportion_nochange,interrupted_noisy,current_image_keys,0.75,0,max_conditional_patch,0.26825102701975817,1.1390647892519137e-17,96
cue_proportion_nochange,interrupted_noisy,current_image_keys,0.75,1,max_conditional_patch,0.7520318755629654,2.734326648564263e-05,96
cue_proportion_nochange,interrupted_noisy,current_image_keys,0.75,2,max_conditional_patch,0.26721600803655104,1.5161457972630084e-06,96
cue_proportion_nochange,interrupted_noisy,current_image_keys,0.75,3,max_conditional_patch,0.4175164356238021,0.009600451608569656,96
cue_proportion_nochange,interrupted_noisy,current_image_keys,0.75,4,max_conditional_patch,0.4454274517456443,0.01122919915042404,96
cue_proportion_nochange,interrupted_noisy,current_image_keys,0.75,5,max_conditional_patch,0.44713483031783013,0.01099392811641937,96
cue_proportion_nochange,interrupted_noisy,current_image_keys,0.75,6,max_conditional_patch,0.4742302052947091,0.013518464417270015,96
cue_proportion_nochange,interrupted_noisy,current_image_keys,0.75,0,normalized_entropy,0.9990166238567765,1.594690704952679e-16,96
cue_proportion_nochange,interrupted_noisy,current_image_keys,0.75,1,normalized_entropy,0.6002343588057723,4.352327486682367e-05,96
cue_proportion_nochange,interrupted_noisy,current_image_keys,0.75,2,normalized_entropy,0.9991528291253271,1.4148647071840823e-07,96
cue_proportion_nochange,interrupted_noisy,current_image_keys,0.75,3,normalized_entropy,0.9169675353931844,0.005771999853021038,96
cue_proportion_nochange,interrupted_noisy,current_image_keys,0.75,4,normalized_entropy,0.8872491225506475,0.007870718935038894,96
cue_proportion_nochange,interrupted_noisy,current_image_keys,0.75,5,normalized_entropy,0.8813943836026877,0.0074342835782497665,96
cue_proportion_nochange,interrupted_noisy,current_image_keys,0.75,6,normalized_entropy,0.8494145782942057,0.010352849040898315,96
cue_proportion_nochange,interrupted_noisy,current_image_keys,0.75,0,effective_locations,3.9945507199973203,2.7337554942045927e-16,96
cue_proportion_nochange,interrupted_noisy,current_image_keys,0.75,1,effective_locations,2.2981436305193155,0.00013865054606012356,96
cue_proportion_nochange,interrupted_noisy,current_image_keys,0.75,2,effective_locations,3.9953050446650757,7.836467015272276e-07,96
cue_proportion_nochange,interrupted_noisy,current_image_keys,0.75,3,effective_locations,3.5757897077140584,0.028052214849031826,96
cue_proportion_nochange,interrupted_noisy,current_image_keys,0.75,4,effective_locations,3.4401670800995325,0.03638251142202139,96
cue_proportion_nochange,interrupted_noisy,current_image_keys,0.75,5,effective_locations,3.4105899621324838,0.03486934860885275,96
cue_proportion_nochange,interrupted_noisy,current_image_keys,0.75,6,effective_locations,3.2780024023835086,0.04650309883977559,96
cue_proportion_nochange,interrupted_noisy,previous_hidden_state_keys,0.75,0,source_share,0.99799744784832,0.0,96
cue_proportion_nochange,interrupted_noisy,previous_hidden_state_keys,0.75,1,source_share,0.004116902458235927,3.745182539955799e-05,96
cue_proportion_nochange,interrupted_noisy,previous_hidden_state_keys,0.75,2,source_share,0.9996197993168607,5.232062146317297e-06,96
cue_proportion_nochange,interrupted_noisy,previous_hidden_state_keys,0.75,3,source_share,0.7535052759534059,0.004979770919043352,96
cue_proportion_nochange,interrupted_noisy,previous_hidden_state_keys,0.75,4,source_share,0.8681617200588031,0.0032226561226216892,96
cue_proportion_nochange,interrupted_noisy,previous_hidden_state_keys,0.75,5,source_share,0.9029089884473555,0.0024235117483364186,96
cue_proportion_nochange,interrupted_noisy,previous_hidden_state_keys,0.75,6,source_share,0.9474833426614472,0.003695045273243427,96
cue_proportion_nochange,interrupted_noisy,previous_hidden_state_keys,0.75,0,cue_raw,0.24949936196208,0.0,96
cue_proportion_nochange,interrupted_noisy,previous_hidden_state_keys,0.75,1,cue_raw,0.0010547316042751238,2.0595462489783008e-05,96
cue_proportion_nochange,interrupted_noisy,previous_hidden_state_keys,0.75,2,cue_raw,0.12321367401940127,0.002415394098957788,96
cue_proportion_nochange,interrupted_noisy,previous_hidden_state_keys,0.75,3,cue_raw,0.20787315495545045,0.0016874777462482064,96
cue_proportion_nochange,interrupted_noisy,previous_hidden_state_keys,0.75,4,cue_raw,0.3287851039785892,0.009969633957789624,96
cue_proportion_nochange,interrupted_noisy,previous_hidden_state_keys,0.75,5,cue_raw,0.3704648610631314,0.010758941751438341,96
cue_proportion_nochange,interrupted_noisy,previous_hidden_state_keys,0.75,6,cue_raw,0.48589774558786303,0.025560220178492937,96
cue_proportion_nochange,interrupted_noisy,previous_hidden_state_keys,0.75,0,cue_conditional,0.25,0.0,96
cue_proportion_nochange,interrupted_noisy,previous_hidden_state_keys,0.75,1,cue_conditional,0.2560146278236501,0.004297192181019615,96
cue_proportion_nochange,interrupted_noisy,previous_hidden_state_keys,0.75,2,cue_conditional,0.12326129311624967,0.002416758042647676,96
cue_proportion_nochange,interrupted_noisy,previous_hidden_state_keys,0.75,3,cue_conditional,0.27635327216470296,0.0021902801249360686,96
cue_proportion_nochange,interrupted_noisy,previous_hidden_state_keys,0.75,4,cue_conditional,0.37796496835642923,0.01124251292787909,96
cue_proportion_nochange,interrupted_noisy,previous_hidden_state_keys,0.75,5,cue_conditional,0.4093474766485088,0.01160095015990316,96
cue_proportion_nochange,interrupted_noisy,previous_hidden_state_keys,0.75,6,cue_conditional,0.5086601331070472,0.025644509539345647,96
cue_proportion_nochange,interrupted_noisy,previous_hidden_state_keys,0.75,0,target_raw,0.24949936196208,0.0,96
cue_proportion_nochange,interrupted_noisy,previous_hidden_state_keys,0.75,1,target_raw,0.0010547316042751238,2.0595462489783008e-05,96
cue_proportion_nochange,interrupted_noisy,previous_hidden_state_keys,0.75,2,target_raw,0.12321367401940127,0.002415394098957788,96
cue_proportion_nochange,interrupted_noisy,previous_hidden_state_keys,0.75,3,target_raw,0.20787315495545045,0.0016874777462482064,96
cue_proportion_nochange,interrupted_noisy,previous_hidden_state_keys,0.75,4,target_raw,0.3287851039785892,0.009969633957789624,96
cue_proportion_nochange,interrupted_noisy,previous_hidden_state_keys,0.75,5,target_raw,0.3704648610631314,0.010758941751438341,96
cue_proportion_nochange,interrupted_noisy,previous_hidden_state_keys,0.75,6,target_raw,0.48589774558786303,0.025560220178492937,96
cue_proportion_nochange,interrupted_noisy,previous_hidden_state_keys,0.75,0,target_conditional,0.25,0.0,96
cue_proportion_nochange,interrupted_noisy,previous_hidden_state_keys,0.75,1,target_conditional,0.2560146278236501,0.004297192181019615,96
cue_proportion_nochange,interrupted_noisy,previous_hidden_state_keys,0.75,2,target_conditional,0.12326129311624967,0.002416758042647676,96
cue_proportion_nochange,interrupted_noisy,previous_hidden_state_keys,0.75,3,target_conditional,0.27635327216470296,0.0021902801249360686,96
cue_proportion_nochange,interrupted_noisy,previous_hidden_state_keys,0.75,4,target_conditional,0.37796496835642923,0.01124251292787909,96
cue_proportion_nochange,interrupted_noisy,previous_hidden_state_keys,0.75,5,target_conditional,0.4093474766485088,0.01160095015990316,96
cue_proportion_nochange,interrupted_noisy,previous_hidden_state_keys,0.75,6,target_conditional,0.5086601331070472,0.025644509539345647,96
cue_proportion_nochange,interrupted_noisy,previous_hidden_state_keys,0.75,0,target_selectivity,0.0,0.0,96
cue_proportion_nochange,interrupted_noisy,previous_hidden_state_keys,0.75,1,target_selectivity,0.00801950376486671,0.005729589574692819,96
cue_proportion_nochange,interrupted_noisy,previous_hidden_state_keys,0.75,2,target_selectivity,-0.16898494251166699,0.003222344056863567,96
cue_proportion_nochange,interrupted_noisy,previous_hidden_state_keys,0.75,3,target_selectivity,0.03513769621960385,0.0029203734999147584,96
cue_proportion_nochange,interrupted_noisy,previous_hidden_state_keys,0.75,4,target_selectivity,0.17061995780857245,0.014990017237172122,96
cue_proportion_nochange,interrupted_noisy,previous_hidden_state_keys,0.75,5,target_selectivity,0.21246330219801166,0.01546793354653755,96
cue_proportion_nochange,interrupted_noisy,previous_hidden_state_keys,0.75,6,target_selectivity,0.344880177476063,0.03419267938579421,96
cue_proportion_nochange,interrupted_noisy,previous_hidden_state_keys,0.75,0,max_raw_patch,0.24949936196208,0.0,96
cue_proportion_nochange,interrupted_noisy,previous_hidden_state_keys,0.75,1,max_raw_patch,0.0012472938741818023,1.669184451661957e-05,96
cue_proportion_nochange,interrupted_noisy,previous_hidden_state_keys,0.75,2,max_raw_patch,0.36130359939609963,0.004203605356819348,96
cue_proportion_nochange,interrupted_noisy,previous_hidden_state_keys,0.75,3,max_raw_patch,0.21066110604442656,0.0014610701217355796,96
cue_proportion_nochange,interrupted_noisy,previous_hidden_state_keys,0.75,4,max_raw_patch,0.34896968567045406,0.007683300235999001,96
cue_proportion_nochange,interrupted_noisy,previous_hidden_state_keys,0.75,5,max_raw_patch,0.3873933635186404,0.008541220906063863,96
cue_proportion_nochange,interrupted_noisy,previous_hidden_state_keys,0.75,6,max_raw_patch,0.5661261022711793,0.019754276649926763,96
cue_proportion_nochange,interrupted_noisy,previous_hidden_state_keys,0.75,0,max_conditional_patch,0.25,0.0,96
cue_proportion_nochange,interrupted_noisy,previous_hidden_state_keys,0.75,1,max_conditional_patch,0.30278801872765554,0.0027362322178742554,96
cue_proportion_nochange,interrupted_noisy,previous_hidden_state_keys,0.75,2,max_conditional_patch,0.3614402423013196,0.004204437556981249,96
cue_proportion_nochange,interrupted_noisy,previous_hidden_state_keys,0.75,3,max_conditional_patch,0.2800365513837502,0.001817847704641244,96
cue_proportion_nochange,interrupted_noisy,previous_hidden_state_keys,0.75,4,max_conditional_patch,0.4017292848514757,0.008612470609172505,96
cue_proportion_nochange,interrupted_noisy,previous_hidden_state_keys,0.75,5,max_conditional_patch,0.42853317387858914,0.009143130651892414,96
cue_proportion_nochange,interrupted_noisy,previous_hidden_state_keys,0.75,6,max_conditional_patch,0.5930947204062996,0.019168978901088374,96
cue_proportion_nochange,interrupted_noisy,previous_hidden_state_keys,0.75,0,normalized_entropy,1.0,0.0,96
cue_proportion_nochange,interrupted_noisy,previous_hidden_state_keys,0.75,1,normalized_entropy,0.9902580230521748,0.0007291445556476287,96
cue_proportion_nochange,interrupted_noisy,previous_hidden_state_keys,0.75,2,normalized_entropy,0.9484301929576994,0.002101552825771507,96
cue_proportion_nochange,interrupted_noisy,previous_hidden_state_keys,0.75,3,normalized_entropy,0.9966947302643229,0.0004161080503064517,96
cue_proportion_nochange,interrupted_noisy,previous_hidden_state_keys,0.75,4,normalized_entropy,0.9339791312058042,0.005736756173840895,96
cue_proportion_nochange,interrupted_noisy,previous_hidden_state_keys,0.75,5,normalized_entropy,0.9176199321208937,0.006047851168288008,96
cue_proportion_nochange,interrupted_noisy,previous_hidden_state_keys,0.75,6,normalized_entropy,0.7144220088187329,0.024133919464937845,96
cue_proportion_nochange,interrupted_noisy,previous_hidden_state_keys,0.75,0,effective_locations,4.0,0.0,96
cue_proportion_nochange,interrupted_noisy,previous_hidden_state_keys,0.75,1,effective_locations,3.946532998219674,0.003967795038990095,96
cue_proportion_nochange,interrupted_noisy,previous_hidden_state_keys,0.75,2,effective_locations,3.7255097860214814,0.010739299394133671,96
cue_proportion_nochange,interrupted_noisy,previous_hidden_state_keys,0.75,3,effective_locations,3.9817760616505455,0.002270063723133472,96
cue_proportion_nochange,interrupted_noisy,previous_hidden_state_keys,0.75,4,effective_locations,3.6607569243185547,0.027641490105666976,96
cue_proportion_nochange,interrupted_noisy,previous_hidden_state_keys,0.75,5,effective_locations,3.5799585926064865,0.0289995444828282,96
cue_proportion_nochange,interrupted_noisy,previous_hidden_state_keys,0.75,6,effective_locations,2.820591739701852,0.07841631864426621,96
cue_proportion_nochange,historical_clean,current_image_keys,1.0,0,source_share,0.003932131236069836,0.0,96
cue_proportion_nochange,historical_clean,current_image_keys,1.0,1,source_share,0.6486060093302513,0.0,96
cue_proportion_nochange,historical_clean,current_image_keys,1.0,2,source_share,0.017295148340053856,0.0,96
cue_proportion_nochange,historical_clean,current_image_keys,1.0,3,source_share,0.25669234684028197,0.003437983207652935,96
cue_proportion_nochange,historical_clean,current_image_keys,1.0,4,source_share,0.1256516353872333,0.0030885696395438066,96
cue_proportion_nochange,historical_clean,current_image_keys,1.0,5,source_share,0.10076204575367835,0.003334922751467589,96
cue_proportion_nochange,historical_clean,current_image_keys,1.0,6,source_share,0.14396195646842594,0.008382838947173626,96
cue_proportion_nochange,historical_clean,current_image_keys,1.0,0,cue_raw,0.0009544016065774485,0.0,96
cue_proportion_nochange,historical_clean,current_image_keys,1.0,1,cue_raw,0.6357894744724035,0.0,96
cue_proportion_nochange,historical_clean,current_image_keys,1.0,2,cue_raw,0.0042612976976670325,0.0,96
cue_proportion_nochange,historical_clean,current_image_keys,1.0,3,cue_raw,0.06531712739767197,0.002534100661346627,96
cue_proportion_nochange,historical_clean,current_image_keys,1.0,4,cue_raw,0.031971555024938425,0.0014194403599669687,96
cue_proportion_nochange,historical_clean,current_image_keys,1.0,5,cue_raw,0.024802150250858784,0.001100676336119561,96
cue_proportion_nochange,historical_clean,current_image_keys,1.0,6,cue_raw,0.033533558567720924,0.0025226812710387224,96
cue_proportion_nochange,historical_clean,current_image_keys,1.0,0,cue_conditional,0.2427186554260006,5.695323946259569e-18,96
cue_proportion_nochange,historical_clean,current_image_keys,1.0,1,cue_conditional,0.9802398764835946,1.3668777471022964e-16,96
cue_proportion_nochange,historical_clean,current_image_keys,1.0,2,cue_conditional,0.24638688341274784,2.2781295785038275e-17,96
cue_proportion_nochange,historical_clean,current_image_keys,1.0,3,cue_conditional,0.2549969595526645,0.00919271483901895,96
cue_proportion_nochange,historical_clean,current_image_keys,1.0,4,cue_conditional,0.25899590531280875,0.010959688149807736,96
cue_proportion_nochange,historical_clean,current_image_keys,1.0,5,cue_conditional,0.2521023363710621,0.00918140344690212,96
cue_proportion_nochange,historical_clean,current_image_keys,1.0,6,cue_conditional,0.2358187103626633,0.010876706379319576,96
cue_proportion_nochange,historical_clean,current_image_keys,1.0,0,target_raw,0.0009544016065774485,0.0,96
cue_proportion_nochange,historical_clean,current_image_keys,1.0,1,target_raw,0.6357894744724035,0.0,96
cue_proportion_nochange,historical_clean,current_image_keys,1.0,2,target_raw,0.0042612976976670325,0.0,96
cue_proportion_nochange,historical_clean,current_image_keys,1.0,3,target_raw,0.06531712739767197,0.002534100661346627,96
cue_proportion_nochange,historical_clean,current_image_keys,1.0,4,target_raw,0.031971555024938425,0.0014194403599669687,96
cue_proportion_nochange,historical_clean,current_image_keys,1.0,5,target_raw,0.024802150250858784,0.001100676336119561,96
cue_proportion_nochange,historical_clean,current_image_keys,1.0,6,target_raw,0.033533558567720924,0.0025226812710387224,96
cue_proportion_nochange,historical_clean,current_image_keys,1.0,0,target_conditional,0.2427186554260006,5.695323946259569e-18,96
cue_proportion_nochange,historical_clean,current_image_keys,1.0,1,target_conditional,0.9802398764835946,1.3668777471022964e-16,96
cue_proportion_nochange,historical_clean,current_image_keys,1.0,2,target_conditional,0.24638688341274784,2.2781295785038275e-17,96
cue_proportion_nochange,historical_clean,current_image_keys,1.0,3,target_conditional,0.2549969595526645,0.00919271483901895,96
cue_proportion_nochange,historical_clean,current_image_keys,1.0,4,target_conditional,0.25899590531280875,0.010959688149807736,96
cue_proportion_nochange,historical_clean,current_image_keys,1.0,5,target_conditional,0.2521023363710621,0.00918140344690212,96
cue_proportion_nochange,historical_clean,current_image_keys,1.0,6,target_conditional,0.2358187103626633,0.010876706379319576,96
cue_proportion_nochange,historical_clean,current_image_keys,1.0,0,target_selectivity,-0.009708459431999153,1.9577676065267264e-18,96
cue_proportion_nochange,historical_clean,current_image_keys,1.0,1,target_selectivity,0.9736531686447923,2.2781295785038274e-16,96
cue_proportion_nochange,historical_clean,current_image_keys,1.0,2,target_selectivity,-0.004817488783002588,0.0,96
cue_proportion_nochange,historical_clean,current_image_keys,1.0,3,target_selectivity,0.006662612736885919,0.012256953118691932,96
cue_proportion_nochange,historical_clean,current_image_keys,1.0,4,target_selectivity,0.011994540417078274,0.01461291753307698,96
cue_proportion_nochange,historical_clean,current_image_keys,1.0,5,target_selectivity,0.002803115161416041,0.01224187126253616,96
cue_proportion_nochange,historical_clean,current_image_keys,1.0,6,target_selectivity,-0.01890838618311555,0.0145022751724261,96
cue_proportion_nochange,historical_clean,current_image_keys,1.0,0,max_raw_patch,0.0010343765170546249,0.0,96
cue_proportion_nochange,historical_clean,current_image_keys,1.0,1,max_raw_patch,0.6357894744724035,0.0,96
cue_proportion_nochange,historical_clean,current_image_keys,1.0,2,max_raw_patch,0.004497407120652497,0.0,96
cue_proportion_nochange,historical_clean,current_image_keys,1.0,3,max_raw_patch,0.09349775455484632,0.0020561304582076803,96
cue_proportion_nochange,historical_clean,current_image_keys,1.0,4,max_raw_patch,0.048507885469007306,0.001568243391357765,96
cue_proportion_nochange,historical_clean,current_image_keys,1.0,5,max_raw_patch,0.037781785441135675,0.0013885833371933437,96
cue_proportion_nochange,historical_clean,current_image_keys,1.0,6,max_raw_patch,0.058425370667767616,0.003681972646134431,96
cue_proportion_nochange,historical_clean,current_image_keys,1.0,0,max_conditional_patch,0.26305747569312715,5.1257915516336117e-17,96
cue_proportion_nochange,historical_clean,current_image_keys,1.0,1,max_conditional_patch,0.9802398764835946,1.3668777471022964e-16,96
cue_proportion_nochange,historical_clean,current_image_keys,1.0,2,max_conditional_patch,0.26003865547871285,0.0,96
cue_proportion_nochange,historical_clean,current_image_keys,1.0,3,max_conditional_patch,0.36281972394495043,0.005666822422130798,96
cue_proportion_nochange,historical_clean,current_image_keys,1.0,4,max_conditional_patch,0.3844600833878476,0.006852173186621826,96
cue_proportion_nochange,historical_clean,current_image_keys,1.0,5,max_conditional_patch,0.374058043871811,0.006670533206769381,96
cue_proportion_nochange,historical_clean,current_image_keys,1.0,6,max_conditional_patch,0.4020299654746498,0.0077358235139019125,96
cue_proportion_nochange,historical_clean,current_image_keys,1.0,0,normalized_entropy,0.9990009113721025,2.0503166206534447e-16,96
cue_proportion_nochange,historical_clean,current_image_keys,1.0,1,normalized_entropy,0.08551769154771648,1.566214085221381e-17,96
cue_proportion_nochange,historical_clean,current_image_keys,1.0,2,normalized_entropy,0.9994611822106524,7.973453524763395e-17,96
cue_proportion_nochange,historical_clean,current_image_keys,1.0,3,normalized_entropy,0.9591446816706362,0.002830784748023102,96
cue_proportion_nochange,historical_clean,current_image_keys,1.0,4,normalized_entropy,0.9419537556003205,0.004056550978179965,96
cue_proportion_nochange,historical_clean,current_image_keys,1.0,5,normalized_entropy,0.9509732277888522,0.0036370883853668076,96
cue_proportion_nochange,historical_clean,current_image_keys,1.0,6,normalized_entropy,0.9280634323691784,0.004884968641878509,96
cue_proportion_nochange,historical_clean,current_image_keys,1.0,0,effective_locations,3.994463711126229,0.0,96
cue_proportion_nochange,historical_clean,current_image_keys,1.0,1,effective_locations,1.1258661984467155,1.1390647892519137e-16,96
cue_proportion_nochange,historical_clean,current_image_keys,1.0,2,effective_locations,3.997013275368714,5.01188507270842e-16,96
cue_proportion_nochange,historical_clean,current_image_keys,1.0,3,effective_locations,3.7824878371835955,0.014652060505750682,96
cue_proportion_nochange,historical_clean,current_image_keys,1.0,4,effective_locations,3.696188693670703,0.020276016080855233,96
cue_proportion_nochange,historical_clean,current_image_keys,1.0,5,effective_locations,3.741602784845776,0.01835371082546235,96
cue_proportion_nochange,historical_clean,current_image_keys,1.0,6,effective_locations,3.6280716203054673,0.02382209028550591,96
cue_proportion_nochange,historical_clean,previous_hidden_state_keys,1.0,0,source_share,0.9960678964853287,0.0,96
cue_proportion_nochange,historical_clean,previous_hidden_state_keys,1.0,1,source_share,0.3513939813710749,0.0,96
cue_proportion_nochange,historical_clean,previous_hidden_state_keys,1.0,2,source_share,0.9827048368752003,0.0,96
cue_proportion_nochange,historical_clean,previous_hidden_state_keys,1.0,3,source_share,0.7433076539891772,0.00343798340111621,96
cue_proportion_nochange,historical_clean,previous_hidden_state_keys,1.0,4,source_share,0.8743483664729865,0.0030885699526524034,96
cue_proportion_nochange,historical_clean,previous_hidden_state_keys,1.0,5,source_share,0.8992379564103127,0.0033349229436498828,96
cue_proportion_nochange,historical_clean,previous_hidden_state_keys,1.0,6,source_share,0.8560380460423858,0.008382839349639716,96
cue_proportion_nochange,historical_clean,previous_hidden_state_keys,1.0,0,cue_raw,0.24901697412133217,0.0,96
cue_proportion_nochange,historical_clean,previous_hidden_state_keys,1.0,1,cue_raw,0.08637823536992073,0.0,96
cue_proportion_nochange,historical_clean,previous_hidden_state_keys,1.0,2,cue_raw,0.4839759096503258,0.0,96
cue_proportion_nochange,historical_clean,previous_hidden_state_keys,1.0,3,cue_raw,0.33772117520372075,0.002542265120906242,96
cue_proportion_nochange,historical_clean,previous_hidden_state_keys,1.0,4,cue_raw,0.4668840264203027,0.011053333355925635,96
cue_proportion_nochange,historical_clean,previous_hidden_state_keys,1.0,5,cue_raw,0.4741682265497123,0.013432097237544672,96
cue_proportion_nochange,historical_clean,previous_hidden_state_keys,1.0,6,cue_raw,0.4843914683830614,0.02463099214230076,96
cue_proportion_nochange,historical_clean,previous_hidden_state_keys,1.0,0,cue_conditional,0.25,0.0,96
cue_proportion_nochange,historical_clean,previous_hidden_state_keys,1.0,1,cue_conditional,0.24581592158433832,3.9867267623816976e-17,96
cue_proportion_nochange,historical_clean,previous_hidden_state_keys,1.0,2,cue_conditional,0.49249366797589994,0.0,96
cue_proportion_nochange,historical_clean,previous_hidden_state_keys,1.0,3,cue_conditional,0.4539797648549213,0.0020098502785795298,96
cue_proportion_nochange,historical_clean,previous_hidden_state_keys,1.0,4,cue_conditional,0.5321289766512446,0.011631611115037107,96
cue_proportion_nochange,historical_clean,previous_hidden_state_keys,1.0,5,cue_conditional,0.5247848911369452,0.013832244454130428,96
cue_proportion_nochange,historical_clean,previous_hidden_state_keys,1.0,6,cue_conditional,0.5529116448341457,0.024496143161202705,96
cue_proportion_nochange,historical_clean,previous_hidden_state_keys,1.0,0,target_raw,0.24901697412133217,0.0,96
cue_proportion_nochange,historical_clean,previous_hidden_state_keys,1.0,1,target_raw,0.08637823536992073,0.0,96
cue_proportion_nochange,historical_clean,previous_hidden_state_keys,1.0,2,target_raw,0.4839759096503258,0.0,96
cue_proportion_nochange,historical_clean,previous_hidden_state_keys,1.0,3,target_raw,0.33772117520372075,0.002542265120906242,96
cue_proportion_nochange,historical_clean,previous_hidden_state_keys,1.0,4,target_raw,0.4668840264203027,0.011053333355925635,96
cue_proportion_nochange,historical_clean,previous_hidden_state_keys,1.0,5,target_raw,0.4741682265497123,0.013432097237544672,96
cue_proportion_nochange,historical_clean,previous_hidden_state_keys,1.0,6,target_raw,0.4843914683830614,0.02463099214230076,96
cue_proportion_nochange,historical_clean,previous_hidden_state_keys,1.0,0,target_conditional,0.25,0.0,96
cue_proportion_nochange,historical_clean,previous_hidden_state_keys,1.0,1,target_conditional,0.24581592158433832,3.9867267623816976e-17,96
cue_proportion_nochange,historical_clean,previous_hidden_state_keys,1.0,2,target_conditional,0.49249366797589994,0.0,96
cue_proportion_nochange,historical_clean,previous_hidden_state_keys,1.0,3,target_conditional,0.4539797648549213,0.0020098502785795298,96
cue_proportion_nochange,historical_clean,previous_hidden_state_keys,1.0,4,target_conditional,0.5321289766512446,0.011631611115037107,96
cue_proportion_nochange,historical_clean,previous_hidden_state_keys,1.0,5,target_conditional,0.5247848911369452,0.013832244454130428,96
cue_proportion_nochange,historical_clean,previous_hidden_state_keys,1.0,6,target_conditional,0.5529116448341457,0.024496143161202705,96
cue_proportion_nochange,historical_clean,previous_hidden_state_keys,1.0,0,target_selectivity,0.0,0.0,96
cue_proportion_nochange,historical_clean,previous_hidden_state_keys,1.0,1,target_selectivity,-0.005578771220881697,1.5128204232251978e-18,96
cue_proportion_nochange,historical_clean,previous_hidden_state_keys,1.0,2,target_selectivity,0.3233248906345338,5.1257915516336117e-17,96
cue_proportion_nochange,historical_clean,previous_hidden_state_keys,1.0,3,target_selectivity,0.27197301980656186,0.0026798003714393736,96
cue_proportion_nochange,historical_clean,previous_hidden_state_keys,1.0,4,target_selectivity,0.37617196886832627,0.015508814820049477,96
cue_proportion_nochange,historical_clean,previous_hidden_state_keys,1.0,5,target_selectivity,0.3663798548492602,0.018442992605507233,96
cue_proportion_nochange,historical_clean,previous_hidden_state_keys,1.0,6,target_selectivity,0.4038821931121945,0.032661524214936934,96
cue_proportion_nochange,historical_clean,previous_hidden_state_keys,1.0,0,max_raw_patch,0.24901697412133217,0.0,96
cue_proportion_nochange,historical_clean,previous_hidden_state_keys,1.0,1,max_raw_patch,0.09103879146277905,0.0,96
cue_proportion_nochange,historical_clean,previous_hidden_state_keys,1.0,2,max_raw_patch,0.4839759096503258,0.0,96
cue_proportion_nochange,historical_clean,previous_hidden_state_keys,1.0,3,max_raw_patch,0.33772117520372075,0.002542265120906242,96
cue_proportion_nochange,historical_clean,previous_hidden_state_keys,1.0,4,max_raw_patch,0.46820718752375495,0.010820300285098184,96
cue_proportion_nochange,historical_clean,previous_hidden_state_keys,1.0,5,max_raw_patch,0.47803077738111216,0.012846603730939493,96
cue_proportion_nochange,historical_clean,previous_hidden_state_keys,1.0,6,max_raw_patch,0.5217955828799555,0.02133584518641917,96
cue_proportion_nochange,historical_clean,previous_hidden_state_keys,1.0,0,max_conditional_patch,0.25,0.0,96
cue_proportion_nochange,historical_clean,previous_hidden_state_keys,1.0,1,max_conditional_patch,0.2590789720061863,5.695323946259569e-18,96
cue_proportion_nochange,historical_clean,previous_hidden_state_keys,1.0,2,max_conditional_patch,0.49249366797589994,0.0,96
cue_proportion_nochange,historical_clean,previous_hidden_state_keys,1.0,3,max_conditional_patch,0.4539797648549213,0.0020098502785795298,96
cue_proportion_nochange,historical_clean,previous_hidden_state_keys,1.0,4,max_conditional_patch,0.5336715504619253,0.01134737217484767,96
cue_proportion_nochange,historical_clean,previous_hidden_state_keys,1.0,5,max_conditional_patch,0.5291979772735189,0.013147304582815036,96
cue_proportion_nochange,historical_clean,previous_hidden_state_keys,1.0,6,max_conditional_patch,0.5967862056858774,0.02001560955450426,96
cue_proportion_nochange,historical_clean,previous_hidden_state_keys,1.0,0,normalized_entropy,1.0,0.0,96
cue_proportion_nochange,historical_clean,previous_hidden_state_keys,1.0,1,normalized_entropy,0.999593978550096,1.3668777471022964e-16,96
cue_proportion_nochange,historical_clean,previous_hidden_state_keys,1.0,2,normalized_entropy,0.9010822737827637,1.822503662803062e-16,96
cue_proportion_nochange,historical_clean,previous_hidden_state_keys,1.0,3,normalized_entropy,0.9290836446375069,0.0013037071592178417,96
cue_proportion_nochange,historical_clean,previous_hidden_state_keys,1.0,4,normalized_entropy,0.8386227177950959,0.01010899008542704,96
cue_proportion_nochange,historical_clean,previous_hidden_state_keys,1.0,5,normalized_entropy,0.8345662489939593,0.012495569179117809,96
cue_proportion_nochange,historical_clean,previous_hidden_state_keys,1.0,6,normalized_entropy,0.7171737850097766,0.024985428947760718,96
cue_proportion_nochange,historical_clean,previous_hidden_state_keys,1.0,0,effective_locations,4.0,0.0,96
cue_proportion_nochange,historical_clean,previous_hidden_state_keys,1.0,1,effective_locations,3.997749172529724,5.467510988409185e-16,96
cue_proportion_nochange,historical_clean,previous_hidden_state_keys,1.0,2,effective_locations,3.4874306967491084,2.7337554942045927e-16,96
cue_proportion_nochange,historical_clean,previous_hidden_state_keys,1.0,3,effective_locations,3.6260312037562046,0.006563130696605071,96
cue_proportion_nochange,historical_clean,previous_hidden_state_keys,1.0,4,effective_locations,3.2273565177096306,0.04353307776519678,96
cue_proportion_nochange,historical_clean,previous_hidden_state_keys,1.0,5,effective_locations,3.223527325778076,0.05178422851833838,96
cue_proportion_nochange,historical_clean,previous_hidden_state_keys,1.0,6,effective_locations,2.842346788580892,0.08292292220881424,96
cue_proportion_nochange,interrupted_noisy,current_image_keys,1.0,0,source_share,0.0020025696212542243,0.0,96
cue_proportion_nochange,interrupted_noisy,current_image_keys,1.0,1,source_share,0.9957215887249914,3.9088466649610056e-05,96
cue_proportion_nochange,interrupted_noisy,current_image_keys,1.0,2,source_share,0.0003797433609804557,5.208007108634275e-06,96
cue_proportion_nochange,interrupted_noisy,current_image_keys,1.0,3,source_share,0.24649916616423675,0.004977564689362654,96
cue_proportion_nochange,interrupted_noisy,current_image_keys,1.0,4,source_share,0.13187708806678225,0.0032226111456185908,96
cue_proportion_nochange,interrupted_noisy,current_image_keys,1.0,5,source_share,0.09706399334027083,0.0024234172688622035,96
cue_proportion_nochange,interrupted_noisy,current_image_keys,1.0,6,source_share,0.05246239934553879,0.0036939156005060983,96
cue_proportion_nochange,interrupted_noisy,current_image_keys,1.0,0,cue_raw,0.0005122764559928328,0.0,96
cue_proportion_nochange,interrupted_noisy,current_image_keys,1.0,1,cue_raw,0.7489081182383946,1.360760053830013e-05,96
cue_proportion_nochange,interrupted_noisy,current_image_keys,1.0,2,cue_raw,9.682877801727348e-05,1.3283083675251325e-06,96
cue_proportion_nochange,interrupted_noisy,current_image_keys,1.0,3,cue_raw,0.06167743794503622,0.0037345776836831966,96
cue_proportion_nochange,interrupted_noisy,current_image_keys,1.0,4,cue_raw,0.03232677736377809,0.00207933351586751,96
cue_proportion_nochange,interrupted_noisy,current_image_keys,1.0,5,cue_raw,0.022429556018323638,0.0014323931547453002,96
cue_proportion_nochange,interrupted_noisy,current_image_keys,1.0,6,cue_raw,0.013220494737031649,0.0016536407026610433,96
cue_proportion_nochange,interrupted_noisy,current_image_keys,1.0,0,cue_conditional,0.25580956115372905,1.1390647892519137e-17,96
cue_proportion_nochange,interrupted_noisy,current_image_keys,1.0,1,cue_conditional,0.752126117785476,2.8647487647208498e-05,96
cue_proportion_nochange,interrupted_noisy,current_image_keys,1.0,2,cue_conditional,0.25498356981307174,1.3527236718142968e-06,96
cue_proportion_nochange,interrupted_noisy,current_image_keys,1.0,3,cue_conditional,0.2478282873618648,0.013240014126137416,96
cue_proportion_nochange,interrupted_noisy,current_image_keys,1.0,4,cue_conditional,0.2465957911140764,0.014822633920913353,96
cue_proportion_nochange,interrupted_noisy,current_image_keys,1.0,5,cue_conditional,0.24068217569384162,0.015261267221629205,96
cue_proportion_nochange,interrupted_noisy,current_image_keys,1.0,6,cue_conditional,0.24874961452488076,0.01737132107707678,96
cue_proportion_nochange,interrupted_noisy,current_image_keys,1.0,0,target_raw,0.0005122764559928328,0.0,96
cue_proportion_nochange,interrupted_noisy,current_image_keys,1.0,1,target_raw,0.7489081182383946,1.360760053830013e-05,96
cue_proportion_nochange,interrupted_noisy,current_image_keys,1.0,2,target_raw,9.682877801727348e-05,1.3283083675251325e-06,96
cue_proportion_nochange,interrupted_noisy,current_image_keys,1.0,3,target_raw,0.06167743794503622,0.0037345776836831966,96
cue_proportion_nochange,interrupted_noisy,current_image_keys,1.0,4,target_raw,0.03232677736377809,0.00207933351586751,96
cue_proportion_nochange,interrupted_noisy,current_image_keys,1.0,5,target_raw,0.022429556018323638,0.0014323931547453002,96
cue_proportion_nochange,interrupted_noisy,current_image_keys,1.0,6,target_raw,0.013220494737031649,0.0016536407026610433,96
cue_proportion_nochange,interrupted_noisy,current_image_keys,1.0,0,target_conditional,0.25580956115372905,1.1390647892519137e-17,96
cue_proportion_nochange,interrupted_noisy,current_image_keys,1.0,1,target_conditional,0.752126117785476,2.8647487647208498e-05,96
cue_proportion_nochange,interrupted_noisy,current_image_keys,1.0,2,target_conditional,0.25498356981307174,1.3527236718142968e-06,96
cue_proportion_nochange,interrupted_noisy,current_image_keys,1.0,3,target_conditional,0.2478282873618648,0.013240014126137416,96
cue_proportion_nochange,interrupted_noisy,current_image_keys,1.0,4,target_conditional,0.2465957911140764,0.014822633920913353,96
cue_proportion_nochange,interrupted_noisy,current_image_keys,1.0,5,target_conditional,0.24068217569384162,0.015261267221629205,96
cue_proportion_nochange,interrupted_noisy,current_image_keys,1.0,6,target_conditional,0.24874961452488076,0.01737132107707678,96
cue_proportion_nochange,interrupted_noisy,current_image_keys,1.0,0,target_selectivity,0.007746081538305573,1.868778169866421e-18,96
cue_proportion_nochange,interrupted_noisy,current_image_keys,1.0,1,target_selectivity,0.6695014903806351,3.819665019627802e-05,96
cue_proportion_nochange,interrupted_noisy,current_image_keys,1.0,2,target_selectivity,0.006644759750762369,1.8036315624192907e-06,96
cue_proportion_nochange,interrupted_noisy,current_image_keys,1.0,3,target_selectivity,-0.002895616850846784,0.01765335216818322,96
cue_proportion_nochange,interrupted_noisy,current_image_keys,1.0,4,target_selectivity,-0.00453894518123148,0.01976351189455114,96
cue_proportion_nochange,interrupted_noisy,current_image_keys,1.0,5,target_selectivity,-0.012423765741544607,0.020348356295505604,96
cue_proportion_nochange,interrupted_noisy,current_image_keys,1.0,6,target_selectivity,-0.001667180633492446,0.023161761436102383,96
cue_proportion_nochange,interrupted_noisy,current_image_keys,1.0,0,max_raw_patch,0.0005371913575800136,0.0,96
cue_proportion_nochange,interrupted_noisy,current_image_keys,1.0,1,max_raw_patch,0.7489081182383946,1.360760053830013e-05,96
cue_proportion_nochange,interrupted_noisy,current_image_keys,1.0,2,max_raw_patch,0.00010147409998732353,1.3920547400012287e-06,96
cue_proportion_nochange,interrupted_noisy,current_image_keys,1.0,3,max_raw_patch,0.10298311106453184,0.0029058374105114517,96
cue_proportion_nochange,interrupted_noisy,current_image_keys,1.0,4,max_raw_patch,0.05907002013312498,0.0020421126621227585,96
cue_proportion_nochange,interrupted_noisy,current_image_keys,1.0,5,max_raw_patch,0.044162985775377216,0.0017311550562629909,96
cue_proportion_nochange,interrupted_noisy,current_image_keys,1.0,6,max_raw_patch,0.026183351836043773,0.002070468874807418,96
cue_proportion_nochange,interrupted_noisy,current_image_keys,1.0,0,max_conditional_patch,0.26825102701975817,1.1390647892519137e-17,96
cue_proportion_nochange,interrupted_noisy,current_image_keys,1.0,1,max_conditional_patch,0.752126117785476,2.8647487647208498e-05,96
cue_proportion_nochange,interrupted_noisy,current_image_keys,1.0,2,max_conditional_patch,0.26721625085092127,1.5097512933104672e-06,96
cue_proportion_nochange,interrupted_noisy,current_image_keys,1.0,3,max_conditional_patch,0.4175248694549272,0.009600748577629171,96
cue_proportion_nochange,interrupted_noisy,current_image_keys,1.0,4,max_conditional_patch,0.44542869064810664,0.011229629857159015,96
cue_proportion_nochange,interrupted_noisy,current_image_keys,1.0,5,max_conditional_patch,0.4471505780900928,0.010994620368749843,96
cue_proportion_nochange,interrupted_noisy,current_image_keys,1.0,6,max_conditional_patch,0.47424369223202995,0.01351857544027075,96
cue_proportion_nochange,interrupted_noisy,current_image_keys,1.0,0,normalized_entropy,0.9990166238567765,1.594690704952679e-16,96
cue_proportion_nochange,interrupted_noisy,current_image_keys,1.0,1,normalized_entropy,0.6001128407712424,4.5613145614178727e-05,96
cue_proportion_nochange,interrupted_noisy,current_image_keys,1.0,2,normalized_entropy,0.9991528047694785,1.4115583847559832e-07,96
cue_proportion_nochange,interrupted_noisy,current_image_keys,1.0,3,normalized_entropy,0.9169593259154972,0.0057723477361484934,96
cue_proportion_nochange,interrupted_noisy,current_image_keys,1.0,4,normalized_entropy,0.8872477521976924,0.007871046668291753,96
cue_proportion_nochange,interrupted_noisy,current_image_keys,1.0,5,normalized_entropy,0.8813758877939227,0.007435450348426632,96
cue_proportion_nochange,interrupted_noisy,current_image_keys,1.0,6,normalized_entropy,0.8494011654588105,0.010352951551481668,96
cue_proportion_nochange,interrupted_noisy,current_image_keys,1.0,0,effective_locations,3.9945507199973203,2.7337554942045927e-16,96
cue_proportion_nochange,interrupted_noisy,current_image_keys,1.0,1,effective_locations,2.2977565574590395,0.0001452832556776008,96
cue_proportion_nochange,interrupted_noisy,current_image_keys,1.0,2,effective_locations,3.9953049097660656,7.818154145133405e-07,96
cue_proportion_nochange,interrupted_noisy,current_image_keys,1.0,3,effective_locations,3.575750336072765,0.028053721345594522,96
cue_proportion_nochange,interrupted_noisy,current_image_keys,1.0,4,effective_locations,3.440162128509032,0.03638395751435014,96
cue_proportion_nochange,interrupted_noisy,current_image_keys,1.0,5,effective_locations,3.410507861087995,0.03487396079230998,96
cue_proportion_nochange,interrupted_noisy,current_image_keys,1.0,6,effective_locations,3.2779421436857366,0.04650293958673024,96
cue_proportion_nochange,interrupted_noisy,previous_hidden_state_keys,1.0,0,source_share,0.99799744784832,0.0,96
cue_proportion_nochange,interrupted_noisy,previous_hidden_state_keys,1.0,1,source_share,0.00427843707033541,3.9088691620225055e-05,96
cue_proportion_nochange,interrupted_noisy,previous_hidden_state_keys,1.0,2,source_share,0.9996202604961582,5.20777202962268e-06,96
cue_proportion_nochange,interrupted_noisy,previous_hidden_state_keys,1.0,3,source_share,0.7535008358148237,0.00497756473142056,96
cue_proportion_nochange,interrupted_noisy,previous_hidden_state_keys,1.0,4,source_share,0.8681229158682982,0.003222611016571045,96
cue_proportion_nochange,interrupted_noisy,previous_hidden_state_keys,1.0,5,source_share,0.9029360084338501,0.0024234175438472877,96
cue_proportion_nochange,interrupted_noisy,previous_hidden_state_keys,1.0,6,source_share,0.947537600036469,0.003693914974214908,96
cue_proportion_nochange,interrupted_noisy,previous_hidden_state_keys,1.0,0,cue_raw,0.24949936196208,0.0,96
cue_proportion_nochange,interrupted_noisy,previous_hidden_state_keys,1.0,1,cue_raw,0.0010961364315183648,2.1506884341113248e-05,96
cue_proportion_nochange,interrupted_noisy,previous_hidden_state_keys,1.0,2,cue_raw,0.12584815537168956,0.002441477368493898,96
cue_proportion_nochange,interrupted_noisy,previous_hidden_state_keys,1.0,3,cue_raw,0.2081138497645346,0.001688872499266671,96
cue_proportion_nochange,interrupted_noisy,previous_hidden_state_keys,1.0,4,cue_raw,0.3286482857268614,0.009971981546294582,96
cue_proportion_nochange,interrupted_noisy,previous_hidden_state_keys,1.0,5,cue_raw,0.3706715161873338,0.010767793206164377,96
cue_proportion_nochange,interrupted_noisy,previous_hidden_state_keys,1.0,6,cue_raw,0.48628953119623475,0.02557198507339104,96
cue_proportion_nochange,interrupted_noisy,previous_hidden_state_keys,1.0,0,cue_conditional,0.25,0.0,96
cue_proportion_nochange,interrupted_noisy,previous_hidden_state_keys,1.0,1,cue_conditional,0.25601413144709206,0.004313303423819129,96
cue_proportion_nochange,interrupted_noisy,previous_hidden_state_keys,1.0,2,cue_conditional,0.1258967258081423,0.00244285850244232,96
cue_proportion_nochange,interrupted_noisy,previous_hidden_state_keys,1.0,3,cue_conditional,0.27667869916436777,0.0021977148687408595,96
cue_proportion_nochange,interrupted_noisy,previous_hidden_state_keys,1.0,4,cue_conditional,0.37782443119136383,0.011246646342312854,96
cue_proportion_nochange,interrupted_noisy,previous_hidden_state_keys,1.0,5,cue_conditional,0.4095637310843058,0.011610097154850918,96
cue_proportion_nochange,interrupted_noisy,previous_hidden_state_keys,1.0,6,cue_conditional,0.5090434116521703,0.025654427314186417,96
cue_proportion_nochange,interrupted_noisy,previous_hidden_state_keys,1.0,0,target_raw,0.24949936196208,0.0,96
cue_proportion_nochange,interrupted_noisy,previous_hidden_state_keys,1.0,1,target_raw,0.0010961364315183648,2.1506884341113248e-05,96
cue_proportion_nochange,interrupted_noisy,previous_hidden_state_keys,1.0,2,target_raw,0.12584815537168956,0.002441477368493898,96
cue_proportion_nochange,interrupted_noisy,previous_hidden_state_keys,1.0,3,target_raw,0.2081138497645346,0.001688872499266671,96
cue_proportion_nochange,interrupted_noisy,previous_hidden_state_keys,1.0,4,target_raw,0.3286482857268614,0.009971981546294582,96
cue_proportion_nochange,interrupted_noisy,previous_hidden_state_keys,1.0,5,target_raw,0.3706715161873338,0.010767793206164377,96
cue_proportion_nochange,interrupted_noisy,previous_hidden_state_keys,1.0,6,target_raw,0.48628953119623475,0.02557198507339104,96
cue_proportion_nochange,interrupted_noisy,previous_hidden_state_keys,1.0,0,target_conditional,0.25,0.0,96
cue_proportion_nochange,interrupted_noisy,previous_hidden_state_keys,1.0,1,target_conditional,0.25601413144709206,0.004313303423819129,96
cue_proportion_nochange,interrupted_noisy,previous_hidden_state_keys,1.0,2,target_conditional,0.1258967258081423,0.00244285850244232,96
cue_proportion_nochange,interrupted_noisy,previous_hidden_state_keys,1.0,3,target_conditional,0.27667869916436777,0.0021977148687408595,96
cue_proportion_nochange,interrupted_noisy,previous_hidden_state_keys,1.0,4,target_conditional,0.37782443119136383,0.011246646342312854,96
cue_proportion_nochange,interrupted_noisy,previous_hidden_state_keys,1.0,5,target_conditional,0.4095637310843058,0.011610097154850918,96
cue_proportion_nochange,interrupted_noisy,previous_hidden_state_keys,1.0,6,target_conditional,0.5090434116521703,0.025654427314186417,96
cue_proportion_nochange,interrupted_noisy,previous_hidden_state_keys,1.0,0,target_selectivity,0.0,0.0,96
cue_proportion_nochange,interrupted_noisy,previous_hidden_state_keys,1.0,1,target_selectivity,0.00801884192945618,0.005751071231758838,96
cue_proportion_nochange,interrupted_noisy,previous_hidden_state_keys,1.0,2,target_selectivity,-0.16547103225581025,0.0032571446699230927,96
cue_proportion_nochange,interrupted_noisy,previous_hidden_state_keys,1.0,3,target_selectivity,0.03557159888582366,0.0029302864916544804,96
cue_proportion_nochange,interrupted_noisy,previous_hidden_state_keys,1.0,4,target_selectivity,0.17043257492181832,0.014995528456417138,96
cue_proportion_nochange,interrupted_noisy,previous_hidden_state_keys,1.0,5,target_selectivity,0.2127516414457411,0.015480129539801225,96
cue_proportion_nochange,interrupted_noisy,previous_hidden_state_keys,1.0,6,target_selectivity,0.3453912155362269,0.0342059030855819,96
cue_proportion_nochange,interrupted_noisy,previous_hidden_state_keys,1.0,0,max_raw_patch,0.24949936196208,0.0,96
cue_proportion_nochange,interrupted_noisy,previous_hidden_state_keys,1.0,1,max_raw_patch,0.0012971072239148878,1.7500082964854657e-05,96
cue_proportion_nochange,interrupted_noisy,previous_hidden_state_keys,1.0,2,max_raw_patch,0.3599763294526686,0.0041911717401842885,96
cue_proportion_nochange,interrupted_noisy,previous_hidden_state_keys,1.0,3,max_raw_patch,0.21082881093025208,0.0014653029672292083,96
cue_proportion_nochange,interrupted_noisy,previous_hidden_state_keys,1.0,4,max_raw_patch,0.3488823124983658,0.007681032575609332,96
cue_proportion_nochange,interrupted_noisy,previous_hidden_state_keys,1.0,5,max_raw_patch,0.38756006269250065,0.008554226049081924,96
cue_proportion_nochange,interrupted_noisy,previous_hidden_state_keys,1.0,6,max_raw_patch,0.5664032296044752,0.01977003690783898,96
cue_proportion_nochange,interrupted_noisy,previous_hidden_state_keys,1.0,0,max_conditional_patch,0.25,0.0,96
cue_proportion_nochange,interrupted_noisy,previous_hidden_state_keys,1.0,1,max_conditional_patch,0.30297437428993124,0.0027521426289028967,96
cue_proportion_nochange,interrupted_noisy,previous_hidden_state_keys,1.0,2,max_conditional_patch,0.3601122966086791,0.004191994883042018,96
cue_proportion_nochange,interrupted_noisy,previous_hidden_state_keys,1.0,3,max_conditional_patch,0.28026595922701475,0.0018329001794098719,96
cue_proportion_nochange,interrupted_noisy,previous_hidden_state_keys,1.0,4,max_conditional_patch,0.40164768898641706,0.00861120180526369,96
cue_proportion_nochange,interrupted_noisy,previous_hidden_state_keys,1.0,5,max_conditional_patch,0.42870246933576356,0.009156550007905774,96
cue_proportion_nochange,interrupted_noisy,previous_hidden_state_keys,1.0,6,max_conditional_patch,0.5933479403102978,0.019183656235853944,96
cue_proportion_nochange,interrupted_noisy,previous_hidden_state_keys,1.0,0,normalized_entropy,1.0,0.0,96
cue_proportion_nochange,interrupted_noisy,previous_hidden_state_keys,1.0,1,normalized_entropy,0.9901823531884798,0.0007359916627348805,96
cue_proportion_nochange,interrupted_noisy,previous_hidden_state_keys,1.0,2,normalized_entropy,0.9501613104567185,0.0020786028950680606,96
cue_proportion_nochange,interrupted_noisy,previous_hidden_state_keys,1.0,3,normalized_entropy,0.9966587099304868,0.00041985444281648183,96
cue_proportion_nochange,interrupted_noisy,previous_hidden_state_keys,1.0,4,normalized_entropy,0.9340228129160563,0.00573233073142015,96
cue_proportion_nochange,interrupted_noisy,previous_hidden_state_keys,1.0,5,normalized_entropy,0.9174911940068302,0.006058995261134929,96
cue_proportion_nochange,interrupted_noisy,previous_hidden_state_keys,1.0,6,normalized_entropy,0.7140046381121515,0.02415921685258588,96
cue_proportion_nochange,interrupted_noisy,previous_hidden_state_keys,1.0,0,effective_locations,4.0,0.0,96
cue_proportion_nochange,interrupted_noisy,previous_hidden_state_keys,1.0,1,effective_locations,3.9461226130430647,0.004004220824030896,96
cue_proportion_nochange,interrupted_noisy,previous_hidden_state_keys,1.0,2,effective_locations,3.73442845143641,0.010644960379591667,96
cue_proportion_nochange,interrupted_noisy,previous_hidden_state_keys,1.0,3,effective_locations,3.9815783642005154,0.0022902450899937926,96
cue_proportion_nochange,interrupted_noisy,previous_hidden_state_keys,1.0,4,effective_locations,3.6609630574987886,0.027624786942603854,96
cue_proportion_nochange,interrupted_noisy,previous_hidden_state_keys,1.0,5,effective_locations,3.5793636476770785,0.029051083789728423,96
cue_proportion_nochange,interrupted_noisy,previous_hidden_state_keys,1.0,6,effective_locations,2.819237464185156,0.0784637691884511,96
invalid_exemplar,historical_clean,current_image_keys,0.75,0,source_share,0.003932131236069836,0.0,96
invalid_exemplar,historical_clean,current_image_keys,0.75,1,source_share,0.622711677919142,0.0,96
invalid_exemplar,historical_clean,current_image_keys,0.75,2,source_share,0.017436153546441346,0.0,96
invalid_exemplar,historical_clean,current_image_keys,0.75,3,source_share,0.2666889469013161,0.0035600001519334994,96
invalid_exemplar,historical_clean,current_image_keys,0.75,4,source_share,0.13372580325449235,0.0030555884568774123,96
invalid_exemplar,historical_clean,current_image_keys,0.75,5,source_share,0.10747276032088848,0.0026492046519789106,96
invalid_exemplar,historical_clean,current_image_keys,0.75,6,source_share,0.09746983164514707,0.007373600228125126,96
invalid_exemplar,historical_clean,current_image_keys,0.75,0,cue_raw,0.0009544016065774485,0.0,96
invalid_exemplar,historical_clean,current_image_keys,0.75,1,cue_raw,0.6095771335531026,0.0,96
invalid_exemplar,historical_clean,current_image_keys,0.75,2,cue_raw,0.004296105063986033,0.0,96
invalid_exemplar,historical_clean,current_image_keys,0.75,3,cue_raw,0.0683694178830289,0.0026597394709023292,96
invalid_exemplar,historical_clean,current_image_keys,0.75,4,cue_raw,0.03182441220633336,0.0011950682560994603,96
invalid_exemplar,historical_clean,current_image_keys,0.75,5,cue_raw,0.026564585356633568,0.0010877790679085703,96
invalid_exemplar,historical_clean,current_image_keys,0.75,6,cue_raw,0.02244926967095277,0.0018878626886734361,96
invalid_exemplar,historical_clean,current_image_keys,0.75,0,cue_conditional,0.2427186554260006,5.695323946259569e-18,96
invalid_exemplar,historical_clean,current_image_keys,0.75,1,cue_conditional,0.9789075027307493,1.1390647892519137e-16,96
invalid_exemplar,historical_clean,current_image_keys,0.75,2,cue_conditional,0.24639064186624185,2.8476619731297843e-18,96
invalid_exemplar,historical_clean,current_image_keys,0.75,3,cue_conditional,0.256216314249146,0.00926200363342454,96
invalid_exemplar,historical_clean,current_image_keys,0.75,4,cue_conditional,0.24864483234377452,0.01057857715621326,96
invalid_exemplar,historical_clean,current_image_keys,0.75,5,cue_conditional,0.25197459467434813,0.009641294796334205,96
invalid_exemplar,historical_clean,current_image_keys,0.75,6,cue_conditional,0.24082970121110314,0.011574787464322115,96
invalid_exemplar,historical_clean,current_image_keys,0.75,0,target_raw,0.001030599290970713,0.0,96
invalid_exemplar,historical_clean,current_image_keys,0.75,1,target_raw,0.0037351578066591173,0.0,96
invalid_exemplar,historical_clean,current_image_keys,0.75,2,target_raw,0.004492861218750477,0.0,96
invalid_exemplar,historical_clean,current_image_keys,0.75,3,target_raw,0.06368188355312061,0.0025202315776495874,96
invalid_exemplar,historical_clean,current_image_keys,0.75,4,target_raw,0.030485422272856038,0.0016229639312272774,96
invalid_exemplar,historical_clean,current_image_keys,0.75,5,target_raw,0.024416660957285785,0.001093696558511295,96
invalid_exemplar,historical_clean,current_image_keys,0.75,6,target_raw,0.021219591823069095,0.002190204184712797,96
invalid_exemplar,historical_clean,current_image_keys,0.75,0,target_conditional,0.262096870398658,6.264856340885524e-17,96
invalid_exemplar,historical_clean,current_image_keys,0.75,1,target_conditional,0.0059982138429466305,6.229260566221403e-19,96
invalid_exemplar,historical_clean,current_image_keys,0.75,2,target_conditional,0.25767502028378536,3.9867267623816976e-17,96
invalid_exemplar,historical_clean,current_image_keys,0.75,3,target_conditional,0.23882469448890323,0.008764956016364298,96
invalid_exemplar,historical_clean,current_image_keys,0.75,4,target_conditional,0.2274512098219785,0.010307072883398024,96
invalid_exemplar,historical_clean,current_image_keys,0.75,5,target_conditional,0.22499034365774426,0.0079786653580841,96
invalid_exemplar,historical_clean,current_image_keys,0.75,6,target_conditional,0.209192357038795,0.010580055342207588,96
invalid_exemplar,historical_clean,current_image_keys,0.75,0,target_selectivity,0.016129160531544784,0.0,96
invalid_exemplar,historical_clean,current_image_keys,0.75,1,target_selectivity,-0.3253357148760718,6.264856340885524e-17,96
invalid_exemplar,historical_clean,current_image_keys,0.75,2,target_selectivity,0.01023336037838097,2.135746479847338e-18,96
invalid_exemplar,historical_clean,current_image_keys,0.75,3,target_selectivity,-0.014900407348129037,0.011686608021819063,96
invalid_exemplar,historical_clean,current_image_keys,0.75,4,target_selectivity,-0.03006505357069547,0.013742763844530699,96
invalid_exemplar,historical_clean,current_image_keys,0.75,5,target_selectivity,-0.03334620845634099,0.010638220477445467,96
invalid_exemplar,historical_clean,current_image_keys,0.75,6,target_selectivity,-0.05441019061494004,0.014106740456276778,96
invalid_exemplar,historical_clean,current_image_keys,0.75,0,max_raw_patch,0.0010343765170546249,0.0,96
invalid_exemplar,historical_clean,current_image_keys,0.75,1,max_raw_patch,0.6095771335531026,0.0,96
invalid_exemplar,historical_clean,current_image_keys,0.75,2,max_raw_patch,0.004534045292530209,0.0,96
invalid_exemplar,historical_clean,current_image_keys,0.75,3,max_raw_patch,0.09988846423220821,0.002018847301196616,96
invalid_exemplar,historical_clean,current_image_keys,0.75,4,max_raw_patch,0.05386150655006835,0.0017381564845395845,96
invalid_exemplar,historical_clean,current_image_keys,0.75,5,max_raw_patch,0.04051461698691128,0.0011145153204991205,96
invalid_exemplar,historical_clean,current_image_keys,0.75,6,max_raw_patch,0.04105692453110047,0.003264085983602707,96
invalid_exemplar,historical_clean,current_image_keys,0.75,0,max_conditional_patch,0.26305747569312715,5.1257915516336117e-17,96
invalid_exemplar,historical_clean,current_image_keys,0.75,1,max_conditional_patch,0.9789075027307493,1.1390647892519137e-16,96
invalid_exemplar,historical_clean,current_image_keys,0.75,2,max_conditional_patch,0.26003701335009066,5.695323946259568e-17,96
invalid_exemplar,historical_clean,current_image_keys,0.75,3,max_conditional_patch,0.37521081326054784,0.006308233884881495,96
invalid_exemplar,historical_clean,current_image_keys,0.75,4,max_conditional_patch,0.4001591043804768,0.00778898119598709,96
invalid_exemplar,historical_clean,current_image_keys,0.75,5,max_conditional_patch,0.3785969200803689,0.0057985908739535685,96
invalid_exemplar,historical_clean,current_image_keys,0.75,6,max_conditional_patch,0.4181336869083408,0.007919197169717672,96
invalid_exemplar,historical_clean,current_image_keys,0.75,0,normalized_entropy,0.9990009113721025,2.0503166206534447e-16,96
invalid_exemplar,historical_clean,current_image_keys,0.75,1,normalized_entropy,0.09031492690993738,1.4238309865648922e-18,96
invalid_exemplar,historical_clean,current_image_keys,0.75,2,normalized_entropy,0.9994610710106526,1.4807842260274878e-16,96
invalid_exemplar,historical_clean,current_image_keys,0.75,3,normalized_entropy,0.9545750554796619,0.003245095427375823,96
invalid_exemplar,historical_clean,current_image_keys,0.75,4,normalized_entropy,0.9341966303385975,0.0048308887955971535,96
invalid_exemplar,historical_clean,current_image_keys,0.75,5,normalized_entropy,0.9506176985481637,0.003064676478405534,96
invalid_exemplar,historical_clean,current_image_keys,0.75,6,normalized_entropy,0.9189286863343175,0.005162723297759836,96
invalid_exemplar,historical_clean,current_image_keys,0.75,0,effective_locations,3.994463711126229,0.0,96
invalid_exemplar,historical_clean,current_image_keys,0.75,1,effective_locations,1.1333785893092412,2.2781295785038274e-16,96
invalid_exemplar,historical_clean,current_image_keys,0.75,2,effective_locations,3.997012659205438,3.189381409905358e-16,96
invalid_exemplar,historical_clean,current_image_keys,0.75,3,effective_locations,3.759425035668343,0.01647125545873091,96
invalid_exemplar,historical_clean,current_image_keys,0.75,4,effective_locations,3.6588205012355104,0.023483162349535926,96
invalid_exemplar,historical_clean,current_image_keys,0.75,5,effective_locations,3.7384951350970668,0.015608464371426095,96
invalid_exemplar,historical_clean,current_image_keys,0.75,6,effective_locations,3.5832896513061456,0.024786804120668356,96
invalid_exemplar,historical_clean,previous_hidden_state_keys,0.75,0,source_share,0.9960678964853287,0.0,96
invalid_exemplar,historical_clean,previous_hidden_state_keys,0.75,1,source_share,0.3772882306948304,0.0,96
invalid_exemplar,historical_clean,previous_hidden_state_keys,0.75,2,source_share,0.9825638830661774,0.0,96
invalid_exemplar,historical_clean,previous_hidden_state_keys,0.75,3,source_share,0.7333110500088272,0.0035600009895479534,96
invalid_exemplar,historical_clean,previous_hidden_state_keys,0.75,4,source_share,0.8662741955680152,0.003055588376670083,96
invalid_exemplar,historical_clean,previous_hidden_state_keys,0.75,5,source_share,0.8925272413422741,0.0026492043008448036,96
invalid_exemplar,historical_clean,previous_hidden_state_keys,0.75,6,source_share,0.9025301702438355,0.007373600168546791,96
invalid_exemplar,historical_clean,previous_hidden_state_keys,0.75,0,cue_raw,0.24901697412133217,0.0,96
invalid_exemplar,historical_clean,previous_hidden_state_keys,0.75,1,cue_raw,0.0947809861972928,0.0,96
invalid_exemplar,historical_clean,previous_hidden_state_keys,0.75,2,cue_raw,0.47856564819812775,0.0,96
invalid_exemplar,historical_clean,previous_hidden_state_keys,0.75,3,cue_raw,0.3274827552183221,0.0027790411611575746,96
invalid_exemplar,historical_clean,previous_hidden_state_keys,0.75,4,cue_raw,0.4607760605479901,0.011205563007090701,96
invalid_exemplar,historical_clean,previous_hidden_state_keys,0.75,5,cue_raw,0.4426410490802179,0.011528079323173053,96
invalid_exemplar,historical_clean,previous_hidden_state_keys,0.75,6,cue_raw,0.2442265557965584,0.020495505890695855,96
invalid_exemplar,historical_clean,previous_hidden_state_keys,0.75,0,cue_conditional,0.25,0.0,96
invalid_exemplar,historical_clean,previous_hidden_state_keys,0.75,1,cue_conditional,0.25121638706497745,6.264856340885524e-17,96
invalid_exemplar,historical_clean,previous_hidden_state_keys,0.75,2,cue_conditional,0.4870580492992697,3.417194367755741e-17,96
invalid_exemplar,historical_clean,previous_hidden_state_keys,0.75,3,cue_conditional,0.4459634612095065,0.001968832148638994,96
invalid_exemplar,historical_clean,previous_hidden_state_keys,0.75,4,cue_conditional,0.5294431012819324,0.011599575676754863,96
invalid_exemplar,historical_clean,previous_hidden_state_keys,0.75,5,cue_conditional,0.4945203283173391,0.012164956963638654,96
invalid_exemplar,historical_clean,previous_hidden_state_keys,0.75,6,cue_conditional,0.27419166964512925,0.022348335150474317,96
invalid_exemplar,historical_clean,previous_hidden_state_keys,0.75,0,target_raw,0.24901697412133217,0.0,96
invalid_exemplar,historical_clean,previous_hidden_state_keys,0.75,1,target_raw,0.08891207631677389,0.0,96
invalid_exemplar,historical_clean,previous_hidden_state_keys,0.75,2,target_raw,0.15279177576303482,0.0,96
invalid_exemplar,historical_clean,previous_hidden_state_keys,0.75,3,target_raw,0.13463921109602475,0.0005054220953226963,96
invalid_exemplar,historical_clean,previous_hidden_state_keys,0.75,4,target_raw,0.1423168194499643,0.005133803092544019,96
invalid_exemplar,historical_clean,previous_hidden_state_keys,0.75,5,target_raw,0.15519388739873344,0.005944215715166986,96
invalid_exemplar,historical_clean,previous_hidden_state_keys,0.75,6,target_raw,0.5146184692669825,0.027363100979298186,96
invalid_exemplar,historical_clean,previous_hidden_state_keys,0.75,0,target_conditional,0.25,0.0,96
invalid_exemplar,historical_clean,previous_hidden_state_keys,0.75,1,target_conditional,0.23566087962253582,1.7085971838778705e-17,96
invalid_exemplar,historical_clean,previous_hidden_state_keys,0.75,2,target_conditional,0.1555031468144694,8.542985919389352e-18,96
invalid_exemplar,historical_clean,previous_hidden_state_keys,0.75,3,target_conditional,0.18381372660363668,0.0006975239372239617,96
invalid_exemplar,historical_clean,previous_hidden_state_keys,0.75,4,target_conditional,0.1650378453762751,0.006113819181186974,96
invalid_exemplar,historical_clean,previous_hidden_state_keys,0.75,5,target_conditional,0.17422715233268263,0.006730038120594644,96
invalid_exemplar,historical_clean,previous_hidden_state_keys,0.75,6,target_conditional,0.5582921982312431,0.027339630972700816,96
invalid_exemplar,historical_clean,previous_hidden_state_keys,0.75,0,target_selectivity,0.0,0.0,96
invalid_exemplar,historical_clean,previous_hidden_state_keys,0.75,1,target_selectivity,-0.019118827169952498,2.491704226488561e-18,96
invalid_exemplar,historical_clean,previous_hidden_state_keys,0.75,2,target_selectivity,-0.12599580424737414,1.423830986564892e-17,96
invalid_exemplar,historical_clean,previous_hidden_state_keys,0.75,3,target_selectivity,-0.08824836452848449,0.0009300319162986159,96
invalid_exemplar,historical_clean,previous_hidden_state_keys,0.75,4,target_selectivity,-0.11328287283163323,0.008151758908249295,96
invalid_exemplar,historical_clean,previous_hidden_state_keys,0.75,5,target_selectivity,-0.10103046355642308,0.008973384160792859,96
invalid_exemplar,historical_clean,previous_hidden_state_keys,0.75,6,target_selectivity,0.41105626430832437,0.036452841296934414,96
invalid_exemplar,historical_clean,previous_hidden_state_keys,0.75,0,max_raw_patch,0.24901697412133217,0.0,96
invalid_exemplar,historical_clean,previous_hidden_state_keys,0.75,1,max_raw_patch,0.09758275654166937,0.0,96
invalid_exemplar,historical_clean,previous_hidden_state_keys,0.75,2,max_raw_patch,0.47856564819812775,0.0,96
invalid_exemplar,historical_clean,previous_hidden_state_keys,0.75,3,max_raw_patch,0.3274827552183221,0.0027790411611575746,96
invalid_exemplar,historical_clean,previous_hidden_state_keys,0.75,4,max_raw_patch,0.4607760605479901,0.011205563007090701,96
invalid_exemplar,historical_clean,previous_hidden_state_keys,0.75,5,max_raw_patch,0.4445821310315902,0.011258137978687256,96
invalid_exemplar,historical_clean,previous_hidden_state_keys,0.75,6,max_raw_patch,0.6048178304142008,0.020204765844991427,96
invalid_exemplar,historical_clean,previous_hidden_state_keys,0.75,0,max_conditional_patch,0.25,0.0,96
invalid_exemplar,historical_clean,previous_hidden_state_keys,0.75,1,max_conditional_patch,0.2586424611283437,3.417194367755741e-17,96
invalid_exemplar,historical_clean,previous_hidden_state_keys,0.75,2,max_conditional_patch,0.4870580492992697,3.417194367755741e-17,96
invalid_exemplar,historical_clean,previous_hidden_state_keys,0.75,3,max_conditional_patch,0.4459634612095065,0.001968832148638994,96
invalid_exemplar,historical_clean,previous_hidden_state_keys,0.75,4,max_conditional_patch,0.5294431012819324,0.011599575676754863,96
invalid_exemplar,historical_clean,previous_hidden_state_keys,0.75,5,max_conditional_patch,0.49672313952299607,0.01185065520453463,96
invalid_exemplar,historical_clean,previous_hidden_state_keys,0.75,6,max_conditional_patch,0.6590322458983024,0.01832459082280736,96
invalid_exemplar,historical_clean,previous_hidden_state_keys,0.75,0,normalized_entropy,1.0,0.0,96
invalid_exemplar,historical_clean,previous_hidden_state_keys,0.75,1,normalized_entropy,0.999560071240153,1.3668777471022964e-16,96
invalid_exemplar,historical_clean,previous_hidden_state_keys,0.75,2,normalized_entropy,0.905252858758051,7.973453524763395e-17,96
invalid_exemplar,historical_clean,previous_hidden_state_keys,0.75,3,normalized_entropy,0.9342976220411563,0.0012629252711142298,96
invalid_exemplar,historical_clean,previous_hidden_state_keys,0.75,4,normalized_entropy,0.839185064300409,0.010658880504477997,96
invalid_exemplar,historical_clean,previous_hidden_state_keys,0.75,5,normalized_entropy,0.8642037495943686,0.009753754941063312,96
invalid_exemplar,historical_clean,previous_hidden_state_keys,0.75,6,normalized_entropy,0.6323383207384964,0.023446430192516923,96
invalid_exemplar,historical_clean,previous_hidden_state_keys,0.75,0,effective_locations,4.0,0.0,96
invalid_exemplar,historical_clean,previous_hidden_state_keys,0.75,1,effective_locations,3.997561260697187,7.745640566913013e-16,96
invalid_exemplar,historical_clean,previous_hidden_state_keys,0.75,2,effective_locations,3.5076522305202302,2.7337554942045927e-16,96
invalid_exemplar,historical_clean,previous_hidden_state_keys,0.75,3,effective_locations,3.6522989762453686,0.006375024348705855,96
invalid_exemplar,historical_clean,previous_hidden_state_keys,0.75,4,effective_locations,3.232565404777288,0.044766381586046226,96
invalid_exemplar,historical_clean,previous_hidden_state_keys,0.75,5,effective_locations,3.341484432922813,0.042841442393821656,96
invalid_exemplar,historical_clean,previous_hidden_state_keys,0.75,6,effective_locations,2.519630921432413,0.07636228646844159,96
invalid_exemplar,interrupted_noisy,current_image_keys,0.75,0,source_share,0.0020025696212542243,0.0,96
invalid_exemplar,interrupted_noisy,current_image_keys,0.75,1,source_share,0.9957900868588693,4.511636379306956e-05,96
invalid_exemplar,interrupted_noisy,current_image_keys,0.75,2,source_share,0.0003840683069995521,4.8785462558723894e-06,96
invalid_exemplar,interrupted_noisy,current_image_keys,0.75,3,source_share,0.24344593372370582,0.004770240115224119,96
invalid_exemplar,interrupted_noisy,current_image_keys,0.75,4,source_share,0.12561580645403106,0.0026664755551534147,96
invalid_exemplar,interrupted_noisy,current_image_keys,0.75,5,source_share,0.09819144274115388,0.0026288105881938236,96
invalid_exemplar,interrupted_noisy,current_image_keys,0.75,6,source_share,0.02966174663174866,0.0028388167820685302,96
invalid_exemplar,interrupted_noisy,current_image_keys,0.75,0,cue_raw,0.0005122764559928328,0.0,96
invalid_exemplar,interrupted_noisy,current_image_keys,0.75,1,cue_raw,0.7489077046114971,1.3792538266872473e-05,96
invalid_exemplar,interrupted_noisy,current_image_keys,0.75,2,cue_raw,9.793150950561842e-05,1.2443287171825656e-06,96
invalid_exemplar,interrupted_noisy,current_image_keys,0.75,3,cue_raw,0.061823166608519387,0.0035315815697739357,96
invalid_exemplar,interrupted_noisy,current_image_keys,0.75,4,cue_raw,0.029017064725242864,0.001853852401914625,96
invalid_exemplar,interrupted_noisy,current_image_keys,0.75,5,cue_raw,0.02386866526345936,0.00148810624019122,96
invalid_exemplar,interrupted_noisy,current_image_keys,0.75,6,cue_raw,0.005602014934064685,0.0006792804770570882,96
invalid_exemplar,interrupted_noisy,current_image_keys,0.75,0,cue_conditional,0.25580956115372905,1.1390647892519137e-17,96
invalid_exemplar,interrupted_noisy,current_image_keys,0.75,1,cue_conditional,0.7520739889811557,3.016854134996064e-05,96
invalid_exemplar,interrupted_noisy,current_image_keys,0.75,2,cue_conditional,0.25498342325234746,1.279595047830596e-06,96
invalid_exemplar,interrupted_noisy,current_image_keys,0.75,3,cue_conditional,0.25361971544450973,0.013382289069310532,96
invalid_exemplar,interrupted_noisy,current_image_keys,0.75,4,cue_conditional,0.24063883697418129,0.01571646746959357,96
invalid_exemplar,interrupted_noisy,current_image_keys,0.75,5,cue_conditional,0.25062512009973364,0.015379841478194224,96
invalid_exemplar,interrupted_noisy,current_image_keys,0.75,6,cue_conditional,0.2369561992591955,0.017296723982954232,96
invalid_exemplar,interrupted_noisy,current_image_keys,0.75,0,target_raw,0.0005371913575800136,0.0,96
invalid_exemplar,interrupted_noisy,current_image_keys,0.75,1,target_raw,0.08870443592013781,1.4556154488749685e-05,96
invalid_exemplar,interrupted_noisy,current_image_keys,0.75,2,target_raw,0.00010262999463369245,1.3038999967092687e-06,96
invalid_exemplar,interrupted_noisy,current_image_keys,0.75,3,target_raw,0.05898657549308458,0.0032091419698072176,96
invalid_exemplar,interrupted_noisy,current_image_keys,0.75,4,target_raw,0.031310207859860384,0.001992956734161999,96
invalid_exemplar,interrupted_noisy,current_image_keys,0.75,5,target_raw,0.023828010713259573,0.0016857353554543034,96
invalid_exemplar,interrupted_noisy,current_image_keys,0.75,6,target_raw,0.006932906381064881,0.0008107646083177636,96
invalid_exemplar,interrupted_noisy,current_image_keys,0.75,0,target_conditional,0.26825102701975817,1.1390647892519137e-17,96
invalid_exemplar,interrupted_noisy,current_image_keys,0.75,1,target_conditional,0.08907941002986051,1.0839493338262793e-05,96
invalid_exemplar,interrupted_noisy,current_image_keys,0.75,2,target_conditional,0.26721721499243994,1.2334187140168151e-06,96
invalid_exemplar,interrupted_noisy,current_image_keys,0.75,3,target_conditional,0.24105334858747338,0.011678893118955898,96
invalid_exemplar,interrupted_noisy,current_image_keys,0.75,4,target_conditional,0.24941167834990952,0.01473086024903924,96
invalid_exemplar,interrupted_noisy,current_image_keys,0.75,5,target_conditional,0.2381455754946609,0.013702444393047538,96
invalid_exemplar,interrupted_noisy,current_image_keys,0.75,6,target_conditional,0.23616879606555605,0.01539368019809769,96
invalid_exemplar,interrupted_noisy,current_image_keys,0.75,0,target_selectivity,0.024334702693010708,1.067873239923669e-18,96
invalid_exemplar,interrupted_noisy,current_image_keys,0.75,1,target_selectivity,-0.21456078662685266,1.4452657784350556e-05,96
invalid_exemplar,interrupted_noisy,current_image_keys,0.75,2,target_selectivity,0.022956286656586573,1.6445582853556436e-06,96
invalid_exemplar,interrupted_noisy,current_image_keys,0.75,3,target_selectivity,-0.011928868550035573,0.015571857491941196,96
invalid_exemplar,interrupted_noisy,current_image_keys,0.75,4,target_selectivity,-0.0007844288667873843,0.019641146998718988,96
invalid_exemplar,interrupted_noisy,current_image_keys,0.75,5,target_selectivity,-0.01580589934045194,0.018269925857396712,96
invalid_exemplar,interrupted_noisy,current_image_keys,0.75,6,target_selectivity,-0.01844160524592526,0.020524906930796925,96
invalid_exemplar,interrupted_noisy,current_image_keys,0.75,0,max_raw_patch,0.0005371913575800136,0.0,96
invalid_exemplar,interrupted_noisy,current_image_keys,0.75,1,max_raw_patch,0.7489077046114971,1.3792538266872473e-05,96
invalid_exemplar,interrupted_noisy,current_image_keys,0.75,2,max_raw_patch,0.00010262999463369245,1.3038999967092687e-06,96
invalid_exemplar,interrupted_noisy,current_image_keys,0.75,3,max_raw_patch,0.10093067408403537,0.002489583381191994,96
invalid_exemplar,interrupted_noisy,current_image_keys,0.75,4,max_raw_patch,0.0584276389417937,0.0018217149915979616,96
invalid_exemplar,interrupted_noisy,current_image_keys,0.75,5,max_raw_patch,0.04394044489648271,0.0015546183109483851,96
invalid_exemplar,interrupted_noisy,current_image_keys,0.75,6,max_raw_patch,0.014544448878636892,0.0015065784711337613,96
invalid_exemplar,interrupted_noisy,current_image_keys,0.75,0,max_conditional_patch,0.26825102701975817,1.1390647892519137e-17,96
invalid_exemplar,interrupted_noisy,current_image_keys,0.75,1,max_conditional_patch,0.7520739889811557,3.016854134996064e-05,96
invalid_exemplar,interrupted_noisy,current_image_keys,0.75,2,max_conditional_patch,0.26721721499243994,1.2334187140168151e-06,96
invalid_exemplar,interrupted_noisy,current_image_keys,0.75,3,max_conditional_patch,0.4179962672842659,0.009240919023059688,96
invalid_exemplar,interrupted_noisy,current_image_keys,0.75,4,max_conditional_patch,0.4634603650039595,0.011389074382753677,96
invalid_exemplar,interrupted_noisy,current_image_keys,0.75,5,max_conditional_patch,0.44606078223281226,0.011127981903124804,96
invalid_exemplar,interrupted_noisy,current_image_keys,0.75,6,max_conditional_patch,0.48124462016301656,0.012677583130992928,96
invalid_exemplar,interrupted_noisy,current_image_keys,0.75,0,normalized_entropy,0.9990166238567765,1.594690704952679e-16,96
invalid_exemplar,interrupted_noisy,current_image_keys,0.75,1,normalized_entropy,0.6001672975564355,4.8032374573727724e-05,96
invalid_exemplar,interrupted_noisy,current_image_keys,0.75,2,normalized_entropy,0.9991527194059664,1.1803889085157195e-07,96
invalid_exemplar,interrupted_noisy,current_image_keys,0.75,3,normalized_entropy,0.9123461866123198,0.005393009884059608,96
invalid_exemplar,interrupted_noisy,current_image_keys,0.75,4,normalized_entropy,0.8688743051935898,0.007595801301856552,96
invalid_exemplar,interrupted_noisy,current_image_keys,0.75,5,normalized_entropy,0.8812573654658457,0.007371160860281468,96
invalid_exemplar,interrupted_noisy,current_image_keys,0.75,6,normalized_entropy,0.8397597400068131,0.009476211040289988,96
invalid_exemplar,interrupted_noisy,current_image_keys,0.75,0,effective_locations,3.9945507199973203,2.7337554942045927e-16,96
invalid_exemplar,interrupted_noisy,current_image_keys,0.75,1,effective_locations,2.2979300763295263,0.0001529802869149581,96
invalid_exemplar,interrupted_noisy,current_image_keys,0.75,2,effective_locations,3.9953044369636967,6.537783628439887e-07,96
invalid_exemplar,interrupted_noisy,current_image_keys,0.75,3,effective_locations,3.5516234402146876,0.026114251355029674,96
invalid_exemplar,interrupted_noisy,current_image_keys,0.75,4,effective_locations,3.352702278967907,0.03518487824153879,96
invalid_exemplar,interrupted_noisy,current_image_keys,0.75,5,effective_locations,3.409673384711018,0.034605585380775086,96
invalid_exemplar,interrupted_noisy,current_image_keys,0.75,6,effective_locations,3.2292508888877474,0.041754716310846166,96
invalid_exemplar,interrupted_noisy,previous_hidden_state_keys,0.75,0,source_share,0.99799744784832,0.0,96
invalid_exemplar,interrupted_noisy,previous_hidden_state_keys,0.75,1,source_share,0.004209877343100743,4.511636862499747e-05,96
invalid_exemplar,interrupted_noisy,previous_hidden_state_keys,0.75,2,source_share,0.9996159282163717,4.878667302297369e-06,96
invalid_exemplar,interrupted_noisy,previous_hidden_state_keys,0.75,3,source_share,0.7565540660483142,0.004770239659107288,96
invalid_exemplar,interrupted_noisy,previous_hidden_state_keys,0.75,4,source_share,0.8743841955050206,0.0026664756917754652,96
invalid_exemplar,interrupted_noisy,previous_hidden_state_keys,0.75,5,source_share,0.901808554995417,0.0026288104153845324,96
invalid_exemplar,interrupted_noisy,previous_hidden_state_keys,0.75,6,source_share,0.9703382526005555,0.0028388168877537313,96
invalid_exemplar,interrupted_noisy,previous_hidden_state_keys,0.75,0,cue_raw,0.24949936196208,0.0,96
invalid_exemplar,interrupted_noisy,previous_hidden_state_keys,0.75,1,cue_raw,0.0010844981171279262,2.1481725147367974e-05,96
invalid_exemplar,interrupted_noisy,previous_hidden_state_keys,0.75,2,cue_raw,0.12339280811526503,0.0022587182148777396,96
invalid_exemplar,interrupted_noisy,previous_hidden_state_keys,0.75,3,cue_raw,0.21217789772587517,0.0015609547628313077,96
invalid_exemplar,interrupted_noisy,previous_hidden_state_keys,0.75,4,cue_raw,0.33283691241134267,0.008552660621352777,96
invalid_exemplar,interrupted_noisy,previous_hidden_state_keys,0.75,5,cue_raw,0.3558887072140351,0.009274329820903213,96
invalid_exemplar,interrupted_noisy,previous_hidden_state_keys,0.75,6,cue_raw,0.26157403326090883,0.0242372908267621,96
invalid_exemplar,interrupted_noisy,previous_hidden_state_keys,0.75,0,cue_conditional,0.25,0.0,96
invalid_exemplar,interrupted_noisy,previous_hidden_state_keys,0.75,1,cue_conditional,0.25837097961731864,0.0047002456291047965,96
invalid_exemplar,interrupted_noisy,previous_hidden_state_keys,0.75,2,cue_conditional,0.12344073556125358,0.0022598774861668433,96
invalid_exemplar,interrupted_noisy,previous_hidden_state_keys,0.75,3,cue_conditional,0.2809873426174682,0.002141700223929164,96
invalid_exemplar,interrupted_noisy,previous_hidden_state_keys,0.75,4,cue_conditional,0.38037101920323707,0.009730482463883198,96
invalid_exemplar,interrupted_noisy,previous_hidden_state_keys,0.75,5,cue_conditional,0.394320585654101,0.010089585630865264,96
invalid_exemplar,interrupted_noisy,previous_hidden_state_keys,0.75,6,cue_conditional,0.27226119630403006,0.025150289866944345,96
invalid_exemplar,interrupted_noisy,previous_hidden_state_keys,0.75,0,target_raw,0.24949936196208,0.0,96
invalid_exemplar,interrupted_noisy,previous_hidden_state_keys,0.75,1,target_raw,0.0010412417774053513,2.2266570032386948e-05,96
invalid_exemplar,interrupted_noisy,previous_hidden_state_keys,0.75,2,target_raw,0.2962932582013309,0.005837082569887934,96
invalid_exemplar,interrupted_noisy,previous_hidden_state_keys,0.75,3,target_raw,0.18085823578682417,0.001882900684489944,96
invalid_exemplar,interrupted_noisy,previous_hidden_state_keys,0.75,4,target_raw,0.1757768707999882,0.0053853367942045425,96
invalid_exemplar,interrupted_noisy,previous_hidden_state_keys,0.75,5,target_raw,0.17592226940905675,0.006449591208771196,96
invalid_exemplar,interrupted_noisy,previous_hidden_state_keys,0.75,6,target_raw,0.5351287023901629,0.034274413303340016,96
invalid_exemplar,interrupted_noisy,previous_hidden_state_keys,0.75,0,target_conditional,0.25,0.0,96
invalid_exemplar,interrupted_noisy,previous_hidden_state_keys,0.75,1,target_conditional,0.2473268396100824,0.004620359764081253,96
invalid_exemplar,interrupted_noisy,previous_hidden_state_keys,0.75,2,target_conditional,0.2964063367055201,0.005838835506105954,96
invalid_exemplar,interrupted_noisy,previous_hidden_state_keys,0.75,3,target_conditional,0.23878207155577938,0.0016197281779781448,96
invalid_exemplar,interrupted_noisy,previous_hidden_state_keys,0.75,4,target_conditional,0.20095907917317055,0.0061494168858413885,96
invalid_exemplar,interrupted_noisy,previous_hidden_state_keys,0.75,5,target_conditional,0.1948983418697774,0.007070814068210702,96
invalid_exemplar,interrupted_noisy,previous_hidden_state_keys,0.75,6,target_conditional,0.5460596670752943,0.034281940205485424,96
invalid_exemplar,interrupted_noisy,previous_hidden_state_keys,0.75,0,target_selectivity,0.0,0.0,96
invalid_exemplar,interrupted_noisy,previous_hidden_state_keys,0.75,1,target_selectivity,-0.003564213853223535,0.006160479685441671,96
invalid_exemplar,interrupted_noisy,previous_hidden_state_keys,0.75,2,target_selectivity,0.06187511560736009,0.007785114008141272,96
invalid_exemplar,interrupted_noisy,previous_hidden_state_keys,0.75,3,target_selectivity,-0.014957237925627517,0.0021596375706375262,96
invalid_exemplar,interrupted_noisy,previous_hidden_state_keys,0.75,4,target_selectivity,-0.06538789443577263,0.008199222514455182,96
invalid_exemplar,interrupted_noisy,previous_hidden_state_keys,0.75,5,target_selectivity,-0.07346887750696351,0.009427752090947603,96
invalid_exemplar,interrupted_noisy,previous_hidden_state_keys,0.75,6,target_selectivity,0.39474622276705856,0.04570925360731389,96
invalid_exemplar,interrupted_noisy,previous_hidden_state_keys,0.75,0,max_raw_patch,0.24949936196208,0.0,96
invalid_exemplar,interrupted_noisy,previous_hidden_state_keys,0.75,1,max_raw_patch,0.0012901497473573424,1.9880023913436152e-05,96
invalid_exemplar,interrupted_noisy,previous_hidden_state_keys,0.75,2,max_raw_patch,0.3483600979670882,0.003277453853292872,96
invalid_exemplar,interrupted_noisy,previous_hidden_state_keys,0.75,3,max_raw_patch,0.21394937275908887,0.001375010512584216,96
invalid_exemplar,interrupted_noisy,previous_hidden_state_keys,0.75,4,max_raw_patch,0.34518924984149635,0.006744716515126467,96
invalid_exemplar,interrupted_noisy,previous_hidden_state_keys,0.75,5,max_raw_patch,0.36770787769152474,0.00811813654906593,96
invalid_exemplar,interrupted_noisy,previous_hidden_state_keys,0.75,6,max_raw_patch,0.6801700301778814,0.021472195565943375,96
invalid_exemplar,interrupted_noisy,previous_hidden_state_keys,0.75,0,max_conditional_patch,0.25,0.0,96
invalid_exemplar,interrupted_noisy,previous_hidden_state_keys,0.75,1,max_conditional_patch,0.30614588625609074,0.002928098225128283,96
invalid_exemplar,interrupted_noisy,previous_hidden_state_keys,0.75,2,max_conditional_patch,0.3484934926648097,0.0032781862276173887,96
invalid_exemplar,interrupted_noisy,previous_hidden_state_keys,0.75,3,max_conditional_patch,0.28336523208623143,0.0019335368679731309,96
invalid_exemplar,interrupted_noisy,previous_hidden_state_keys,0.75,4,max_conditional_patch,0.39481187273266455,0.007672976798248229,96
invalid_exemplar,interrupted_noisy,previous_hidden_state_keys,0.75,5,max_conditional_patch,0.40756701126615275,0.008790531253014492,96
invalid_exemplar,interrupted_noisy,previous_hidden_state_keys,0.75,6,max_conditional_patch,0.697161878896727,0.020738056251197144,96
invalid_exemplar,interrupted_noisy,previous_hidden_state_keys,0.75,0,normalized_entropy,1.0,0.0,96
invalid_exemplar,interrupted_noisy,previous_hidden_state_keys,0.75,1,normalized_entropy,0.9889169864942047,0.0008295526121603108,96
invalid_exemplar,interrupted_noisy,previous_hidden_state_keys,0.75,2,normalized_entropy,0.9523203550210254,0.001842127995850197,96
invalid_exemplar,interrupted_noisy,previous_hidden_state_keys,0.75,3,normalized_entropy,0.9964590736099876,0.0003677412758740258,96
invalid_exemplar,interrupted_noisy,previous_hidden_state_keys,0.75,4,normalized_entropy,0.9394249077081631,0.005409218411709457,96
invalid_exemplar,interrupted_noisy,previous_hidden_state_keys,0.75,5,normalized_entropy,0.9271274645924507,0.006353789665613155,96
invalid_exemplar,interrupted_noisy,previous_hidden_state_keys,0.75,6,normalized_entropy,0.558043639753911,0.02942070593448967,96
invalid_exemplar,interrupted_noisy,previous_hidden_state_keys,0.75,0,effective_locations,4.0,0.0,96
invalid_exemplar,interrupted_noisy,previous_hidden_state_keys,0.75,1,effective_locations,3.9392591152238836,0.004508910893237659,96
invalid_exemplar,interrupted_noisy,previous_hidden_state_keys,0.75,2,effective_locations,3.7453101533305717,0.009488312288403307,96
invalid_exemplar,interrupted_noisy,previous_hidden_state_keys,0.75,3,effective_locations,3.980462005853821,0.002018079779977198,96
invalid_exemplar,interrupted_noisy,previous_hidden_state_keys,0.75,4,effective_locations,3.687213508527624,0.025867094762858107,96
invalid_exemplar,interrupted_noisy,previous_hidden_state_keys,0.75,5,effective_locations,3.6283808311756487,0.029845675865015978,96
invalid_exemplar,interrupted_noisy,previous_hidden_state_keys,0.75,6,effective_locations,2.333967622826811,0.08687218570042383,96
