label,feedback,grid,n_tokens,seed,condition,window,metric,n_trials,mean,ci95_low,ci95_high,interval_unit,interval_method
vda4_affine_ew_grid10x10_seed0,affine_ew,10x10,100,0,invalid,frame5,target_total_quadrant_mass,128,0.5079690066504554,0.48397562320235465,0.5318681477883729,held-out trials,percentile bootstrap (10000 draws)
vda4_affine_ew_grid10x10_seed0,affine_ew,10x10,100,0,invalid,frame5,cue_total_quadrant_mass,128,0.20868365920205179,0.1977123059962878,0.21965221913518462,held-out trials,percentile bootstrap (10000 draws)
vda4_affine_ew_grid10x10_seed0,affine_ew,10x10,100,0,invalid,frame5,target_mean_patch_mass,128,0.02031876026601822,0.01938511474461029,0.021272402833385058,held-out trials,percentile bootstrap (10000 draws)
vda4_affine_ew_grid10x10_seed0,affine_ew,10x10,100,0,invalid,frame5,cue_mean_patch_mass,128,0.00834734636808207,0.007907051384159787,0.008794061929371764,held-out trials,percentile bootstrap (10000 draws)
vda4_affine_ew_grid10x10_seed0,affine_ew,10x10,100,0,invalid,frame5,target_peak_patch_raw,128,0.24751532130903797,0.22108840172513738,0.27456658351002255,held-out trials,percentile bootstrap (10000 draws)
vda4_affine_ew_grid10x10_seed0,affine_ew,10x10,100,0,invalid,frame5,cue_peak_patch_raw,128,0.0316920581717568,0.0271435342152472,0.036404095638954456,held-out trials,percentile bootstrap (10000 draws)
vda4_affine_ew_grid10x10_seed0,affine_ew,10x10,100,0,invalid,frame5,target_peak_patch_uniform_ratio,128,24.751532130903797,22.10526669428873,27.389433921689488,held-out trials,percentile bootstrap (10000 draws)
vda4_affine_ew_grid10x10_seed0,affine_ew,10x10,100,0,invalid,frame5,cue_peak_patch_uniform_ratio,128,3.16920581717568,2.7148225289420225,3.6460937182255293,held-out trials,percentile bootstrap (10000 draws)
vda4_affine_ew_grid10x10_seed0,affine_ew,10x10,100,0,invalid,frame5,target_peak_patch_quadrant_share,128,0.767656739647955,0.7340714093695208,0.8000346341498998,held-out trials,percentile bootstrap (10000 draws)
vda4_affine_ew_grid10x10_seed0,affine_ew,10x10,100,0,invalid,frame5,cue_peak_patch_quadrant_share,128,0.14063186533160904,0.11911658700668043,0.16293074186920214,held-out trials,percentile bootstrap (10000 draws)
vda4_affine_ew_grid10x10_seed0,affine_ew,10x10,100,0,invalid,frame5,target_within_quadrant_peak_ratio,128,11.10718119428914,10.290906640453453,11.946330203553243,held-out trials,percentile bootstrap (10000 draws)
vda4_affine_ew_grid10x10_seed0,affine_ew,10x10,100,0,invalid,frame5,cue_within_quadrant_peak_ratio,128,3.4328799183302277,3.028162988847709,3.8481356968738685,held-out trials,percentile bootstrap (10000 draws)
vda4_affine_ew_grid10x10_seed0,affine_ew,10x10,100,0,invalid,frame5,target_minus_cue_total_mass,128,0.2992853474484036,0.2644987424949704,0.33210969543860075,held-out trials,percentile bootstrap (10000 draws)
vda4_affine_ew_grid10x10_seed0,affine_ew,10x10,100,0,invalid,frame5,target_minus_other_total_mass,128,0.34395867524199275,0.3128511742975699,0.37522329369680846,held-out trials,percentile bootstrap (10000 draws)
vda4_affine_ew_grid10x10_seed0,affine_ew,10x10,100,0,invalid,frame5,target_minus_cue_peak_share,128,0.627024874316346,0.5709125159337476,0.6793047059610181,held-out trials,percentile bootstrap (10000 draws)
vda4_affine_ew_grid10x10_seed0,affine_ew,10x10,100,0,invalid,frame5,target_minus_other_peak_share,128,0.6902089861972734,0.6462587223411065,0.7337692268937391,held-out trials,percentile bootstrap (10000 draws)
vda4_affine_ew_grid10x10_seed0,affine_ew,10x10,100,0,invalid,frame5,target_argmax_total,128,0.9453125,0.90625,0.984375,held-out trials,percentile bootstrap (10000 draws)
vda4_affine_ew_grid10x10_seed0,affine_ew,10x10,100,0,invalid,frame5,target_argmax_peak,128,0.953125,0.9140625,0.984375,held-out trials,percentile bootstrap (10000 draws)
vda4_affine_ew_grid10x10_seed0,affine_ew,10x10,100,0,invalid,frame6,target_total_quadrant_mass,128,0.5783741350314813,0.5462553883863734,0.6107667036806674,held-out trials,percentile bootstrap (10000 draws)
vda4_affine_ew_grid10x10_seed0,affine_ew,10x10,100,0,invalid,frame6,cue_total_quadrant_mass,128,0.19645342997750959,0.18178965275326392,0.2116085204393471,held-out trials,percentile bootstrap (10000 draws)
vda4_affine_ew_grid10x10_seed0,affine_ew,10x10,100,0,invalid,frame6,target_mean_patch_mass,128,0.02313496540125925,0.0218315536035567,0.0244190758276535,held-out trials,percentile bootstrap (10000 draws)
vda4_affine_ew_grid10x10_seed0,affine_ew,10x10,100,0,invalid,frame6,cue_mean_patch_mass,128,0.007858137199100383,0.007261215439938951,0.00845624219204251,held-out trials,percentile bootstrap (10000 draws)
vda4_affine_ew_grid10x10_seed0,affine_ew,10x10,100,0,invalid,frame6,target_peak_patch_raw,128,0.35243177112715784,0.31727837833059314,0.3875759648763051,held-out trials,percentile bootstrap (10000 draws)
vda4_affine_ew_grid10x10_seed0,affine_ew,10x10,100,0,invalid,frame6,cue_peak_patch_raw,128,0.041759430152524146,0.035479569167819136,0.04840843206875433,held-out trials,percentile bootstrap (10000 draws)
vda4_affine_ew_grid10x10_seed0,affine_ew,10x10,100,0,invalid,frame6,target_peak_patch_uniform_ratio,128,35.243177112715784,31.760574122090475,38.716242755217536,held-out trials,percentile bootstrap (10000 draws)
vda4_affine_ew_grid10x10_seed0,affine_ew,10x10,100,0,invalid,frame6,cue_peak_patch_uniform_ratio,128,4.175943015252415,3.5620835118834293,4.849018106338008,held-out trials,percentile bootstrap (10000 draws)
vda4_affine_ew_grid10x10_seed0,affine_ew,10x10,100,0,invalid,frame6,target_peak_patch_quadrant_share,128,0.7588355911564868,0.7219906778900165,0.7938110855388282,held-out trials,percentile bootstrap (10000 draws)
vda4_affine_ew_grid10x10_seed0,affine_ew,10x10,100,0,invalid,frame6,cue_peak_patch_quadrant_share,128,0.118644464664528,0.10077694452612251,0.13788431863311873,held-out trials,percentile bootstrap (10000 draws)
vda4_affine_ew_grid10x10_seed0,affine_ew,10x10,100,0,invalid,frame6,target_within_quadrant_peak_ratio,128,13.879603519987741,12.919358367971196,14.831964795915784,held-out trials,percentile bootstrap (10000 draws)
vda4_affine_ew_grid10x10_seed0,affine_ew,10x10,100,0,invalid,frame6,cue_within_quadrant_peak_ratio,128,5.373104119098256,4.652280211359685,6.132476505241421,held-out trials,percentile bootstrap (10000 draws)
vda4_affine_ew_grid10x10_seed0,affine_ew,10x10,100,0,invalid,frame6,target_minus_cue_total_mass,128,0.3819207050539717,0.33550171412989016,0.4278888504272942,held-out trials,percentile bootstrap (10000 draws)
vda4_affine_ew_grid10x10_seed0,affine_ew,10x10,100,0,invalid,frame6,target_minus_other_total_mass,128,0.4378321790874603,0.39401545360616036,0.4811146247305705,held-out trials,percentile bootstrap (10000 draws)
vda4_affine_ew_grid10x10_seed0,affine_ew,10x10,100,0,invalid,frame6,target_minus_cue_peak_share,128,0.6401911264919589,0.5867049269941743,0.6897871529645206,held-out trials,percentile bootstrap (10000 draws)
vda4_affine_ew_grid10x10_seed0,affine_ew,10x10,100,0,invalid,frame6,target_minus_other_peak_share,128,0.6784474548753157,0.6298499933101552,0.7248383271446465,held-out trials,percentile bootstrap (10000 draws)
vda4_affine_ew_grid10x10_seed0,affine_ew,10x10,100,0,invalid,frame6,target_argmax_total,128,0.8828125,0.8203125,0.9375,held-out trials,percentile bootstrap (10000 draws)
vda4_affine_ew_grid10x10_seed0,affine_ew,10x10,100,0,invalid,frame6,target_argmax_peak,128,0.921875,0.8748046875000002,0.9609375,held-out trials,percentile bootstrap (10000 draws)
vda4_affine_ew_grid10x10_seed0,affine_ew,10x10,100,0,invalid,frames5_6_mean,target_total_quadrant_mass,128,0.5431715708409683,0.5279048981218665,0.5584332403976504,held-out trials,percentile bootstrap (10000 draws)
vda4_affine_ew_grid10x10_seed0,affine_ew,10x10,100,0,invalid,frames5_6_mean,cue_total_quadrant_mass,128,0.20256854458978069,0.19412762340290896,0.21071092296812424,held-out trials,percentile bootstrap (10000 draws)
vda4_affine_ew_grid10x10_seed0,affine_ew,10x10,100,0,invalid,frames5_6_mean,target_mean_patch_mass,128,0.021726862833638734,0.021127011587250253,0.022322441150908274,held-out trials,percentile bootstrap (10000 draws)
vda4_affine_ew_grid10x10_seed0,affine_ew,10x10,100,0,invalid,frames5_6_mean,cue_mean_patch_mass,128,0.008102741783591227,0.00776821218233465,0.008448715567755585,held-out trials,percentile bootstrap (10000 draws)
vda4_affine_ew_grid10x10_seed0,affine_ew,10x10,100,0,invalid,frames5_6_mean,target_peak_patch_raw,128,0.2999735462180979,0.2815070993258814,0.31786331858356787,held-out trials,percentile bootstrap (10000 draws)
vda4_affine_ew_grid10x10_seed0,affine_ew,10x10,100,0,invalid,frames5_6_mean,cue_peak_patch_raw,128,0.03672574416214047,0.03151155904311054,0.04216689411732658,held-out trials,percentile bootstrap (10000 draws)
vda4_affine_ew_grid10x10_seed0,affine_ew,10x10,100,0,invalid,frames5_6_mean,target_peak_patch_uniform_ratio,128,29.99735462180979,28.220740637252675,31.807768310045503,held-out trials,percentile bootstrap (10000 draws)
vda4_affine_ew_grid10x10_seed0,affine_ew,10x10,100,0,invalid,frames5_6_mean,cue_peak_patch_uniform_ratio,128,3.6725744162140472,3.147457805871454,4.216547817079572,held-out trials,percentile bootstrap (10000 draws)
vda4_affine_ew_grid10x10_seed0,affine_ew,10x10,100,0,invalid,frames5_6_mean,target_peak_patch_quadrant_share,128,0.7632461654022209,0.7411390676274279,0.784573787088764,held-out trials,percentile bootstrap (10000 draws)
vda4_affine_ew_grid10x10_seed0,affine_ew,10x10,100,0,invalid,frames5_6_mean,cue_peak_patch_quadrant_share,128,0.12963816499806852,0.11435552471834032,0.14575310891617385,held-out trials,percentile bootstrap (10000 draws)
vda4_affine_ew_grid10x10_seed0,affine_ew,10x10,100,0,invalid,frames5_6_mean,target_within_quadrant_peak_ratio,128,12.493392357138442,11.94222529897067,13.043269702045748,held-out trials,percentile bootstrap (10000 draws)
vda4_affine_ew_grid10x10_seed0,affine_ew,10x10,100,0,invalid,frames5_6_mean,cue_within_quadrant_peak_ratio,128,4.402992018714242,3.872125102793735,4.943386059836497,held-out trials,percentile bootstrap (10000 draws)
vda4_affine_ew_grid10x10_seed0,affine_ew,10x10,100,0,invalid,frames5_6_mean,target_minus_cue_total_mass,128,0.34060302625118766,0.3182184494597678,0.36352885674572805,held-out trials,percentile bootstrap (10000 draws)
vda4_affine_ew_grid10x10_seed0,affine_ew,10x10,100,0,invalid,frames5_6_mean,target_minus_other_total_mass,128,0.3908954271647265,0.3699324577327421,0.41106465909584866,held-out trials,percentile bootstrap (10000 draws)
vda4_affine_ew_grid10x10_seed0,affine_ew,10x10,100,0,invalid,frames5_6_mean,target_minus_cue_peak_share,128,0.6336080004041524,0.5967305339064065,0.6689497201927735,held-out trials,percentile bootstrap (10000 draws)
vda4_affine_ew_grid10x10_seed0,affine_ew,10x10,100,0,invalid,frames5_6_mean,target_minus_other_peak_share,128,0.6843282205362946,0.6550074896868878,0.7135425558791315,held-out trials,percentile bootstrap (10000 draws)
vda4_affine_ew_grid10x10_seed0,affine_ew,10x10,100,0,invalid,frames5_6_mean,target_argmax_total,128,1.0,1.0,1.0,held-out trials,percentile bootstrap (10000 draws)
vda4_affine_ew_grid10x10_seed0,affine_ew,10x10,100,0,invalid,frames5_6_mean,target_argmax_peak,128,1.0,1.0,1.0,held-out trials,percentile bootstrap (10000 draws)
vda4_affine_ew_grid10x10_seed0,affine_ew,10x10,100,0,valid,frame5,target_total_quadrant_mass,128,0.7241093680577251,0.7060948069561505,0.7414402705926136,held-out trials,percentile bootstrap (10000 draws)
vda4_affine_ew_grid10x10_seed0,affine_ew,10x10,100,0,valid,frame5,cue_total_quadrant_mass,128,0.7241093680577251,0.705915057069285,0.7412405714069223,held-out trials,percentile bootstrap (10000 draws)
vda4_affine_ew_grid10x10_seed0,affine_ew,10x10,100,0,valid,frame5,target_mean_patch_mass,128,0.028964374722309002,0.02820127798205885,0.029644849940833863,held-out trials,percentile bootstrap (10000 draws)
vda4_affine_ew_grid10x10_seed0,affine_ew,10x10,100,0,valid,frame5,cue_mean_patch_mass,128,0.028964374722309002,0.028245577126102032,0.029650075667701004,held-out trials,percentile bootstrap (10000 draws)
vda4_affine_ew_grid10x10_seed0,affine_ew,10x10,100,0,valid,frame5,target_peak_patch_raw,128,0.3739525408600457,0.3480383982299827,0.40002585083129816,held-out trials,percentile bootstrap (10000 draws)
vda4_affine_ew_grid10x10_seed0,affine_ew,10x10,100,0,valid,frame5,cue_peak_patch_raw,128,0.3739525408600457,0.34804536205047043,0.4004860323417233,held-out trials,percentile bootstrap (10000 draws)
vda4_affine_ew_grid10x10_seed0,affine_ew,10x10,100,0,valid,frame5,target_peak_patch_uniform_ratio,128,37.39525408600457,34.65065425625653,40.11951027001487,held-out trials,percentile bootstrap (10000 draws)
vda4_affine_ew_grid10x10_seed0,affine_ew,10x10,100,0,valid,frame5,cue_peak_patch_uniform_ratio,128,37.39525408600457,34.72321129345801,40.02548898439272,held-out trials,percentile bootstrap (10000 draws)
vda4_affine_ew_grid10x10_seed0,affine_ew,10x10,100,0,valid,frame5,target_peak_patch_quadrant_share,128,0.934613709038553,0.9212525677984601,0.9467631723786841,held-out trials,percentile bootstrap (10000 draws)
vda4_affine_ew_grid10x10_seed0,affine_ew,10x10,100,0,valid,frame5,cue_peak_patch_quadrant_share,128,0.934613709038553,0.9206069251113758,0.9467117956624005,held-out trials,percentile bootstrap (10000 draws)
vda4_affine_ew_grid10x10_seed0,affine_ew,10x10,100,0,valid,frame5,target_within_quadrant_peak_ratio,128,12.511326516431538,11.793441709983824,13.248159229928829,held-out trials,percentile bootstrap (10000 draws)
vda4_affine_ew_grid10x10_seed0,affine_ew,10x10,100,0,valid,frame5,cue_within_quadrant_peak_ratio,128,12.511326516431538,11.795242881290465,13.237816298932772,held-out trials,percentile bootstrap (10000 draws)
vda4_affine_ew_grid10x10_seed0,affine_ew,10x10,100,0,valid,frame5,target_minus_cue_total_mass,128,0.0,0.0,0.0,held-out trials,percentile bootstrap (10000 draws)
vda4_affine_ew_grid10x10_seed0,affine_ew,10x10,100,0,valid,frame5,target_minus_other_total_mass,128,0.6321458250838532,0.6079849062102066,0.6551293123135451,held-out trials,percentile bootstrap (10000 draws)
vda4_affine_ew_grid10x10_seed0,affine_ew,10x10,100,0,valid,frame5,target_minus_cue_peak_share,128,0.0,0.0,0.0,held-out trials,percentile bootstrap (10000 draws)
vda4_affine_ew_grid10x10_seed0,affine_ew,10x10,100,0,valid,frame5,target_minus_other_peak_share,128,0.9128182787180708,0.8942159188231973,0.9291601941939446,held-out trials,percentile bootstrap (10000 draws)
vda4_affine_ew_grid10x10_seed0,affine_ew,10x10,100,0,valid,frame5,target_argmax_total,128,1.0,1.0,1.0,held-out trials,percentile bootstrap (10000 draws)
vda4_affine_ew_grid10x10_seed0,affine_ew,10x10,100,0,valid,frame5,target_argmax_peak,128,1.0,1.0,1.0,held-out trials,percentile bootstrap (10000 draws)
vda4_affine_ew_grid10x10_seed0,affine_ew,10x10,100,0,valid,frame6,target_total_quadrant_mass,128,0.581711195773778,0.5567649253526042,0.6076222673006952,held-out trials,percentile bootstrap (10000 draws)
vda4_affine_ew_grid10x10_seed0,affine_ew,10x10,100,0,valid,frame6,cue_total_quadrant_mass,128,0.581711195773778,0.5559286859613337,0.6071560334267303,held-out trials,percentile bootstrap (10000 draws)
vda4_affine_ew_grid10x10_seed0,affine_ew,10x10,100,0,valid,frame6,target_mean_patch_mass,128,0.023268447830951118,0.022249100005618173,0.024308964044994583,held-out trials,percentile bootstrap (10000 draws)
vda4_affine_ew_grid10x10_seed0,affine_ew,10x10,100,0,valid,frame6,cue_mean_patch_mass,128,0.023268447830951118,0.022231585843221182,0.024300433537077195,held-out trials,percentile bootstrap (10000 draws)
vda4_affine_ew_grid10x10_seed0,affine_ew,10x10,100,0,valid,frame6,target_peak_patch_raw,128,0.26078846800373867,0.2366258223672048,0.2863133468476008,held-out trials,percentile bootstrap (10000 draws)
vda4_affine_ew_grid10x10_seed0,affine_ew,10x10,100,0,valid,frame6,cue_peak_patch_raw,128,0.26078846800373867,0.2366032795915089,0.2863211943593342,held-out trials,percentile bootstrap (10000 draws)
vda4_affine_ew_grid10x10_seed0,affine_ew,10x10,100,0,valid,frame6,target_peak_patch_uniform_ratio,128,26.078846800373867,23.63995194711606,28.568638397700852,held-out trials,percentile bootstrap (10000 draws)
vda4_affine_ew_grid10x10_seed0,affine_ew,10x10,100,0,valid,frame6,cue_peak_patch_uniform_ratio,128,26.078846800373867,23.60503685340518,28.582921654960955,held-out trials,percentile bootstrap (10000 draws)
vda4_affine_ew_grid10x10_seed0,affine_ew,10x10,100,0,valid,frame6,target_peak_patch_quadrant_share,128,0.7835110165869943,0.7566761319875205,0.8094514013232694,held-out trials,percentile bootstrap (10000 draws)
vda4_affine_ew_grid10x10_seed0,affine_ew,10x10,100,0,valid,frame6,cue_peak_patch_quadrant_share,128,0.7835110165869943,0.7575061112082523,0.809448799846749,held-out trials,percentile bootstrap (10000 draws)
vda4_affine_ew_grid10x10_seed0,affine_ew,10x10,100,0,valid,frame6,target_within_quadrant_peak_ratio,128,10.551974911328667,9.893226235201393,11.226018619213978,held-out trials,percentile bootstrap (10000 draws)
vda4_affine_ew_grid10x10_seed0,affine_ew,10x10,100,0,valid,frame6,cue_within_quadrant_peak_ratio,128,10.551974911328667,9.899314512662839,11.22223190770438,held-out trials,percentile bootstrap (10000 draws)
vda4_affine_ew_grid10x10_seed0,affine_ew,10x10,100,0,valid,frame6,target_minus_cue_total_mass,128,0.0,0.0,0.0,held-out trials,percentile bootstrap (10000 draws)
vda4_affine_ew_grid10x10_seed0,affine_ew,10x10,100,0,valid,frame6,target_minus_other_total_mass,128,0.4422815942024746,0.4081223089272098,0.47634173022861237,held-out trials,percentile bootstrap (10000 draws)
vda4_affine_ew_grid10x10_seed0,affine_ew,10x10,100,0,valid,frame6,target_minus_cue_peak_share,128,0.0,0.0,0.0,held-out trials,percentile bootstrap (10000 draws)
vda4_affine_ew_grid10x10_seed0,affine_ew,10x10,100,0,valid,frame6,target_minus_other_peak_share,128,0.7113480221159925,0.6757243109139447,0.74618180327009,held-out trials,percentile bootstrap (10000 draws)
vda4_affine_ew_grid10x10_seed0,affine_ew,10x10,100,0,valid,frame6,target_argmax_total,128,1.0,1.0,1.0,held-out trials,percentile bootstrap (10000 draws)
vda4_affine_ew_grid10x10_seed0,affine_ew,10x10,100,0,valid,frame6,target_argmax_peak,128,1.0,1.0,1.0,held-out trials,percentile bootstrap (10000 draws)
vda4_affine_ew_grid10x10_seed0,affine_ew,10x10,100,0,valid,frames5_6_mean,target_total_quadrant_mass,128,0.6529102819157515,0.6427621238923052,0.6629510799858224,held-out trials,percentile bootstrap (10000 draws)
vda4_affine_ew_grid10x10_seed0,affine_ew,10x10,100,0,valid,frames5_6_mean,cue_total_quadrant_mass,128,0.6529102819157515,0.6429058640569622,0.6631367354467471,held-out trials,percentile bootstrap (10000 draws)
vda4_affine_ew_grid10x10_seed0,affine_ew,10x10,100,0,valid,frames5_6_mean,target_mean_patch_mass,128,0.026116411276630058,0.025722286979861224,0.02652518771408745,held-out trials,percentile bootstrap (10000 draws)
vda4_affine_ew_grid10x10_seed0,affine_ew,10x10,100,0,valid,frames5_6_mean,cue_mean_patch_mass,128,0.026116411276630058,0.025720145943603258,0.026518709892097262,held-out trials,percentile bootstrap (10000 draws)
vda4_affine_ew_grid10x10_seed0,affine_ew,10x10,100,0,valid,frames5_6_mean,target_peak_patch_raw,128,0.3173705044318922,0.3017187502780871,0.33349775487731675,held-out trials,percentile bootstrap (10000 draws)
vda4_affine_ew_grid10x10_seed0,affine_ew,10x10,100,0,valid,frames5_6_mean,cue_peak_patch_raw,128,0.3173705044318922,0.30163952981674813,0.3327667660705629,held-out trials,percentile bootstrap (10000 draws)
vda4_affine_ew_grid10x10_seed0,affine_ew,10x10,100,0,valid,frames5_6_mean,target_peak_patch_uniform_ratio,128,31.73705044318922,30.144700542841747,33.31650216779963,held-out trials,percentile bootstrap (10000 draws)
vda4_affine_ew_grid10x10_seed0,affine_ew,10x10,100,0,valid,frames5_6_mean,cue_peak_patch_uniform_ratio,128,31.73705044318922,30.200043945442303,33.350597450444184,held-out trials,percentile bootstrap (10000 draws)
vda4_affine_ew_grid10x10_seed0,affine_ew,10x10,100,0,valid,frames5_6_mean,target_peak_patch_quadrant_share,128,0.8590623628127738,0.8461856802352168,0.8715101660420524,held-out trials,percentile bootstrap (10000 draws)
vda4_affine_ew_grid10x10_seed0,affine_ew,10x10,100,0,valid,frames5_6_mean,cue_peak_patch_quadrant_share,128,0.8590623628127738,0.8457182757541633,0.8714839158327331,held-out trials,percentile bootstrap (10000 draws)
vda4_affine_ew_grid10x10_seed0,affine_ew,10x10,100,0,valid,frames5_6_mean,target_within_quadrant_peak_ratio,128,11.5316507138801,11.026248504053006,12.046127514750783,held-out trials,percentile bootstrap (10000 draws)
vda4_affine_ew_grid10x10_seed0,affine_ew,10x10,100,0,valid,frames5_6_mean,cue_within_quadrant_peak_ratio,128,11.5316507138801,11.032068586695807,12.040104036941013,held-out trials,percentile bootstrap (10000 draws)
vda4_affine_ew_grid10x10_seed0,affine_ew,10x10,100,0,valid,frames5_6_mean,target_minus_cue_total_mass,128,0.0,0.0,0.0,held-out trials,percentile bootstrap (10000 draws)
vda4_affine_ew_grid10x10_seed0,affine_ew,10x10,100,0,valid,frames5_6_mean,target_minus_other_total_mass,128,0.537213709643164,0.5237026358999706,0.5503293885761754,held-out trials,percentile bootstrap (10000 draws)
vda4_affine_ew_grid10x10_seed0,affine_ew,10x10,100,0,valid,frames5_6_mean,target_minus_cue_peak_share,128,0.0,0.0,0.0,held-out trials,percentile bootstrap (10000 draws)
vda4_affine_ew_grid10x10_seed0,affine_ew,10x10,100,0,valid,frames5_6_mean,target_minus_other_peak_share,128,0.8120831504170316,0.7944828555436143,0.8288402488958038,held-out trials,percentile bootstrap (10000 draws)
vda4_affine_ew_grid10x10_seed0,affine_ew,10x10,100,0,valid,frames5_6_mean,target_argmax_total,128,1.0,1.0,1.0,held-out trials,percentile bootstrap (10000 draws)
vda4_affine_ew_grid10x10_seed0,affine_ew,10x10,100,0,valid,frames5_6_mean,target_argmax_peak,128,1.0,1.0,1.0,held-out trials,percentile bootstrap (10000 draws)
vda4_affine_ew_grid2x2_seed0,affine_ew,2x2,4,0,invalid,frame5,target_total_quadrant_mass,128,0.7570864767767489,0.7387040325556882,0.7745534829678945,held-out trials,percentile bootstrap (10000 draws)
vda4_affine_ew_grid2x2_seed0,affine_ew,2x2,4,0,invalid,frame5,cue_total_quadrant_mass,128,0.08470984833547845,0.07214934578714746,0.09856540102227881,held-out trials,percentile bootstrap (10000 draws)
vda4_affine_ew_grid2x2_seed0,affine_ew,2x2,4,0,invalid,frame5,target_mean_patch_mass,128,0.7570864767767489,0.7387537129572592,0.7750066946086008,held-out trials,percentile bootstrap (10000 draws)
vda4_affine_ew_grid2x2_seed0,affine_ew,2x2,4,0,invalid,frame5,cue_mean_patch_mass,128,0.08470984833547845,0.07213650045159739,0.09864207579430513,held-out trials,percentile bootstrap (10000 draws)
vda4_affine_ew_grid2x2_seed0,affine_ew,2x2,4,0,invalid,frame5,target_peak_patch_raw,128,0.7570864767767489,0.7383323182875756,0.7751052487292327,held-out trials,percentile bootstrap (10000 draws)
vda4_affine_ew_grid2x2_seed0,affine_ew,2x2,4,0,invalid,frame5,cue_peak_patch_raw,128,0.08470984833547845,0.07197978209842404,0.09913389383673347,held-out trials,percentile bootstrap (10000 draws)
vda4_affine_ew_grid2x2_seed0,affine_ew,2x2,4,0,invalid,frame5,target_peak_patch_uniform_ratio,128,3.0283459071069956,2.952199328923598,3.1003502575214954,held-out trials,percentile bootstrap (10000 draws)
vda4_affine_ew_grid2x2_seed0,affine_ew,2x2,4,0,invalid,frame5,cue_peak_patch_uniform_ratio,128,0.3388393933419138,0.2894149822262989,0.39488082082534676,held-out trials,percentile bootstrap (10000 draws)
vda4_affine_ew_grid2x2_seed0,affine_ew,2x2,4,0,invalid,frame5,target_peak_patch_quadrant_share,128,0.7570864752144945,0.7386564327500077,0.774998723674998,held-out trials,percentile bootstrap (10000 draws)
vda4_affine_ew_grid2x2_seed0,affine_ew,2x2,4,0,invalid,frame5,cue_peak_patch_quadrant_share,128,0.08470984846295018,0.0724329118325319,0.09854530386396396,held-out trials,percentile bootstrap (10000 draws)
vda4_affine_ew_grid2x2_seed0,affine_ew,2x2,4,0,invalid,frame5,target_within_quadrant_peak_ratio,128,1.0,1.0,1.0,held-out trials,percentile bootstrap (10000 draws)
vda4_affine_ew_grid2x2_seed0,affine_ew,2x2,4,0,invalid,frame5,cue_within_quadrant_peak_ratio,128,1.0,1.0,1.0,held-out trials,percentile bootstrap (10000 draws)
vda4_affine_ew_grid2x2_seed0,affine_ew,2x2,4,0,invalid,frame5,target_minus_cue_total_mass,128,0.6723766284412704,0.6422246030402675,0.7003896466636433,held-out trials,percentile bootstrap (10000 draws)
vda4_affine_ew_grid2x2_seed0,affine_ew,2x2,4,0,invalid,frame5,target_minus_other_total_mass,128,0.6761153018621068,0.6507150489223477,0.70010888620421,held-out trials,percentile bootstrap (10000 draws)
vda4_affine_ew_grid2x2_seed0,affine_ew,2x2,4,0,invalid,frame5,target_minus_cue_peak_share,128,0.6723766267515443,0.6420898554149351,0.7006191087873598,held-out trials,percentile bootstrap (10000 draws)
vda4_affine_ew_grid2x2_seed0,affine_ew,2x2,4,0,invalid,frame5,target_minus_other_peak_share,128,0.6761153002859928,0.6509746351375232,0.7000460807135339,held-out trials,percentile bootstrap (10000 draws)
vda4_affine_ew_grid2x2_seed0,affine_ew,2x2,4,0,invalid,frame5,target_argmax_total,128,0.984375,0.9609375,1.0,held-out trials,percentile bootstrap (10000 draws)
vda4_affine_ew_grid2x2_seed0,affine_ew,2x2,4,0,invalid,frame5,target_argmax_peak,128,0.984375,0.9609375,1.0,held-out trials,percentile bootstrap (10000 draws)
vda4_affine_ew_grid2x2_seed0,affine_ew,2x2,4,0,invalid,frame6,target_total_quadrant_mass,128,0.6881691934540868,0.6682246752025094,0.7072149721090681,held-out trials,percentile bootstrap (10000 draws)
vda4_affine_ew_grid2x2_seed0,affine_ew,2x2,4,0,invalid,frame6,cue_total_quadrant_mass,128,0.07469207722351712,0.06305948775129763,0.08742920013769434,held-out trials,percentile bootstrap (10000 draws)
vda4_affine_ew_grid2x2_seed0,affine_ew,2x2,4,0,invalid,frame6,target_mean_patch_mass,128,0.6881691934540868,0.6678397897281684,0.7069791876652743,held-out trials,percentile bootstrap (10000 draws)
vda4_affine_ew_grid2x2_seed0,affine_ew,2x2,4,0,invalid,frame6,cue_mean_patch_mass,128,0.07469207722351712,0.0631461138134,0.08708460801553883,held-out trials,percentile bootstrap (10000 draws)
vda4_affine_ew_grid2x2_seed0,affine_ew,2x2,4,0,invalid,frame6,target_peak_patch_raw,128,0.6881691934540868,0.6670895819668659,0.7074140210344921,held-out trials,percentile bootstrap (10000 draws)
vda4_affine_ew_grid2x2_seed0,affine_ew,2x2,4,0,invalid,frame6,cue_peak_patch_raw,128,0.07469207722351712,0.06299736563460101,0.0871270745610218,held-out trials,percentile bootstrap (10000 draws)
vda4_affine_ew_grid2x2_seed0,affine_ew,2x2,4,0,invalid,frame6,target_peak_patch_uniform_ratio,128,2.752676773816347,2.671659623202868,2.8281238690717148,held-out trials,percentile bootstrap (10000 draws)
vda4_affine_ew_grid2x2_seed0,affine_ew,2x2,4,0,invalid,frame6,cue_peak_patch_uniform_ratio,128,0.29876830889406847,0.2521538377268371,0.3491335316684853,held-out trials,percentile bootstrap (10000 draws)
vda4_affine_ew_grid2x2_seed0,affine_ew,2x2,4,0,invalid,frame6,target_peak_patch_quadrant_share,128,0.6881691924247961,0.6675959508693866,0.7069881442002748,held-out trials,percentile bootstrap (10000 draws)
vda4_affine_ew_grid2x2_seed0,affine_ew,2x2,4,0,invalid,frame6,cue_peak_patch_quadrant_share,128,0.07469207704763875,0.06289631077882117,0.08708045205290584,held-out trials,percentile bootstrap (10000 draws)
vda4_affine_ew_grid2x2_seed0,affine_ew,2x2,4,0,invalid,frame6,target_within_quadrant_peak_ratio,128,1.0,1.0,1.0,held-out trials,percentile bootstrap (10000 draws)
vda4_affine_ew_grid2x2_seed0,affine_ew,2x2,4,0,invalid,frame6,cue_within_quadrant_peak_ratio,128,1.0,1.0,1.0,held-out trials,percentile bootstrap (10000 draws)
vda4_affine_ew_grid2x2_seed0,affine_ew,2x2,4,0,invalid,frame6,target_minus_cue_total_mass,128,0.6134771162305697,0.5838622087940621,0.6406834160770813,held-out trials,percentile bootstrap (10000 draws)
vda4_affine_ew_grid2x2_seed0,affine_ew,2x2,4,0,invalid,frame6,target_minus_other_total_mass,128,0.5842255907567353,0.5568327290988236,0.6095418534785192,held-out trials,percentile bootstrap (10000 draws)
vda4_affine_ew_grid2x2_seed0,affine_ew,2x2,4,0,invalid,frame6,target_minus_cue_peak_share,128,0.6134771153771573,0.5841948563611548,0.6403001965634909,held-out trials,percentile bootstrap (10000 draws)
vda4_affine_ew_grid2x2_seed0,affine_ew,2x2,4,0,invalid,frame6,target_minus_other_peak_share,128,0.5842255898997282,0.5569933407739379,0.6092120032476774,held-out trials,percentile bootstrap (10000 draws)
vda4_affine_ew_grid2x2_seed0,affine_ew,2x2,4,0,invalid,frame6,target_argmax_total,128,0.96875,0.9375,0.9921875,held-out trials,percentile bootstrap (10000 draws)
vda4_affine_ew_grid2x2_seed0,affine_ew,2x2,4,0,invalid,frame6,target_argmax_peak,128,0.96875,0.9375,0.9921875,held-out trials,percentile bootstrap (10000 draws)
vda4_affine_ew_grid2x2_seed0,affine_ew,2x2,4,0,invalid,frames5_6_mean,target_total_quadrant_mass,128,0.7226278351154178,0.7101382095192094,0.7345582301990362,held-out trials,percentile bootstrap (10000 draws)
vda4_affine_ew_grid2x2_seed0,affine_ew,2x2,4,0,invalid,frames5_6_mean,cue_total_quadrant_mass,128,0.07970096277949779,0.07114686741797413,0.08845098768726985,held-out trials,percentile bootstrap (10000 draws)
vda4_affine_ew_grid2x2_seed0,affine_ew,2x2,4,0,invalid,frames5_6_mean,target_mean_patch_mass,128,0.7226278351154178,0.7100883887207601,0.7345083248917945,held-out trials,percentile bootstrap (10000 draws)
vda4_affine_ew_grid2x2_seed0,affine_ew,2x2,4,0,invalid,frames5_6_mean,cue_mean_patch_mass,128,0.07970096277949779,0.07142562839094353,0.08864950777833655,held-out trials,percentile bootstrap (10000 draws)
vda4_affine_ew_grid2x2_seed0,affine_ew,2x2,4,0,invalid,frames5_6_mean,target_peak_patch_raw,128,0.7226278351154178,0.7103303759358823,0.7345931824354921,held-out trials,percentile bootstrap (10000 draws)
vda4_affine_ew_grid2x2_seed0,affine_ew,2x2,4,0,invalid,frames5_6_mean,cue_peak_patch_raw,128,0.07970096277949779,0.0713408036380315,0.08866891144784858,held-out trials,percentile bootstrap (10000 draws)
vda4_affine_ew_grid2x2_seed0,affine_ew,2x2,4,0,invalid,frames5_6_mean,target_peak_patch_uniform_ratio,128,2.8905113404616714,2.841436102357693,2.9379524358315394,held-out trials,percentile bootstrap (10000 draws)
vda4_affine_ew_grid2x2_seed0,affine_ew,2x2,4,0,invalid,frames5_6_mean,cue_peak_patch_uniform_ratio,128,0.31880385111799114,0.2849829662056436,0.3542887583126685,held-out trials,percentile bootstrap (10000 draws)
vda4_affine_ew_grid2x2_seed0,affine_ew,2x2,4,0,invalid,frames5_6_mean,target_peak_patch_quadrant_share,128,0.7226278338196452,0.7104690152081362,0.7345623773048774,held-out trials,percentile bootstrap (10000 draws)
vda4_affine_ew_grid2x2_seed0,affine_ew,2x2,4,0,invalid,frames5_6_mean,cue_peak_patch_quadrant_share,128,0.07970096275529448,0.0714105077589074,0.08866387779402934,held-out trials,percentile bootstrap (10000 draws)
vda4_affine_ew_grid2x2_seed0,affine_ew,2x2,4,0,invalid,frames5_6_mean,target_within_quadrant_peak_ratio,128,1.0,1.0,1.0,held-out trials,percentile bootstrap (10000 draws)
vda4_affine_ew_grid2x2_seed0,affine_ew,2x2,4,0,invalid,frames5_6_mean,cue_within_quadrant_peak_ratio,128,1.0,1.0,1.0,held-out trials,percentile bootstrap (10000 draws)
vda4_affine_ew_grid2x2_seed0,affine_ew,2x2,4,0,invalid,frames5_6_mean,target_minus_cue_total_mass,128,0.64292687233592,0.6248356862692617,0.6601826840437071,held-out trials,percentile bootstrap (10000 draws)
vda4_affine_ew_grid2x2_seed0,affine_ew,2x2,4,0,invalid,frames5_6_mean,target_minus_other_total_mass,128,0.6301704463094211,0.6136896897116837,0.6463228331470342,held-out trials,percentile bootstrap (10000 draws)
vda4_affine_ew_grid2x2_seed0,affine_ew,2x2,4,0,invalid,frames5_6_mean,target_minus_cue_peak_share,128,0.6429268710643508,0.6239964157375247,0.6605349307263818,held-out trials,percentile bootstrap (10000 draws)
vda4_affine_ew_grid2x2_seed0,affine_ew,2x2,4,0,invalid,frames5_6_mean,target_minus_other_peak_share,128,0.6301704450928604,0.6136630337891514,0.646297928272722,held-out trials,percentile bootstrap (10000 draws)
vda4_affine_ew_grid2x2_seed0,affine_ew,2x2,4,0,invalid,frames5_6_mean,target_argmax_total,128,1.0,1.0,1.0,held-out trials,percentile bootstrap (10000 draws)
vda4_affine_ew_grid2x2_seed0,affine_ew,2x2,4,0,invalid,frames5_6_mean,target_argmax_peak,128,1.0,1.0,1.0,held-out trials,percentile bootstrap (10000 draws)
vda4_affine_ew_grid2x2_seed0,affine_ew,2x2,4,0,valid,frame5,target_total_quadrant_mass,128,0.7776510445401073,0.7664354908047244,0.7898603022447788,held-out trials,percentile bootstrap (10000 draws)
vda4_affine_ew_grid2x2_seed0,affine_ew,2x2,4,0,valid,frame5,cue_total_quadrant_mass,128,0.7776510445401073,0.766313670272939,0.7897098038694821,held-out trials,percentile bootstrap (10000 draws)
vda4_affine_ew_grid2x2_seed0,affine_ew,2x2,4,0,valid,frame5,target_mean_patch_mass,128,0.7776510445401073,0.7663647157372907,0.7899562767939642,held-out trials,percentile bootstrap (10000 draws)
vda4_affine_ew_grid2x2_seed0,affine_ew,2x2,4,0,valid,frame5,cue_mean_patch_mass,128,0.7776510445401073,0.7663618924096227,0.7897695490508341,held-out trials,percentile bootstrap (10000 draws)
vda4_affine_ew_grid2x2_seed0,affine_ew,2x2,4,0,valid,frame5,target_peak_patch_raw,128,0.7776510445401073,0.7663553963764571,0.7898527076351456,held-out trials,percentile bootstrap (10000 draws)
vda4_affine_ew_grid2x2_seed0,affine_ew,2x2,4,0,valid,frame5,cue_peak_patch_raw,128,0.7776510445401073,0.7663654648815281,0.7900672800955363,held-out trials,percentile bootstrap (10000 draws)
vda4_affine_ew_grid2x2_seed0,affine_ew,2x2,4,0,valid,frame5,target_peak_patch_uniform_ratio,128,3.110604178160429,3.0650685448665174,3.15927100465633,held-out trials,percentile bootstrap (10000 draws)
vda4_affine_ew_grid2x2_seed0,affine_ew,2x2,4,0,valid,frame5,cue_peak_patch_uniform_ratio,128,3.110604178160429,3.064682273287326,3.1585033728741108,held-out trials,percentile bootstrap (10000 draws)
vda4_affine_ew_grid2x2_seed0,affine_ew,2x2,4,0,valid,frame5,target_peak_patch_quadrant_share,128,0.7776510471282125,0.7663465904207789,0.789930301498159,held-out trials,percentile bootstrap (10000 draws)
vda4_affine_ew_grid2x2_seed0,affine_ew,2x2,4,0,valid,frame5,cue_peak_patch_quadrant_share,128,0.7776510471282125,0.766352554004918,0.7899500574675254,held-out trials,percentile bootstrap (10000 draws)
vda4_affine_ew_grid2x2_seed0,affine_ew,2x2,4,0,valid,frame5,target_within_quadrant_peak_ratio,128,1.0,1.0,1.0,held-out trials,percentile bootstrap (10000 draws)
vda4_affine_ew_grid2x2_seed0,affine_ew,2x2,4,0,valid,frame5,cue_within_quadrant_peak_ratio,128,1.0,1.0,1.0,held-out trials,percentile bootstrap (10000 draws)
vda4_affine_ew_grid2x2_seed0,affine_ew,2x2,4,0,valid,frame5,target_minus_cue_total_mass,128,0.0,0.0,0.0,held-out trials,percentile bootstrap (10000 draws)
vda4_affine_ew_grid2x2_seed0,affine_ew,2x2,4,0,valid,frame5,target_minus_other_total_mass,128,0.7035347269541793,0.6884229150441191,0.7193836171348114,held-out trials,percentile bootstrap (10000 draws)
vda4_affine_ew_grid2x2_seed0,affine_ew,2x2,4,0,valid,frame5,target_minus_cue_peak_share,128,0.0,0.0,0.0,held-out trials,percentile bootstrap (10000 draws)
vda4_affine_ew_grid2x2_seed0,affine_ew,2x2,4,0,valid,frame5,target_minus_other_peak_share,128,0.7035347295042833,0.688283013233278,0.7195533846630926,held-out trials,percentile bootstrap (10000 draws)
vda4_affine_ew_grid2x2_seed0,affine_ew,2x2,4,0,valid,frame5,target_argmax_total,128,1.0,1.0,1.0,held-out trials,percentile bootstrap (10000 draws)
vda4_affine_ew_grid2x2_seed0,affine_ew,2x2,4,0,valid,frame5,target_argmax_peak,128,1.0,1.0,1.0,held-out trials,percentile bootstrap (10000 draws)
vda4_affine_ew_grid2x2_seed0,affine_ew,2x2,4,0,valid,frame6,target_total_quadrant_mass,128,0.6955558178015053,0.678686246991856,0.7115421265771147,held-out trials,percentile bootstrap (10000 draws)
vda4_affine_ew_grid2x2_seed0,affine_ew,2x2,4,0,valid,frame6,cue_total_quadrant_mass,128,0.6955558178015053,0.6782914217445069,0.7112058308382985,held-out trials,percentile bootstrap (10000 draws)
vda4_affine_ew_grid2x2_seed0,affine_ew,2x2,4,0,valid,frame6,target_mean_patch_mass,128,0.6955558178015053,0.6781761109828949,0.710977470932994,held-out trials,percentile bootstrap (10000 draws)
vda4_affine_ew_grid2x2_seed0,affine_ew,2x2,4,0,valid,frame6,cue_mean_patch_mass,128,0.6955558178015053,0.6784489369136282,0.7112613945617341,held-out trials,percentile bootstrap (10000 draws)
vda4_affine_ew_grid2x2_seed0,affine_ew,2x2,4,0,valid,frame6,target_peak_patch_raw,128,0.6955558178015053,0.678728522057645,0.7113687222881708,held-out trials,percentile bootstrap (10000 draws)
vda4_affine_ew_grid2x2_seed0,affine_ew,2x2,4,0,valid,frame6,cue_peak_patch_raw,128,0.6955558178015053,0.6784694694157224,0.7111925120058004,held-out trials,percentile bootstrap (10000 draws)
vda4_affine_ew_grid2x2_seed0,affine_ew,2x2,4,0,valid,frame6,target_peak_patch_uniform_ratio,128,2.7822232712060213,2.714080752595328,2.84499032786116,held-out trials,percentile bootstrap (10000 draws)
vda4_affine_ew_grid2x2_seed0,affine_ew,2x2,4,0,valid,frame6,cue_peak_patch_uniform_ratio,128,2.7822232712060213,2.7136219291947783,2.8451624215114864,held-out trials,percentile bootstrap (10000 draws)
vda4_affine_ew_grid2x2_seed0,affine_ew,2x2,4,0,valid,frame6,target_peak_patch_quadrant_share,128,0.6955558153238974,0.6785898793023367,0.7115625342141605,held-out trials,percentile bootstrap (10000 draws)
vda4_affine_ew_grid2x2_seed0,affine_ew,2x2,4,0,valid,frame6,cue_peak_patch_quadrant_share,128,0.6955558153238974,0.6786486772326688,0.7110640684779046,held-out trials,percentile bootstrap (10000 draws)
vda4_affine_ew_grid2x2_seed0,affine_ew,2x2,4,0,valid,frame6,target_within_quadrant_peak_ratio,128,1.0,1.0,1.0,held-out trials,percentile bootstrap (10000 draws)
vda4_affine_ew_grid2x2_seed0,affine_ew,2x2,4,0,valid,frame6,cue_within_quadrant_peak_ratio,128,1.0,1.0,1.0,held-out trials,percentile bootstrap (10000 draws)
vda4_affine_ew_grid2x2_seed0,affine_ew,2x2,4,0,valid,frame6,target_minus_cue_total_mass,128,0.0,0.0,0.0,held-out trials,percentile bootstrap (10000 draws)
vda4_affine_ew_grid2x2_seed0,affine_ew,2x2,4,0,valid,frame6,target_minus_other_total_mass,128,0.5940744225423866,0.5707216371676016,0.6149593321819906,held-out trials,percentile bootstrap (10000 draws)
vda4_affine_ew_grid2x2_seed0,affine_ew,2x2,4,0,valid,frame6,target_minus_cue_peak_share,128,0.0,0.0,0.0,held-out trials,percentile bootstrap (10000 draws)
vda4_affine_ew_grid2x2_seed0,affine_ew,2x2,4,0,valid,frame6,target_minus_other_peak_share,128,0.5940744204318632,0.5713503904557014,0.6153448080943075,held-out trials,percentile bootstrap (10000 draws)
vda4_affine_ew_grid2x2_seed0,affine_ew,2x2,4,0,valid,frame6,target_argmax_total,128,0.9921875,0.9765625,1.0,held-out trials,percentile bootstrap (10000 draws)
vda4_affine_ew_grid2x2_seed0,affine_ew,2x2,4,0,valid,frame6,target_argmax_peak,128,0.9921875,0.9765625,1.0,held-out trials,percentile bootstrap (10000 draws)
vda4_affine_ew_grid2x2_seed0,affine_ew,2x2,4,0,valid,frames5_6_mean,target_total_quadrant_mass,128,0.7366034311708063,0.7264809564629104,0.746354043050087,held-out trials,percentile bootstrap (10000 draws)
vda4_affine_ew_grid2x2_seed0,affine_ew,2x2,4,0,valid,frames5_6_mean,cue_total_quadrant_mass,128,0.7366034311708063,0.726277018658584,0.7468301246903138,held-out trials,percentile bootstrap (10000 draws)
vda4_affine_ew_grid2x2_seed0,affine_ew,2x2,4,0,valid,frames5_6_mean,target_mean_patch_mass,128,0.7366034311708063,0.7263450409576763,0.7465953320090193,held-out trials,percentile bootstrap (10000 draws)
vda4_affine_ew_grid2x2_seed0,affine_ew,2x2,4,0,valid,frames5_6_mean,cue_mean_patch_mass,128,0.7366034311708063,0.7264172534196405,0.7468150630913442,held-out trials,percentile bootstrap (10000 draws)
vda4_affine_ew_grid2x2_seed0,affine_ew,2x2,4,0,valid,frames5_6_mean,target_peak_patch_raw,128,0.7366034311708063,0.7258744493301492,0.7468543681665324,held-out trials,percentile bootstrap (10000 draws)
vda4_affine_ew_grid2x2_seed0,affine_ew,2x2,4,0,valid,frames5_6_mean,cue_peak_patch_raw,128,0.7366034311708063,0.7262848775193561,0.7468463211931521,held-out trials,percentile bootstrap (10000 draws)
vda4_affine_ew_grid2x2_seed0,affine_ew,2x2,4,0,valid,frames5_6_mean,target_peak_patch_uniform_ratio,128,2.946413724683225,2.904858428682201,2.986757271818351,held-out trials,percentile bootstrap (10000 draws)
vda4_affine_ew_grid2x2_seed0,affine_ew,2x2,4,0,valid,frames5_6_mean,cue_peak_patch_uniform_ratio,128,2.946413724683225,2.903372834133916,2.987197624926921,held-out trials,percentile bootstrap (10000 draws)
vda4_affine_ew_grid2x2_seed0,affine_ew,2x2,4,0,valid,frames5_6_mean,target_peak_patch_quadrant_share,128,0.736603431226055,0.726348154196739,0.7465935665496272,held-out trials,percentile bootstrap (10000 draws)
vda4_affine_ew_grid2x2_seed0,affine_ew,2x2,4,0,valid,frames5_6_mean,cue_peak_patch_quadrant_share,128,0.736603431226055,0.726207092115132,0.7470893986251661,held-out trials,percentile bootstrap (10000 draws)
vda4_affine_ew_grid2x2_seed0,affine_ew,2x2,4,0,valid,frames5_6_mean,target_within_quadrant_peak_ratio,128,1.0,1.0,1.0,held-out trials,percentile bootstrap (10000 draws)
vda4_affine_ew_grid2x2_seed0,affine_ew,2x2,4,0,valid,frames5_6_mean,cue_within_quadrant_peak_ratio,128,1.0,1.0,1.0,held-out trials,percentile bootstrap (10000 draws)
vda4_affine_ew_grid2x2_seed0,affine_ew,2x2,4,0,valid,frames5_6_mean,target_minus_cue_total_mass,128,0.0,0.0,0.0,held-out trials,percentile bootstrap (10000 draws)
vda4_affine_ew_grid2x2_seed0,affine_ew,2x2,4,0,valid,frames5_6_mean,target_minus_other_total_mass,128,0.6488045747482829,0.6347733054311031,0.662192828949397,held-out trials,percentile bootstrap (10000 draws)
vda4_affine_ew_grid2x2_seed0,affine_ew,2x2,4,0,valid,frames5_6_mean,target_minus_cue_peak_share,128,0.0,0.0,0.0,held-out trials,percentile bootstrap (10000 draws)
vda4_affine_ew_grid2x2_seed0,affine_ew,2x2,4,0,valid,frames5_6_mean,target_minus_other_peak_share,128,0.6488045749680733,0.635154311186166,0.6621106739024021,held-out trials,percentile bootstrap (10000 draws)
vda4_affine_ew_grid2x2_seed0,affine_ew,2x2,4,0,valid,frames5_6_mean,target_argmax_total,128,1.0,1.0,1.0,held-out trials,percentile bootstrap (10000 draws)
vda4_affine_ew_grid2x2_seed0,affine_ew,2x2,4,0,valid,frames5_6_mean,target_argmax_peak,128,1.0,1.0,1.0,held-out trials,percentile bootstrap (10000 draws)
vda4_affine_ew_grid4x4_seed0,affine_ew,4x4,16,0,invalid,frame5,target_total_quadrant_mass,128,0.7574590482972781,0.7284886632848838,0.78435241432594,held-out trials,percentile bootstrap (10000 draws)
vda4_affine_ew_grid4x4_seed0,affine_ew,4x4,16,0,invalid,frame5,cue_total_quadrant_mass,128,0.15384788197616217,0.1351091323937908,0.17361142588762277,held-out trials,percentile bootstrap (10000 draws)
vda4_affine_ew_grid4x4_seed0,affine_ew,4x4,16,0,invalid,frame5,target_mean_patch_mass,128,0.18936476207431951,0.18200519888495706,0.19614988420574378,held-out trials,percentile bootstrap (10000 draws)
vda4_affine_ew_grid4x4_seed0,affine_ew,4x4,16,0,invalid,frame5,cue_mean_patch_mass,128,0.03846197049404054,0.033892641897884344,0.04359935960635255,held-out trials,percentile bootstrap (10000 draws)
vda4_affine_ew_grid4x4_seed0,affine_ew,4x4,16,0,invalid,frame5,target_peak_patch_raw,128,0.45766664191614836,0.42551133383094564,0.49080585073679683,held-out trials,percentile bootstrap (10000 draws)
vda4_affine_ew_grid4x4_seed0,affine_ew,4x4,16,0,invalid,frame5,cue_peak_patch_raw,128,0.07429153522934939,0.06480734297065283,0.08459984443920802,held-out trials,percentile bootstrap (10000 draws)
vda4_affine_ew_grid4x4_seed0,affine_ew,4x4,16,0,invalid,frame5,target_peak_patch_uniform_ratio,128,7.322666270658374,6.795397255104035,7.857330317189917,held-out trials,percentile bootstrap (10000 draws)
vda4_affine_ew_grid4x4_seed0,affine_ew,4x4,16,0,invalid,frame5,cue_peak_patch_uniform_ratio,128,1.1886645636695903,1.0355506864958444,1.3566228368094015,held-out trials,percentile bootstrap (10000 draws)
vda4_affine_ew_grid4x4_seed0,affine_ew,4x4,16,0,invalid,frame5,target_peak_patch_quadrant_share,128,0.7781390100559482,0.745602011070115,0.8084776163303747,held-out trials,percentile bootstrap (10000 draws)
vda4_affine_ew_grid4x4_seed0,affine_ew,4x4,16,0,invalid,frame5,cue_peak_patch_quadrant_share,128,0.1465975463869789,0.12616756803329554,0.16890260725862133,held-out trials,percentile bootstrap (10000 draws)
vda4_affine_ew_grid4x4_seed0,affine_ew,4x4,16,0,invalid,frame5,target_within_quadrant_peak_ratio,128,2.3495601178217154,2.23515085311196,2.463200433403813,held-out trials,percentile bootstrap (10000 draws)
vda4_affine_ew_grid4x4_seed0,affine_ew,4x4,16,0,invalid,frame5,cue_within_quadrant_peak_ratio,128,1.9048681804990275,1.8176042589012742,1.9967314162420413,held-out trials,percentile bootstrap (10000 draws)
vda4_affine_ew_grid4x4_seed0,affine_ew,4x4,16,0,invalid,frame5,target_minus_cue_total_mass,128,0.6036111663211159,0.553915125716037,0.6490599604065892,held-out trials,percentile bootstrap (10000 draws)
vda4_affine_ew_grid4x4_seed0,affine_ew,4x4,16,0,invalid,frame5,target_minus_other_total_mass,128,0.6766120639517037,0.6384666892117877,0.7128800471978176,held-out trials,percentile bootstrap (10000 draws)
vda4_affine_ew_grid4x4_seed0,affine_ew,4x4,16,0,invalid,frame5,target_minus_cue_peak_share,128,0.6315414636689693,0.57672623503191,0.6825190703038675,held-out trials,percentile bootstrap (10000 draws)
vda4_affine_ew_grid4x4_seed0,affine_ew,4x4,16,0,invalid,frame5,target_minus_other_peak_share,128,0.7041853467412642,0.6603490350569097,0.744705068188211,held-out trials,percentile bootstrap (10000 draws)
vda4_affine_ew_grid4x4_seed0,affine_ew,4x4,16,0,invalid,frame5,target_argmax_total,128,0.9453125,0.90625,0.984375,held-out trials,percentile bootstrap (10000 draws)
vda4_affine_ew_grid4x4_seed0,affine_ew,4x4,16,0,invalid,frame5,target_argmax_peak,128,0.9296875,0.8828125,0.96875,held-out trials,percentile bootstrap (10000 draws)
vda4_affine_ew_grid4x4_seed0,affine_ew,4x4,16,0,invalid,frame6,target_total_quadrant_mass,128,0.6942159232985432,0.6650303667379603,0.7221457368494839,held-out trials,percentile bootstrap (10000 draws)
vda4_affine_ew_grid4x4_seed0,affine_ew,4x4,16,0,invalid,frame6,cue_total_quadrant_mass,128,0.18853125857913255,0.1697965928876556,0.20782894662240778,held-out trials,percentile bootstrap (10000 draws)
vda4_affine_ew_grid4x4_seed0,affine_ew,4x4,16,0,invalid,frame6,target_mean_patch_mass,128,0.1735539808246358,0.1665569085173786,0.1806468644100562,held-out trials,percentile bootstrap (10000 draws)
vda4_affine_ew_grid4x4_seed0,affine_ew,4x4,16,0,invalid,frame6,cue_mean_patch_mass,128,0.04713281464478314,0.04243472580650405,0.05195931072322537,held-out trials,percentile bootstrap (10000 draws)
vda4_affine_ew_grid4x4_seed0,affine_ew,4x4,16,0,invalid,frame6,target_peak_patch_raw,128,0.467477741651237,0.43132385044591504,0.5032229587610345,held-out trials,percentile bootstrap (10000 draws)
vda4_affine_ew_grid4x4_seed0,affine_ew,4x4,16,0,invalid,frame6,cue_peak_patch_raw,128,0.11014243446334149,0.09648976672078788,0.12418327800232873,held-out trials,percentile bootstrap (10000 draws)
vda4_affine_ew_grid4x4_seed0,affine_ew,4x4,16,0,invalid,frame6,target_peak_patch_uniform_ratio,128,7.479643866419792,6.928613721393049,8.032796798460186,held-out trials,percentile bootstrap (10000 draws)
vda4_affine_ew_grid4x4_seed0,affine_ew,4x4,16,0,invalid,frame6,cue_peak_patch_uniform_ratio,128,1.7622789514134638,1.5493691853640486,1.9909600006474646,held-out trials,percentile bootstrap (10000 draws)
vda4_affine_ew_grid4x4_seed0,affine_ew,4x4,16,0,invalid,frame6,target_peak_patch_quadrant_share,128,0.71524985456507,0.6818527933421443,0.7473326367371663,held-out trials,percentile bootstrap (10000 draws)
vda4_affine_ew_grid4x4_seed0,affine_ew,4x4,16,0,invalid,frame6,cue_peak_patch_quadrant_share,128,0.1861548105882519,0.16334658010704708,0.21044896901651763,held-out trials,percentile bootstrap (10000 draws)
vda4_affine_ew_grid4x4_seed0,affine_ew,4x4,16,0,invalid,frame6,target_within_quadrant_peak_ratio,128,2.6247528127252,2.492440646687536,2.7617793470903416,held-out trials,percentile bootstrap (10000 draws)
vda4_affine_ew_grid4x4_seed0,affine_ew,4x4,16,0,invalid,frame6,cue_within_quadrant_peak_ratio,128,2.234950051976456,2.1377055352917362,2.3314745669621257,held-out trials,percentile bootstrap (10000 draws)
vda4_affine_ew_grid4x4_seed0,affine_ew,4x4,16,0,invalid,frame6,target_minus_cue_total_mass,128,0.5056846647194106,0.4600905183879604,0.5505733855121889,held-out trials,percentile bootstrap (10000 draws)
vda4_affine_ew_grid4x4_seed0,affine_ew,4x4,16,0,invalid,frame6,target_minus_other_total_mass,128,0.5922878979596741,0.554732418351,0.6287702911239554,held-out trials,percentile bootstrap (10000 draws)
vda4_affine_ew_grid4x4_seed0,affine_ew,4x4,16,0,invalid,frame6,target_minus_cue_peak_share,128,0.5290950439768181,0.47231435941002076,0.5824809877042146,held-out trials,percentile bootstrap (10000 draws)
vda4_affine_ew_grid4x4_seed0,affine_ew,4x4,16,0,invalid,frame6,target_minus_other_peak_share,128,0.6203331394200933,0.5742403664791745,0.6636883999266601,held-out trials,percentile bootstrap (10000 draws)
vda4_affine_ew_grid4x4_seed0,affine_ew,4x4,16,0,invalid,frame6,target_argmax_total,128,0.9453125,0.90625,0.984375,held-out trials,percentile bootstrap (10000 draws)
vda4_affine_ew_grid4x4_seed0,affine_ew,4x4,16,0,invalid,frame6,target_argmax_peak,128,0.8984375,0.84375,0.9453125,held-out trials,percentile bootstrap (10000 draws)
vda4_affine_ew_grid4x4_seed0,affine_ew,4x4,16,0,invalid,frames5_6_mean,target_total_quadrant_mass,128,0.7258374857979106,0.7068103650378703,0.7451644005572575,held-out trials,percentile bootstrap (10000 draws)
vda4_affine_ew_grid4x4_seed0,affine_ew,4x4,16,0,invalid,frames5_6_mean,cue_total_quadrant_mass,128,0.17118957027764736,0.15817118130041194,0.1848796594942428,held-out trials,percentile bootstrap (10000 draws)
vda4_affine_ew_grid4x4_seed0,affine_ew,4x4,16,0,invalid,frames5_6_mean,target_mean_patch_mass,128,0.18145937144947766,0.17661973282926624,0.18616002794204292,held-out trials,percentile bootstrap (10000 draws)
vda4_affine_ew_grid4x4_seed0,affine_ew,4x4,16,0,invalid,frames5_6_mean,cue_mean_patch_mass,128,0.04279739256941184,0.039537018906217726,0.0461311517214213,held-out trials,percentile bootstrap (10000 draws)
vda4_affine_ew_grid4x4_seed0,affine_ew,4x4,16,0,invalid,frames5_6_mean,target_peak_patch_raw,128,0.4625721917836927,0.43813994407755674,0.48764146892935967,held-out trials,percentile bootstrap (10000 draws)
vda4_affine_ew_grid4x4_seed0,affine_ew,4x4,16,0,invalid,frames5_6_mean,cue_peak_patch_raw,128,0.09221698484634544,0.08377355220954996,0.10088277142119749,held-out trials,percentile bootstrap (10000 draws)
vda4_affine_ew_grid4x4_seed0,affine_ew,4x4,16,0,invalid,frames5_6_mean,target_peak_patch_uniform_ratio,128,7.401155068539083,7.009614283079282,7.791011028701905,held-out trials,percentile bootstrap (10000 draws)
vda4_affine_ew_grid4x4_seed0,affine_ew,4x4,16,0,invalid,frames5_6_mean,cue_peak_patch_uniform_ratio,128,1.475471757541527,1.3412089562141774,1.6163262229747488,held-out trials,percentile bootstrap (10000 draws)
vda4_affine_ew_grid4x4_seed0,affine_ew,4x4,16,0,invalid,frames5_6_mean,target_peak_patch_quadrant_share,128,0.7466944323105089,0.7235253000232479,0.7686162513214805,held-out trials,percentile bootstrap (10000 draws)
vda4_affine_ew_grid4x4_seed0,affine_ew,4x4,16,0,invalid,frames5_6_mean,cue_peak_patch_quadrant_share,128,0.16637617848761538,0.15007433670639156,0.1827661753976316,held-out trials,percentile bootstrap (10000 draws)
vda4_affine_ew_grid4x4_seed0,affine_ew,4x4,16,0,invalid,frames5_6_mean,target_within_quadrant_peak_ratio,128,2.4871564652734577,2.384244505821946,2.5888421091029894,held-out trials,percentile bootstrap (10000 draws)
vda4_affine_ew_grid4x4_seed0,affine_ew,4x4,16,0,invalid,frames5_6_mean,cue_within_quadrant_peak_ratio,128,2.069909116237742,1.992085214389456,2.1498528630196376,held-out trials,percentile bootstrap (10000 draws)
vda4_affine_ew_grid4x4_seed0,affine_ew,4x4,16,0,invalid,frames5_6_mean,target_minus_cue_total_mass,128,0.5546479155202633,0.522762958894134,0.5856802485088906,held-out trials,percentile bootstrap (10000 draws)
vda4_affine_ew_grid4x4_seed0,affine_ew,4x4,16,0,invalid,frames5_6_mean,target_minus_other_total_mass,128,0.6344499809556889,0.6090173098005417,0.6594124849923617,held-out trials,percentile bootstrap (10000 draws)
vda4_affine_ew_grid4x4_seed0,affine_ew,4x4,16,0,invalid,frames5_6_mean,target_minus_cue_peak_share,128,0.5803182538228937,0.5425409380494357,0.6186451381029943,held-out trials,percentile bootstrap (10000 draws)
vda4_affine_ew_grid4x4_seed0,affine_ew,4x4,16,0,invalid,frames5_6_mean,target_minus_other_peak_share,128,0.6622592430806787,0.6328645702294552,0.6921862850879789,held-out trials,percentile bootstrap (10000 draws)
vda4_affine_ew_grid4x4_seed0,affine_ew,4x4,16,0,invalid,frames5_6_mean,target_argmax_total,128,1.0,1.0,1.0,held-out trials,percentile bootstrap (10000 draws)
vda4_affine_ew_grid4x4_seed0,affine_ew,4x4,16,0,invalid,frames5_6_mean,target_argmax_peak,128,0.9765625,0.9453125,1.0,held-out trials,percentile bootstrap (10000 draws)
vda4_affine_ew_grid4x4_seed0,affine_ew,4x4,16,0,valid,frame5,target_total_quadrant_mass,128,0.9279990296545293,0.9166942629872665,0.9380687294652944,held-out trials,percentile bootstrap (10000 draws)
vda4_affine_ew_grid4x4_seed0,affine_ew,4x4,16,0,valid,frame5,cue_total_quadrant_mass,128,0.9279990296545293,0.916820459681503,0.9378726358933364,held-out trials,percentile bootstrap (10000 draws)
vda4_affine_ew_grid4x4_seed0,affine_ew,4x4,16,0,valid,frame5,target_mean_patch_mass,128,0.23199975741363232,0.22915183010960619,0.2344477069850086,held-out trials,percentile bootstrap (10000 draws)
vda4_affine_ew_grid4x4_seed0,affine_ew,4x4,16,0,valid,frame5,cue_mean_patch_mass,128,0.23199975741363232,0.22911204980063077,0.23451350135363783,held-out trials,percentile bootstrap (10000 draws)
vda4_affine_ew_grid4x4_seed0,affine_ew,4x4,16,0,valid,frame5,target_peak_patch_raw,128,0.594408830977045,0.5675831536209444,0.6211457692756085,held-out trials,percentile bootstrap (10000 draws)
vda4_affine_ew_grid4x4_seed0,affine_ew,4x4,16,0,valid,frame5,cue_peak_patch_raw,128,0.594408830977045,0.5676296633289895,0.6211787734209793,held-out trials,percentile bootstrap (10000 draws)
vda4_affine_ew_grid4x4_seed0,affine_ew,4x4,16,0,valid,frame5,target_peak_patch_uniform_ratio,128,9.51054129563272,9.090624941373244,9.940367733314632,held-out trials,percentile bootstrap (10000 draws)
vda4_affine_ew_grid4x4_seed0,affine_ew,4x4,16,0,valid,frame5,cue_peak_patch_uniform_ratio,128,9.51054129563272,9.08069841163233,9.934032342070713,held-out trials,percentile bootstrap (10000 draws)
vda4_affine_ew_grid4x4_seed0,affine_ew,4x4,16,0,valid,frame5,target_peak_patch_quadrant_share,128,0.9439305477362436,0.9308717675884929,0.9547262326437126,held-out trials,percentile bootstrap (10000 draws)
vda4_affine_ew_grid4x4_seed0,affine_ew,4x4,16,0,valid,frame5,cue_peak_patch_quadrant_share,128,0.9439305477362436,0.9314731492463842,0.9546952317800703,held-out trials,percentile bootstrap (10000 draws)
vda4_affine_ew_grid4x4_seed0,affine_ew,4x4,16,0,valid,frame5,target_within_quadrant_peak_ratio,128,2.5468404847734973,2.4468237026732464,2.649044182681376,held-out trials,percentile bootstrap (10000 draws)
vda4_affine_ew_grid4x4_seed0,affine_ew,4x4,16,0,valid,frame5,cue_within_quadrant_peak_ratio,128,2.5468404847734973,2.4440568160829312,2.650514597182475,held-out trials,percentile bootstrap (10000 draws)
vda4_affine_ew_grid4x4_seed0,affine_ew,4x4,16,0,valid,frame5,target_minus_cue_total_mass,128,0.0,0.0,0.0,held-out trials,percentile bootstrap (10000 draws)
vda4_affine_ew_grid4x4_seed0,affine_ew,4x4,16,0,valid,frame5,target_minus_other_total_mass,128,0.9039987072630613,0.888769154604116,0.9170156946254262,held-out trials,percentile bootstrap (10000 draws)
vda4_affine_ew_grid4x4_seed0,affine_ew,4x4,16,0,valid,frame5,target_minus_cue_peak_share,128,0.0,0.0,0.0,held-out trials,percentile bootstrap (10000 draws)
vda4_affine_ew_grid4x4_seed0,affine_ew,4x4,16,0,valid,frame5,target_minus_other_peak_share,128,0.9252407303149914,0.9081349250012344,0.9395592757560289,held-out trials,percentile bootstrap (10000 draws)
vda4_affine_ew_grid4x4_seed0,affine_ew,4x4,16,0,valid,frame5,target_argmax_total,128,1.0,1.0,1.0,held-out trials,percentile bootstrap (10000 draws)
vda4_affine_ew_grid4x4_seed0,affine_ew,4x4,16,0,valid,frame5,target_argmax_peak,128,1.0,1.0,1.0,held-out trials,percentile bootstrap (10000 draws)
vda4_affine_ew_grid4x4_seed0,affine_ew,4x4,16,0,valid,frame6,target_total_quadrant_mass,128,0.8820493541138603,0.8632826534569176,0.8995579975977421,held-out trials,percentile bootstrap (10000 draws)
vda4_affine_ew_grid4x4_seed0,affine_ew,4x4,16,0,valid,frame6,cue_total_quadrant_mass,128,0.8820493541138603,0.8630270098930282,0.8994472752701312,held-out trials,percentile bootstrap (10000 draws)
vda4_affine_ew_grid4x4_seed0,affine_ew,4x4,16,0,valid,frame6,target_mean_patch_mass,128,0.22051233852846508,0.21586365887945363,0.22476702304772686,held-out trials,percentile bootstrap (10000 draws)
vda4_affine_ew_grid4x4_seed0,affine_ew,4x4,16,0,valid,frame6,cue_mean_patch_mass,128,0.22051233852846508,0.21580583485362012,0.22483628782062226,held-out trials,percentile bootstrap (10000 draws)
vda4_affine_ew_grid4x4_seed0,affine_ew,4x4,16,0,valid,frame6,target_peak_patch_raw,128,0.6243224324425682,0.5927062971808482,0.6561501664371463,held-out trials,percentile bootstrap (10000 draws)
vda4_affine_ew_grid4x4_seed0,affine_ew,4x4,16,0,valid,frame6,cue_peak_patch_raw,128,0.6243224324425682,0.5922497223102254,0.6560501075582579,held-out trials,percentile bootstrap (10000 draws)
vda4_affine_ew_grid4x4_seed0,affine_ew,4x4,16,0,valid,frame6,target_peak_patch_uniform_ratio,128,9.989158919081092,9.484771299222484,10.486837862525135,held-out trials,percentile bootstrap (10000 draws)
vda4_affine_ew_grid4x4_seed0,affine_ew,4x4,16,0,valid,frame6,cue_peak_patch_uniform_ratio,128,9.989158919081092,9.488586249621585,10.500543257780373,held-out trials,percentile bootstrap (10000 draws)
vda4_affine_ew_grid4x4_seed0,affine_ew,4x4,16,0,valid,frame6,target_peak_patch_quadrant_share,128,0.9021649901875888,0.8826424153147862,0.919886832915845,held-out trials,percentile bootstrap (10000 draws)
vda4_affine_ew_grid4x4_seed0,affine_ew,4x4,16,0,valid,frame6,cue_peak_patch_quadrant_share,128,0.9021649901875888,0.8820666492108233,0.9198452299457904,held-out trials,percentile bootstrap (10000 draws)
vda4_affine_ew_grid4x4_seed0,affine_ew,4x4,16,0,valid,frame6,target_within_quadrant_peak_ratio,128,2.8011698049102964,2.6851426096136985,2.9161208397043965,held-out trials,percentile bootstrap (10000 draws)
vda4_affine_ew_grid4x4_seed0,affine_ew,4x4,16,0,valid,frame6,cue_within_quadrant_peak_ratio,128,2.8011698049102964,2.6852877567907734,2.9147476718195957,held-out trials,percentile bootstrap (10000 draws)
vda4_affine_ew_grid4x4_seed0,affine_ew,4x4,16,0,valid,frame6,target_minus_cue_total_mass,128,0.0,0.0,0.0,held-out trials,percentile bootstrap (10000 draws)
vda4_affine_ew_grid4x4_seed0,affine_ew,4x4,16,0,valid,frame6,target_minus_other_total_mass,128,0.8427324713357696,0.8177390656743616,0.8657261724285547,held-out trials,percentile bootstrap (10000 draws)
vda4_affine_ew_grid4x4_seed0,affine_ew,4x4,16,0,valid,frame6,target_minus_cue_peak_share,128,0.0,0.0,0.0,held-out trials,percentile bootstrap (10000 draws)
vda4_affine_ew_grid4x4_seed0,affine_ew,4x4,16,0,valid,frame6,target_minus_other_peak_share,128,0.8695533202501184,0.8437025634108001,0.893130172046916,held-out trials,percentile bootstrap (10000 draws)
vda4_affine_ew_grid4x4_seed0,affine_ew,4x4,16,0,valid,frame6,target_argmax_total,128,0.9921875,0.9765625,1.0,held-out trials,percentile bootstrap (10000 draws)
vda4_affine_ew_grid4x4_seed0,affine_ew,4x4,16,0,valid,frame6,target_argmax_peak,128,1.0,1.0,1.0,held-out trials,percentile bootstrap (10000 draws)
vda4_affine_ew_grid4x4_seed0,affine_ew,4x4,16,0,valid,frames5_6_mean,target_total_quadrant_mass,128,0.9050241918841948,0.8928123857722312,0.9161384414953773,held-out trials,percentile bootstrap (10000 draws)
vda4_affine_ew_grid4x4_seed0,affine_ew,4x4,16,0,valid,frames5_6_mean,cue_total_quadrant_mass,128,0.9050241918841948,0.8923040089034145,0.9159559460040896,held-out trials,percentile bootstrap (10000 draws)
vda4_affine_ew_grid4x4_seed0,affine_ew,4x4,16,0,valid,frames5_6_mean,target_mean_patch_mass,128,0.2262560479710487,0.2232095348157941,0.2289811835085814,held-out trials,percentile bootstrap (10000 draws)
vda4_affine_ew_grid4x4_seed0,affine_ew,4x4,16,0,valid,frames5_6_mean,cue_mean_patch_mass,128,0.2262560479710487,0.22318536697342495,0.22898364130986834,held-out trials,percentile bootstrap (10000 draws)
vda4_affine_ew_grid4x4_seed0,affine_ew,4x4,16,0,valid,frames5_6_mean,target_peak_patch_raw,128,0.6093656317098066,0.5862113731913269,0.6320338964811526,held-out trials,percentile bootstrap (10000 draws)
vda4_affine_ew_grid4x4_seed0,affine_ew,4x4,16,0,valid,frames5_6_mean,cue_peak_patch_raw,128,0.6093656317098066,0.5863934213513857,0.632277779483411,held-out trials,percentile bootstrap (10000 draws)
vda4_affine_ew_grid4x4_seed0,affine_ew,4x4,16,0,valid,frames5_6_mean,target_peak_patch_uniform_ratio,128,9.749850107356906,9.368152591120452,10.122539730533026,held-out trials,percentile bootstrap (10000 draws)
vda4_affine_ew_grid4x4_seed0,affine_ew,4x4,16,0,valid,frames5_6_mean,cue_peak_patch_uniform_ratio,128,9.749850107356906,9.372404013900086,10.125213672383689,held-out trials,percentile bootstrap (10000 draws)
vda4_affine_ew_grid4x4_seed0,affine_ew,4x4,16,0,valid,frames5_6_mean,target_peak_patch_quadrant_share,128,0.9230477689619162,0.9098314193813427,0.9348021205526595,held-out trials,percentile bootstrap (10000 draws)
vda4_affine_ew_grid4x4_seed0,affine_ew,4x4,16,0,valid,frames5_6_mean,cue_peak_patch_quadrant_share,128,0.9230477689619162,0.9101207838788565,0.9346357147916469,held-out trials,percentile bootstrap (10000 draws)
vda4_affine_ew_grid4x4_seed0,affine_ew,4x4,16,0,valid,frames5_6_mean,target_within_quadrant_peak_ratio,128,2.674005144841897,2.585017254738694,2.7617577868121366,held-out trials,percentile bootstrap (10000 draws)
vda4_affine_ew_grid4x4_seed0,affine_ew,4x4,16,0,valid,frames5_6_mean,cue_within_quadrant_peak_ratio,128,2.674005144841897,2.585880990458225,2.7620791405871103,held-out trials,percentile bootstrap (10000 draws)
vda4_affine_ew_grid4x4_seed0,affine_ew,4x4,16,0,valid,frames5_6_mean,target_minus_cue_total_mass,128,0.0,0.0,0.0,held-out trials,percentile bootstrap (10000 draws)
vda4_affine_ew_grid4x4_seed0,affine_ew,4x4,16,0,valid,frames5_6_mean,target_minus_other_total_mass,128,0.8733655892994154,0.8572148889615884,0.8882914697749518,held-out trials,percentile bootstrap (10000 draws)
vda4_affine_ew_grid4x4_seed0,affine_ew,4x4,16,0,valid,frames5_6_mean,target_minus_cue_peak_share,128,0.0,0.0,0.0,held-out trials,percentile bootstrap (10000 draws)
vda4_affine_ew_grid4x4_seed0,affine_ew,4x4,16,0,valid,frames5_6_mean,target_minus_other_peak_share,128,0.8973970252825549,0.8803239563647823,0.9131828205754097,held-out trials,percentile bootstrap (10000 draws)
vda4_affine_ew_grid4x4_seed0,affine_ew,4x4,16,0,valid,frames5_6_mean,target_argmax_total,128,1.0,1.0,1.0,held-out trials,percentile bootstrap (10000 draws)
vda4_affine_ew_grid4x4_seed0,affine_ew,4x4,16,0,valid,frames5_6_mean,target_argmax_peak,128,1.0,1.0,1.0,held-out trials,percentile bootstrap (10000 draws)
vda4_crossattn1_grid10x10_seed0,crossattn1,10x10,100,0,invalid,frame5,target_total_quadrant_mass,128,0.23602012430637842,0.2354195182028434,0.23661238672093532,held-out trials,percentile bootstrap (10000 draws)
vda4_crossattn1_grid10x10_seed0,crossattn1,10x10,100,0,invalid,frame5,cue_total_quadrant_mass,128,0.282668728095814,0.2811590456768499,0.2841614798163391,held-out trials,percentile bootstrap (10000 draws)
vda4_crossattn1_grid10x10_seed0,crossattn1,10x10,100,0,invalid,frame5,target_mean_patch_mass,128,0.009440804972255136,0.009417414962306792,0.009464352721608518,held-out trials,percentile bootstrap (10000 draws)
vda4_crossattn1_grid10x10_seed0,crossattn1,10x10,100,0,invalid,frame5,cue_mean_patch_mass,128,0.01130674912383256,0.011246225426750243,0.011365423781642674,held-out trials,percentile bootstrap (10000 draws)
vda4_crossattn1_grid10x10_seed0,crossattn1,10x10,100,0,invalid,frame5,target_peak_patch_raw,128,0.013641943733091466,0.01360350020131591,0.013679373671038775,held-out trials,percentile bootstrap (10000 draws)
vda4_crossattn1_grid10x10_seed0,crossattn1,10x10,100,0,invalid,frame5,cue_peak_patch_raw,128,0.019062319050135557,0.018103220527154917,0.02009157756328932,held-out trials,percentile bootstrap (10000 draws)
vda4_crossattn1_grid10x10_seed0,crossattn1,10x10,100,0,invalid,frame5,target_peak_patch_uniform_ratio,128,1.3641943733091466,1.3603138875805598,1.3679063256677182,held-out trials,percentile bootstrap (10000 draws)
vda4_crossattn1_grid10x10_seed0,crossattn1,10x10,100,0,invalid,frame5,cue_peak_patch_uniform_ratio,128,1.9062319050135557,1.8083663536526728,2.0094425059869536,held-out trials,percentile bootstrap (10000 draws)
vda4_crossattn1_grid10x10_seed0,crossattn1,10x10,100,0,invalid,frame5,target_peak_patch_quadrant_share,128,0.23340432624788082,0.22966339748828168,0.2370283903276951,held-out trials,percentile bootstrap (10000 draws)
vda4_crossattn1_grid10x10_seed0,crossattn1,10x10,100,0,invalid,frame5,cue_peak_patch_quadrant_share,128,0.31763244962957504,0.3072321239882012,0.3284043342240554,held-out trials,percentile bootstrap (10000 draws)
vda4_crossattn1_grid10x10_seed0,crossattn1,10x10,100,0,invalid,frame5,target_within_quadrant_peak_ratio,128,1.445215386031479,1.44054729645076,1.4498688312190489,held-out trials,percentile bootstrap (10000 draws)
vda4_crossattn1_grid10x10_seed0,crossattn1,10x10,100,0,invalid,frame5,cue_within_quadrant_peak_ratio,128,1.6757714034628697,1.5970299014124247,1.7568406423143756,held-out trials,percentile bootstrap (10000 draws)
vda4_crossattn1_grid10x10_seed0,crossattn1,10x10,100,0,invalid,frame5,target_minus_cue_total_mass,128,-0.04664860378943558,-0.04862723177461703,-0.04468721668804392,held-out trials,percentile bootstrap (10000 draws)
vda4_crossattn1_grid10x10_seed0,crossattn1,10x10,100,0,invalid,frame5,target_minus_other_total_mass,128,-0.01863983409020875,-0.019439901645713083,-0.017843896185604533,held-out trials,percentile bootstrap (10000 draws)
vda4_crossattn1_grid10x10_seed0,crossattn1,10x10,100,0,invalid,frame5,target_minus_cue_peak_share,128,-0.08422812338169428,-0.09887972558972768,-0.07006986008944813,held-out trials,percentile bootstrap (10000 draws)
vda4_crossattn1_grid10x10_seed0,crossattn1,10x10,100,0,invalid,frame5,target_minus_other_peak_share,128,-0.022127565002825533,-0.02698581501016771,-0.01736076787199001,held-out trials,percentile bootstrap (10000 draws)
vda4_crossattn1_grid10x10_seed0,crossattn1,10x10,100,0,invalid,frame5,target_argmax_total,128,0.0,0.0,0.0,held-out trials,percentile bootstrap (10000 draws)
vda4_crossattn1_grid10x10_seed0,crossattn1,10x10,100,0,invalid,frame5,target_argmax_peak,128,0.0,0.0,0.0,held-out trials,percentile bootstrap (10000 draws)
vda4_crossattn1_grid10x10_seed0,crossattn1,10x10,100,0,invalid,frame6,target_total_quadrant_mass,128,0.30088204736239277,0.2964775099544113,0.30550685831381086,held-out trials,percentile bootstrap (10000 draws)
vda4_crossattn1_grid10x10_seed0,crossattn1,10x10,100,0,invalid,frame6,cue_total_quadrant_mass,128,0.26242412232204515,0.25955237195239533,0.2654793766387229,held-out trials,percentile bootstrap (10000 draws)
vda4_crossattn1_grid10x10_seed0,crossattn1,10x10,100,0,invalid,frame6,target_mean_patch_mass,128,0.012035281894495712,0.011851065115031817,0.012215172773170706,held-out trials,percentile bootstrap (10000 draws)
vda4_crossattn1_grid10x10_seed0,crossattn1,10x10,100,0,invalid,frame6,cue_mean_patch_mass,128,0.010496964892881808,0.01038057744953949,0.01061953836720386,held-out trials,percentile bootstrap (10000 draws)
vda4_crossattn1_grid10x10_seed0,crossattn1,10x10,100,0,invalid,frame6,target_peak_patch_raw,128,0.04504797439585673,0.04197076058080711,0.04828027128169197,held-out trials,percentile bootstrap (10000 draws)
vda4_crossattn1_grid10x10_seed0,crossattn1,10x10,100,0,invalid,frame6,cue_peak_patch_raw,128,0.019418556294112932,0.017776680555834902,0.021351651554141426,held-out trials,percentile bootstrap (10000 draws)
vda4_crossattn1_grid10x10_seed0,crossattn1,10x10,100,0,invalid,frame6,target_peak_patch_uniform_ratio,128,4.504797439585673,4.201136476985994,4.818502592024743,held-out trials,percentile bootstrap (10000 draws)
vda4_crossattn1_grid10x10_seed0,crossattn1,10x10,100,0,invalid,frame6,cue_peak_patch_uniform_ratio,128,1.9418556294112932,1.7797108770355408,2.133825970158796,held-out trials,percentile bootstrap (10000 draws)
vda4_crossattn1_grid10x10_seed0,crossattn1,10x10,100,0,invalid,frame6,target_peak_patch_quadrant_share,128,0.4955087358249963,0.4744048811790135,0.5157450928121873,held-out trials,percentile bootstrap (10000 draws)
vda4_crossattn1_grid10x10_seed0,crossattn1,10x10,100,0,invalid,frame6,cue_peak_patch_quadrant_share,128,0.22141627480392606,0.20745320282909263,0.23675674555481588,held-out trials,percentile bootstrap (10000 draws)
vda4_crossattn1_grid10x10_seed0,crossattn1,10x10,100,0,invalid,frame6,target_within_quadrant_peak_ratio,128,3.6618769440634154,3.450319057615437,3.869961494879894,held-out trials,percentile bootstrap (10000 draws)
vda4_crossattn1_grid10x10_seed0,crossattn1,10x10,100,0,invalid,frame6,cue_within_quadrant_peak_ratio,128,1.814170538351835,1.690979413222524,1.9520430674938805,held-out trials,percentile bootstrap (10000 draws)
vda4_crossattn1_grid10x10_seed0,crossattn1,10x10,100,0,invalid,frame6,target_minus_cue_total_mass,128,0.03845792504034762,0.03134699038932922,0.04542974332789527,held-out trials,percentile bootstrap (10000 draws)
vda4_crossattn1_grid10x10_seed0,crossattn1,10x10,100,0,invalid,frame6,target_minus_other_total_mass,128,0.06784272946970304,0.061887428048279014,0.073893405478384,held-out trials,percentile bootstrap (10000 draws)
vda4_crossattn1_grid10x10_seed0,crossattn1,10x10,100,0,invalid,frame6,target_minus_cue_peak_share,128,0.2740924610210703,0.239505350914411,0.30679692640660694,held-out trials,percentile bootstrap (10000 draws)
vda4_crossattn1_grid10x10_seed0,crossattn1,10x10,100,0,invalid,frame6,target_minus_other_peak_share,128,0.3273449810999951,0.29848518342431746,0.3551183184671974,held-out trials,percentile bootstrap (10000 draws)
vda4_crossattn1_grid10x10_seed0,crossattn1,10x10,100,0,invalid,frame6,target_argmax_total,128,0.875,0.8125,0.9296875,held-out trials,percentile bootstrap (10000 draws)
vda4_crossattn1_grid10x10_seed0,crossattn1,10x10,100,0,invalid,frame6,target_argmax_peak,128,0.90625,0.8515625,0.953125,held-out trials,percentile bootstrap (10000 draws)
vda4_crossattn1_grid10x10_seed0,crossattn1,10x10,100,0,invalid,frames5_6_mean,target_total_quadrant_mass,128,0.2684510858343856,0.26613451220573553,0.2708110767905964,held-out trials,percentile bootstrap (10000 draws)
vda4_crossattn1_grid10x10_seed0,crossattn1,10x10,100,0,invalid,frames5_6_mean,cue_total_quadrant_mass,128,0.2725464252089296,0.2706415958210755,0.2744739735515168,held-out trials,percentile bootstrap (10000 draws)
vda4_crossattn1_grid10x10_seed0,crossattn1,10x10,100,0,invalid,frames5_6_mean,target_mean_patch_mass,128,0.010738043433375423,0.010645447278884602,0.010830119226785426,held-out trials,percentile bootstrap (10000 draws)
vda4_crossattn1_grid10x10_seed0,crossattn1,10x10,100,0,invalid,frames5_6_mean,cue_mean_patch_mass,128,0.010901857008357184,0.010826109081303914,0.010979865851330033,held-out trials,percentile bootstrap (10000 draws)
vda4_crossattn1_grid10x10_seed0,crossattn1,10x10,100,0,invalid,frames5_6_mean,target_peak_patch_raw,128,0.029344959064474097,0.027855663056470803,0.03089405717482805,held-out trials,percentile bootstrap (10000 draws)
vda4_crossattn1_grid10x10_seed0,crossattn1,10x10,100,0,invalid,frames5_6_mean,cue_peak_patch_raw,128,0.019240437672124244,0.018110565328242956,0.020528884327450213,held-out trials,percentile bootstrap (10000 draws)
vda4_crossattn1_grid10x10_seed0,crossattn1,10x10,100,0,invalid,frames5_6_mean,target_peak_patch_uniform_ratio,128,2.9344959064474097,2.7855376131174125,3.0871094925714715,held-out trials,percentile bootstrap (10000 draws)
vda4_crossattn1_grid10x10_seed0,crossattn1,10x10,100,0,invalid,frames5_6_mean,cue_peak_patch_uniform_ratio,128,1.9240437672124244,1.8089679666172742,2.0518338704005146,held-out trials,percentile bootstrap (10000 draws)
vda4_crossattn1_grid10x10_seed0,crossattn1,10x10,100,0,invalid,frames5_6_mean,target_peak_patch_quadrant_share,128,0.3644565310364386,0.353578929874867,0.3750774212924426,held-out trials,percentile bootstrap (10000 draws)
vda4_crossattn1_grid10x10_seed0,crossattn1,10x10,100,0,invalid,frames5_6_mean,cue_peak_patch_quadrant_share,128,0.2695243622167506,0.2590727665138511,0.2805318756121309,held-out trials,percentile bootstrap (10000 draws)
vda4_crossattn1_grid10x10_seed0,crossattn1,10x10,100,0,invalid,frames5_6_mean,target_within_quadrant_peak_ratio,128,2.553546165047447,2.4461370716829065,2.6590915751120807,held-out trials,percentile bootstrap (10000 draws)
vda4_crossattn1_grid10x10_seed0,crossattn1,10x10,100,0,invalid,frames5_6_mean,cue_within_quadrant_peak_ratio,128,1.7449709709073522,1.654810127272686,1.8394712903891972,held-out trials,percentile bootstrap (10000 draws)
vda4_crossattn1_grid10x10_seed0,crossattn1,10x10,100,0,invalid,frames5_6_mean,target_minus_cue_total_mass,128,-0.0040953393745439826,-0.007975176028912756,-0.00024569919014539,held-out trials,percentile bootstrap (10000 draws)
vda4_crossattn1_grid10x10_seed0,crossattn1,10x10,100,0,invalid,frames5_6_mean,target_minus_other_total_mass,128,0.024601447689747147,0.021492789668354818,0.02768572959873078,held-out trials,percentile bootstrap (10000 draws)
vda4_crossattn1_grid10x10_seed0,crossattn1,10x10,100,0,invalid,frames5_6_mean,target_minus_cue_peak_share,128,0.094932168819688,0.0749773676579014,0.11479702770353074,held-out trials,percentile bootstrap (10000 draws)
vda4_crossattn1_grid10x10_seed0,crossattn1,10x10,100,0,invalid,frames5_6_mean,target_minus_other_peak_share,128,0.15260870804858478,0.13819446111558037,0.16675358351034647,held-out trials,percentile bootstrap (10000 draws)
vda4_crossattn1_grid10x10_seed0,crossattn1,10x10,100,0,invalid,frames5_6_mean,target_argmax_total,128,0.40625,0.328125,0.4921875,held-out trials,percentile bootstrap (10000 draws)
vda4_crossattn1_grid10x10_seed0,crossattn1,10x10,100,0,invalid,frames5_6_mean,target_argmax_peak,128,0.796875,0.7265625,0.8671875,held-out trials,percentile bootstrap (10000 draws)
vda4_crossattn1_grid10x10_seed0,crossattn1,10x10,100,0,valid,frame5,target_total_quadrant_mass,128,0.28242880273683113,0.2809095808600432,0.2840189722524428,held-out trials,percentile bootstrap (10000 draws)
vda4_crossattn1_grid10x10_seed0,crossattn1,10x10,100,0,valid,frame5,cue_total_quadrant_mass,128,0.28242880273683113,0.2809203352701388,0.28401227501103676,held-out trials,percentile bootstrap (10000 draws)
vda4_crossattn1_grid10x10_seed0,crossattn1,10x10,100,0,valid,frame5,target_mean_patch_mass,128,0.011297152109473246,0.011235863837446233,0.01136029653957303,held-out trials,percentile bootstrap (10000 draws)
vda4_crossattn1_grid10x10_seed0,crossattn1,10x10,100,0,valid,frame5,cue_mean_patch_mass,128,0.011297152109473246,0.01123680398048782,0.011359385750078218,held-out trials,percentile bootstrap (10000 draws)
vda4_crossattn1_grid10x10_seed0,crossattn1,10x10,100,0,valid,frame5,target_peak_patch_raw,128,0.018497026670956984,0.017547671333886683,0.019471912365042955,held-out trials,percentile bootstrap (10000 draws)
vda4_crossattn1_grid10x10_seed0,crossattn1,10x10,100,0,valid,frame5,cue_peak_patch_raw,128,0.018497026670956984,0.017580457737676625,0.01949922828189301,held-out trials,percentile bootstrap (10000 draws)
vda4_crossattn1_grid10x10_seed0,crossattn1,10x10,100,0,valid,frame5,target_peak_patch_uniform_ratio,128,1.8497026670956984,1.7569964592439646,1.946280434840446,held-out trials,percentile bootstrap (10000 draws)
vda4_crossattn1_grid10x10_seed0,crossattn1,10x10,100,0,valid,frame5,cue_peak_patch_uniform_ratio,128,1.8497026670956984,1.7567542996039265,1.9471620729927963,held-out trials,percentile bootstrap (10000 draws)
vda4_crossattn1_grid10x10_seed0,crossattn1,10x10,100,0,valid,frame5,target_peak_patch_quadrant_share,128,0.3115634940883757,0.3016819669927447,0.32215761483393074,held-out trials,percentile bootstrap (10000 draws)
vda4_crossattn1_grid10x10_seed0,crossattn1,10x10,100,0,valid,frame5,cue_peak_patch_quadrant_share,128,0.3115634940883757,0.3015554571547518,0.3220050945693715,held-out trials,percentile bootstrap (10000 draws)
vda4_crossattn1_grid10x10_seed0,crossattn1,10x10,100,0,valid,frame5,target_within_quadrant_peak_ratio,128,1.6276983479080764,1.5553687411305759,1.703586480759643,held-out trials,percentile bootstrap (10000 draws)
vda4_crossattn1_grid10x10_seed0,crossattn1,10x10,100,0,valid,frame5,cue_within_quadrant_peak_ratio,128,1.6276983479080764,1.5540438453145193,1.70447606195509,held-out trials,percentile bootstrap (10000 draws)
vda4_crossattn1_grid10x10_seed0,crossattn1,10x10,100,0,valid,frame5,target_minus_cue_total_mass,128,0.0,0.0,0.0,held-out trials,percentile bootstrap (10000 draws)
vda4_crossattn1_grid10x10_seed0,crossattn1,10x10,100,0,valid,frame5,target_minus_other_total_mass,128,0.043238403630918285,0.041212883166493464,0.04532791156261737,held-out trials,percentile bootstrap (10000 draws)
vda4_crossattn1_grid10x10_seed0,crossattn1,10x10,100,0,valid,frame5,target_minus_cue_peak_share,128,0.0,0.0,0.0,held-out trials,percentile bootstrap (10000 draws)
vda4_crossattn1_grid10x10_seed0,crossattn1,10x10,100,0,valid,frame5,target_minus_other_peak_share,128,0.08208465878450091,0.06867981863914763,0.09613242822291765,held-out trials,percentile bootstrap (10000 draws)
vda4_crossattn1_grid10x10_seed0,crossattn1,10x10,100,0,valid,frame5,target_argmax_total,128,1.0,1.0,1.0,held-out trials,percentile bootstrap (10000 draws)
vda4_crossattn1_grid10x10_seed0,crossattn1,10x10,100,0,valid,frame5,target_argmax_peak,128,0.9609375,0.921875,0.9921875,held-out trials,percentile bootstrap (10000 draws)
vda4_crossattn1_grid10x10_seed0,crossattn1,10x10,100,0,valid,frame6,target_total_quadrant_mass,128,0.42683117092383327,0.4213520717685242,0.43224459228063095,held-out trials,percentile bootstrap (10000 draws)
vda4_crossattn1_grid10x10_seed0,crossattn1,10x10,100,0,valid,frame6,cue_total_quadrant_mass,128,0.42683117092383327,0.4213973761409761,0.43223553738466763,held-out trials,percentile bootstrap (10000 draws)
vda4_crossattn1_grid10x10_seed0,crossattn1,10x10,100,0,valid,frame6,target_mean_patch_mass,128,0.017073246836953333,0.016854866151667015,0.0172893737266495,held-out trials,percentile bootstrap (10000 draws)
vda4_crossattn1_grid10x10_seed0,crossattn1,10x10,100,0,valid,frame6,cue_mean_patch_mass,128,0.017073246836953333,0.016854191966598594,0.017288232352784687,held-out trials,percentile bootstrap (10000 draws)
vda4_crossattn1_grid10x10_seed0,crossattn1,10x10,100,0,valid,frame6,target_peak_patch_raw,128,0.09854390111286193,0.09335892886665534,0.10391633558174362,held-out trials,percentile bootstrap (10000 draws)
vda4_crossattn1_grid10x10_seed0,crossattn1,10x10,100,0,valid,frame6,cue_peak_patch_raw,128,0.09854390111286193,0.09325022651319159,0.1036890414856316,held-out trials,percentile bootstrap (10000 draws)
vda4_crossattn1_grid10x10_seed0,crossattn1,10x10,100,0,valid,frame6,target_peak_patch_uniform_ratio,128,9.854390111286193,9.329719802408363,10.375701461889548,held-out trials,percentile bootstrap (10000 draws)
vda4_crossattn1_grid10x10_seed0,crossattn1,10x10,100,0,valid,frame6,cue_peak_patch_uniform_ratio,128,9.854390111286193,9.32976663687441,10.376588409562828,held-out trials,percentile bootstrap (10000 draws)
vda4_crossattn1_grid10x10_seed0,crossattn1,10x10,100,0,valid,frame6,target_peak_patch_quadrant_share,128,0.7380377774460516,0.7260593822956024,0.7502058165585617,held-out trials,percentile bootstrap (10000 draws)
vda4_crossattn1_grid10x10_seed0,crossattn1,10x10,100,0,valid,frame6,cue_peak_patch_quadrant_share,128,0.7380377774460516,0.725968527567426,0.7502874767889868,held-out trials,percentile bootstrap (10000 draws)
vda4_crossattn1_grid10x10_seed0,crossattn1,10x10,100,0,valid,frame6,target_within_quadrant_peak_ratio,128,5.7050364581906,5.451345784862239,5.963286110819948,held-out trials,percentile bootstrap (10000 draws)
vda4_crossattn1_grid10x10_seed0,crossattn1,10x10,100,0,valid,frame6,cue_within_quadrant_peak_ratio,128,5.7050364581906,5.441592118025182,5.968196308319633,held-out trials,percentile bootstrap (10000 draws)
vda4_crossattn1_grid10x10_seed0,crossattn1,10x10,100,0,valid,frame6,target_minus_cue_total_mass,128,0.0,0.0,0.0,held-out trials,percentile bootstrap (10000 draws)
vda4_crossattn1_grid10x10_seed0,crossattn1,10x10,100,0,valid,frame6,target_minus_other_total_mass,128,0.23577489474700997,0.22838979032238363,0.24307504602875268,held-out trials,percentile bootstrap (10000 draws)
vda4_crossattn1_grid10x10_seed0,crossattn1,10x10,100,0,valid,frame6,target_minus_cue_peak_share,128,0.0,0.0,0.0,held-out trials,percentile bootstrap (10000 draws)
vda4_crossattn1_grid10x10_seed0,crossattn1,10x10,100,0,valid,frame6,target_minus_other_peak_share,128,0.6507170365947355,0.6342858973832449,0.6670691717231666,held-out trials,percentile bootstrap (10000 draws)
vda4_crossattn1_grid10x10_seed0,crossattn1,10x10,100,0,valid,frame6,target_argmax_total,128,1.0,1.0,1.0,held-out trials,percentile bootstrap (10000 draws)
vda4_crossattn1_grid10x10_seed0,crossattn1,10x10,100,0,valid,frame6,target_argmax_peak,128,1.0,1.0,1.0,held-out trials,percentile bootstrap (10000 draws)
vda4_crossattn1_grid10x10_seed0,crossattn1,10x10,100,0,valid,frames5_6_mean,target_total_quadrant_mass,128,0.3546299868303322,0.3514920383949402,0.3576598377614573,held-out trials,percentile bootstrap (10000 draws)
vda4_crossattn1_grid10x10_seed0,crossattn1,10x10,100,0,valid,frames5_6_mean,cue_total_quadrant_mass,128,0.3546299868303322,0.35150928412090254,0.35766203993468937,held-out trials,percentile bootstrap (10000 draws)
vda4_crossattn1_grid10x10_seed0,crossattn1,10x10,100,0,valid,frames5_6_mean,target_mean_patch_mass,128,0.01418519947321329,0.014059092119709932,0.014312785244392218,held-out trials,percentile bootstrap (10000 draws)
vda4_crossattn1_grid10x10_seed0,crossattn1,10x10,100,0,valid,frames5_6_mean,cue_mean_patch_mass,128,0.01418519947321329,0.01405754503217031,0.014308990645948141,held-out trials,percentile bootstrap (10000 draws)
vda4_crossattn1_grid10x10_seed0,crossattn1,10x10,100,0,valid,frames5_6_mean,target_peak_patch_raw,128,0.05852046389190946,0.05579179838669006,0.06130164930000319,held-out trials,percentile bootstrap (10000 draws)
vda4_crossattn1_grid10x10_seed0,crossattn1,10x10,100,0,valid,frames5_6_mean,cue_peak_patch_raw,128,0.05852046389190946,0.055778790087242666,0.06132569370665806,held-out trials,percentile bootstrap (10000 draws)
vda4_crossattn1_grid10x10_seed0,crossattn1,10x10,100,0,valid,frames5_6_mean,target_peak_patch_uniform_ratio,128,5.852046389190946,5.572747040478134,6.1247817658932036,held-out trials,percentile bootstrap (10000 draws)
vda4_crossattn1_grid10x10_seed0,crossattn1,10x10,100,0,valid,frames5_6_mean,cue_peak_patch_uniform_ratio,128,5.852046389190946,5.579102313113253,6.129473993114516,held-out trials,percentile bootstrap (10000 draws)
vda4_crossattn1_grid10x10_seed0,crossattn1,10x10,100,0,valid,frames5_6_mean,target_peak_patch_quadrant_share,128,0.5248006357672137,0.5159241513677508,0.5338933122637701,held-out trials,percentile bootstrap (10000 draws)
vda4_crossattn1_grid10x10_seed0,crossattn1,10x10,100,0,valid,frames5_6_mean,cue_peak_patch_quadrant_share,128,0.5248006357672137,0.5157669128491613,0.5338413217279757,held-out trials,percentile bootstrap (10000 draws)
vda4_crossattn1_grid10x10_seed0,crossattn1,10x10,100,0,valid,frames5_6_mean,target_within_quadrant_peak_ratio,128,3.666367403049338,3.525429947249184,3.813205882114586,held-out trials,percentile bootstrap (10000 draws)
vda4_crossattn1_grid10x10_seed0,crossattn1,10x10,100,0,valid,frames5_6_mean,cue_within_quadrant_peak_ratio,128,3.666367403049338,3.524405900645946,3.8103903355519937,held-out trials,percentile bootstrap (10000 draws)
vda4_crossattn1_grid10x10_seed0,crossattn1,10x10,100,0,valid,frames5_6_mean,target_minus_cue_total_mass,128,0.0,0.0,0.0,held-out trials,percentile bootstrap (10000 draws)
vda4_crossattn1_grid10x10_seed0,crossattn1,10x10,100,0,valid,frames5_6_mean,target_minus_other_total_mass,128,0.1395066491889641,0.13540278404371595,0.14363469993509173,held-out trials,percentile bootstrap (10000 draws)
vda4_crossattn1_grid10x10_seed0,crossattn1,10x10,100,0,valid,frames5_6_mean,target_minus_cue_peak_share,128,0.0,0.0,0.0,held-out trials,percentile bootstrap (10000 draws)
vda4_crossattn1_grid10x10_seed0,crossattn1,10x10,100,0,valid,frames5_6_mean,target_minus_other_peak_share,128,0.3664008476896182,0.3542246731531982,0.3781137034746332,held-out trials,percentile bootstrap (10000 draws)
vda4_crossattn1_grid10x10_seed0,crossattn1,10x10,100,0,valid,frames5_6_mean,target_argmax_total,128,1.0,1.0,1.0,held-out trials,percentile bootstrap (10000 draws)
vda4_crossattn1_grid10x10_seed0,crossattn1,10x10,100,0,valid,frames5_6_mean,target_argmax_peak,128,1.0,1.0,1.0,held-out trials,percentile bootstrap (10000 draws)
vda4_crossattn1_grid10x10_seed1,crossattn1,10x10,100,1,invalid,frame5,target_total_quadrant_mass,128,0.1535892535957828,0.14642846577594354,0.16082227789843273,held-out trials,percentile bootstrap (10000 draws)
vda4_crossattn1_grid10x10_seed1,crossattn1,10x10,100,1,invalid,frame5,cue_total_quadrant_mass,128,0.5384066280767001,0.5189860890327509,0.5580278709577442,held-out trials,percentile bootstrap (10000 draws)
vda4_crossattn1_grid10x10_seed1,crossattn1,10x10,100,1,invalid,frame5,target_mean_patch_mass,128,0.0061435701438313116,0.0058540338350157985,0.006427268602493314,held-out trials,percentile bootstrap (10000 draws)
vda4_crossattn1_grid10x10_seed1,crossattn1,10x10,100,1,invalid,frame5,cue_mean_patch_mass,128,0.021536265123068006,0.02076874391349702,0.02232979516559317,held-out trials,percentile bootstrap (10000 draws)
vda4_crossattn1_grid10x10_seed1,crossattn1,10x10,100,1,invalid,frame5,target_peak_patch_raw,128,0.024268554589070845,0.021897209998678592,0.026785069195557298,held-out trials,percentile bootstrap (10000 draws)
vda4_crossattn1_grid10x10_seed1,crossattn1,10x10,100,1,invalid,frame5,cue_peak_patch_raw,128,0.2093709459877573,0.18156424092157977,0.23895785700515262,held-out trials,percentile bootstrap (10000 draws)
vda4_crossattn1_grid10x10_seed1,crossattn1,10x10,100,1,invalid,frame5,target_peak_patch_uniform_ratio,128,2.4268554589070845,2.1852579655023874,2.679549273889279,held-out trials,percentile bootstrap (10000 draws)
vda4_crossattn1_grid10x10_seed1,crossattn1,10x10,100,1,invalid,frame5,cue_peak_patch_uniform_ratio,128,20.93709459877573,18.10117588909634,24.006363268272253,held-out trials,percentile bootstrap (10000 draws)
vda4_crossattn1_grid10x10_seed1,crossattn1,10x10,100,1,invalid,frame5,target_peak_patch_quadrant_share,128,0.11117505807767417,0.09700577650713484,0.12599920079040813,held-out trials,percentile bootstrap (10000 draws)
vda4_crossattn1_grid10x10_seed1,crossattn1,10x10,100,1,invalid,frame5,cue_peak_patch_quadrant_share,128,0.6565684954132249,0.621079555348835,0.690603236601195,held-out trials,percentile bootstrap (10000 draws)
vda4_crossattn1_grid10x10_seed1,crossattn1,10x10,100,1,invalid,frame5,target_within_quadrant_peak_ratio,128,3.7795764654362536,3.5326904800492227,4.036627879920184,held-out trials,percentile bootstrap (10000 draws)
vda4_crossattn1_grid10x10_seed1,crossattn1,10x10,100,1,invalid,frame5,cue_within_quadrant_peak_ratio,128,8.732291512428256,7.894595790969214,9.61569821800425,held-out trials,percentile bootstrap (10000 draws)
vda4_crossattn1_grid10x10_seed1,crossattn1,10x10,100,1,invalid,frame5,target_minus_cue_total_mass,128,-0.38481737448091735,-0.4111573025398684,-0.3589553708765834,held-out trials,percentile bootstrap (10000 draws)
vda4_crossattn1_grid10x10_seed1,crossattn1,10x10,100,1,invalid,frame5,target_minus_other_total_mass,128,-0.12854766188411304,-0.13797768499772095,-0.11916950550801177,held-out trials,percentile bootstrap (10000 draws)
vda4_crossattn1_grid10x10_seed1,crossattn1,10x10,100,1,invalid,frame5,target_minus_cue_peak_share,128,-0.5453934373355507,-0.5920162988770654,-0.4975421953189362,held-out trials,percentile bootstrap (10000 draws)
vda4_crossattn1_grid10x10_seed1,crossattn1,10x10,100,1,invalid,frame5,target_minus_other_peak_share,128,-0.18509992256310112,-0.2040920349920089,-0.16489449558526248,held-out trials,percentile bootstrap (10000 draws)
vda4_crossattn1_grid10x10_seed1,crossattn1,10x10,100,1,invalid,frame5,target_argmax_total,128,0.0,0.0,0.0,held-out trials,percentile bootstrap (10000 draws)
vda4_crossattn1_grid10x10_seed1,crossattn1,10x10,100,1,invalid,frame5,target_argmax_peak,128,0.03125,0.0078125,0.0625,held-out trials,percentile bootstrap (10000 draws)
vda4_crossattn1_grid10x10_seed1,crossattn1,10x10,100,1,invalid,frame6,target_total_quadrant_mass,128,0.30691313699662714,0.2889296241610168,0.32513644442907436,held-out trials,percentile bootstrap (10000 draws)
vda4_crossattn1_grid10x10_seed1,crossattn1,10x10,100,1,invalid,frame6,cue_total_quadrant_mass,128,0.4355751503740066,0.4120832728175401,0.4597982851871393,held-out trials,percentile bootstrap (10000 draws)
vda4_crossattn1_grid10x10_seed1,crossattn1,10x10,100,1,invalid,frame6,target_mean_patch_mass,128,0.012276525479865085,0.011547013954103933,0.013000146627734922,held-out trials,percentile bootstrap (10000 draws)
vda4_crossattn1_grid10x10_seed1,crossattn1,10x10,100,1,invalid,frame6,cue_mean_patch_mass,128,0.017423006014960263,0.016472570218435064,0.018411074172340707,held-out trials,percentile bootstrap (10000 draws)
vda4_crossattn1_grid10x10_seed1,crossattn1,10x10,100,1,invalid,frame6,target_peak_patch_raw,128,0.1547737123182742,0.14020361602633785,0.16954491379947284,held-out trials,percentile bootstrap (10000 draws)
vda4_crossattn1_grid10x10_seed1,crossattn1,10x10,100,1,invalid,frame6,cue_peak_patch_raw,128,0.19559481025498826,0.1686862988412031,0.22474778748619428,held-out trials,percentile bootstrap (10000 draws)
vda4_crossattn1_grid10x10_seed1,crossattn1,10x10,100,1,invalid,frame6,target_peak_patch_uniform_ratio,128,15.47737123182742,14.056022539189144,16.959174487856217,held-out trials,percentile bootstrap (10000 draws)
vda4_crossattn1_grid10x10_seed1,crossattn1,10x10,100,1,invalid,frame6,cue_peak_patch_uniform_ratio,128,19.559481025498826,16.745188008935656,22.42201697623386,held-out trials,percentile bootstrap (10000 draws)
vda4_crossattn1_grid10x10_seed1,crossattn1,10x10,100,1,invalid,frame6,target_peak_patch_quadrant_share,128,0.3966090949598776,0.36197792363683323,0.4297054265675222,held-out trials,percentile bootstrap (10000 draws)
vda4_crossattn1_grid10x10_seed1,crossattn1,10x10,100,1,invalid,frame6,cue_peak_patch_quadrant_share,128,0.4412922394434975,0.4011966013892326,0.48206522301424376,held-out trials,percentile bootstrap (10000 draws)
vda4_crossattn1_grid10x10_seed1,crossattn1,10x10,100,1,invalid,frame6,target_within_quadrant_peak_ratio,128,11.906326145944881,11.201877973801103,12.589678507483493,held-out trials,percentile bootstrap (10000 draws)
vda4_crossattn1_grid10x10_seed1,crossattn1,10x10,100,1,invalid,frame6,cue_within_quadrant_peak_ratio,128,9.868238176162548,8.95432921058984,10.820250434179806,held-out trials,percentile bootstrap (10000 draws)
vda4_crossattn1_grid10x10_seed1,crossattn1,10x10,100,1,invalid,frame6,target_minus_cue_total_mass,128,-0.12866201337737948,-0.16821307689361903,-0.08861989437501736,held-out trials,percentile bootstrap (10000 draws)
vda4_crossattn1_grid10x10_seed1,crossattn1,10x10,100,1,invalid,frame6,target_minus_other_total_mass,128,0.07588418216854127,0.051905541359180546,0.10049342646560717,held-out trials,percentile bootstrap (10000 draws)
vda4_crossattn1_grid10x10_seed1,crossattn1,10x10,100,1,invalid,frame6,target_minus_cue_peak_share,128,-0.04468314448361984,-0.11678895030745019,0.028118330266021063,held-out trials,percentile bootstrap (10000 draws)
vda4_crossattn1_grid10x10_seed1,crossattn1,10x10,100,1,invalid,frame6,target_minus_other_peak_share,128,0.19547879327983678,0.15051258342760684,0.24108527998635232,held-out trials,percentile bootstrap (10000 draws)
vda4_crossattn1_grid10x10_seed1,crossattn1,10x10,100,1,invalid,frame6,target_argmax_total,128,0.3125,0.234375,0.3984375,held-out trials,percentile bootstrap (10000 draws)
vda4_crossattn1_grid10x10_seed1,crossattn1,10x10,100,1,invalid,frame6,target_argmax_peak,128,0.46875,0.3828125,0.5546875,held-out trials,percentile bootstrap (10000 draws)
vda4_crossattn1_grid10x10_seed1,crossattn1,10x10,100,1,invalid,frames5_6_mean,target_total_quadrant_mass,128,0.23025119529620497,0.2190875843582319,0.24132276156565238,held-out trials,percentile bootstrap (10000 draws)
vda4_crossattn1_grid10x10_seed1,crossattn1,10x10,100,1,invalid,frames5_6_mean,cue_total_quadrant_mass,128,0.4869908892253534,0.46669505409977885,0.5083850789482539,held-out trials,percentile bootstrap (10000 draws)
vda4_crossattn1_grid10x10_seed1,crossattn1,10x10,100,1,invalid,frames5_6_mean,target_mean_patch_mass,128,0.009210047811848199,0.008777514245562088,0.009651743366508755,held-out trials,percentile bootstrap (10000 draws)
vda4_crossattn1_grid10x10_seed1,crossattn1,10x10,100,1,invalid,frames5_6_mean,cue_mean_patch_mass,128,0.019479635569014137,0.018654510186059722,0.020316614532035145,held-out trials,percentile bootstrap (10000 draws)
vda4_crossattn1_grid10x10_seed1,crossattn1,10x10,100,1,invalid,frames5_6_mean,target_peak_patch_raw,128,0.08952113345367252,0.08210917541377967,0.09699157544127956,held-out trials,percentile bootstrap (10000 draws)
vda4_crossattn1_grid10x10_seed1,crossattn1,10x10,100,1,invalid,frames5_6_mean,cue_peak_patch_raw,128,0.20248287812137278,0.17537007896225987,0.23127195715442211,held-out trials,percentile bootstrap (10000 draws)
vda4_crossattn1_grid10x10_seed1,crossattn1,10x10,100,1,invalid,frames5_6_mean,target_peak_patch_uniform_ratio,128,8.952113345367252,8.231062619565819,9.714361670844482,held-out trials,percentile bootstrap (10000 draws)
vda4_crossattn1_grid10x10_seed1,crossattn1,10x10,100,1,invalid,frames5_6_mean,cue_peak_patch_uniform_ratio,128,20.248287812137278,17.567182229486207,23.103773402308434,held-out trials,percentile bootstrap (10000 draws)
vda4_crossattn1_grid10x10_seed1,crossattn1,10x10,100,1,invalid,frames5_6_mean,target_peak_patch_quadrant_share,128,0.2538920765187759,0.23320711960998208,0.2746972014120266,held-out trials,percentile bootstrap (10000 draws)
vda4_crossattn1_grid10x10_seed1,crossattn1,10x10,100,1,invalid,frames5_6_mean,cue_peak_patch_quadrant_share,128,0.5489303674283612,0.512723509974754,0.5843343550061597,held-out trials,percentile bootstrap (10000 draws)
vda4_crossattn1_grid10x10_seed1,crossattn1,10x10,100,1,invalid,frames5_6_mean,target_within_quadrant_peak_ratio,128,7.842951305690567,7.517286668355555,8.183642530004057,held-out trials,percentile bootstrap (10000 draws)
vda4_crossattn1_grid10x10_seed1,crossattn1,10x10,100,1,invalid,frames5_6_mean,cue_within_quadrant_peak_ratio,128,9.300264844295402,8.426380842393144,10.20006224789837,held-out trials,percentile bootstrap (10000 draws)
vda4_crossattn1_grid10x10_seed1,crossattn1,10x10,100,1,invalid,frames5_6_mean,target_minus_cue_total_mass,128,-0.2567396939291484,-0.28734544648291943,-0.2272139062669453,held-out trials,percentile bootstrap (10000 draws)
vda4_crossattn1_grid10x10_seed1,crossattn1,10x10,100,1,invalid,frames5_6_mean,target_minus_other_total_mass,128,-0.02633173985778588,-0.04104664433931665,-0.011431876486612206,held-out trials,percentile bootstrap (10000 draws)
vda4_crossattn1_grid10x10_seed1,crossattn1,10x10,100,1,invalid,frames5_6_mean,target_minus_cue_peak_share,128,-0.29503829090958533,-0.3493371940137945,-0.23944334858550945,held-out trials,percentile bootstrap (10000 draws)
vda4_crossattn1_grid10x10_seed1,crossattn1,10x10,100,1,invalid,frames5_6_mean,target_minus_other_peak_share,128,0.00518943535836783,-0.02136825014338988,0.032168202377701204,held-out trials,percentile bootstrap (10000 draws)
vda4_crossattn1_grid10x10_seed1,crossattn1,10x10,100,1,invalid,frames5_6_mean,target_argmax_total,128,0.0546875,0.015625,0.09375,held-out trials,percentile bootstrap (10000 draws)
vda4_crossattn1_grid10x10_seed1,crossattn1,10x10,100,1,invalid,frames5_6_mean,target_argmax_peak,128,0.1953125,0.125,0.265625,held-out trials,percentile bootstrap (10000 draws)
vda4_crossattn1_grid10x10_seed1,crossattn1,10x10,100,1,valid,frame5,target_total_quadrant_mass,128,0.5450151709892452,0.5231625315259407,0.5673344468426421,held-out trials,percentile bootstrap (10000 draws)
vda4_crossattn1_grid10x10_seed1,crossattn1,10x10,100,1,valid,frame5,cue_total_quadrant_mass,128,0.5450151709892452,0.5217643926026767,0.5679272966199733,held-out trials,percentile bootstrap (10000 draws)
vda4_crossattn1_grid10x10_seed1,crossattn1,10x10,100,1,valid,frame5,target_mean_patch_mass,128,0.02180060683956981,0.020890249528324602,0.022732560868159453,held-out trials,percentile bootstrap (10000 draws)
vda4_crossattn1_grid10x10_seed1,crossattn1,10x10,100,1,valid,frame5,cue_mean_patch_mass,128,0.02180060683956981,0.02088109562437967,0.02273798490266381,held-out trials,percentile bootstrap (10000 draws)
vda4_crossattn1_grid10x10_seed1,crossattn1,10x10,100,1,valid,frame5,target_peak_patch_raw,128,0.22074675644398667,0.18885053013436845,0.2547241408348782,held-out trials,percentile bootstrap (10000 draws)
vda4_crossattn1_grid10x10_seed1,crossattn1,10x10,100,1,valid,frame5,cue_peak_patch_raw,128,0.22074675644398667,0.18832529545106808,0.255616885231575,held-out trials,percentile bootstrap (10000 draws)
vda4_crossattn1_grid10x10_seed1,crossattn1,10x10,100,1,valid,frame5,target_peak_patch_uniform_ratio,128,22.074675644398667,18.80212147894781,25.469598488343763,held-out trials,percentile bootstrap (10000 draws)
vda4_crossattn1_grid10x10_seed1,crossattn1,10x10,100,1,valid,frame5,cue_peak_patch_uniform_ratio,128,22.074675644398667,18.752292025092174,25.513617821998196,held-out trials,percentile bootstrap (10000 draws)
vda4_crossattn1_grid10x10_seed1,crossattn1,10x10,100,1,valid,frame5,target_peak_patch_quadrant_share,128,0.6313278088372583,0.5909154213304706,0.6707706441526392,held-out trials,percentile bootstrap (10000 draws)
vda4_crossattn1_grid10x10_seed1,crossattn1,10x10,100,1,valid,frame5,cue_peak_patch_quadrant_share,128,0.6313278088372583,0.5916142289338795,0.6710780446089492,held-out trials,percentile bootstrap (10000 draws)
vda4_crossattn1_grid10x10_seed1,crossattn1,10x10,100,1,valid,frame5,target_within_quadrant_peak_ratio,128,8.837241958698872,7.871536906504072,9.825621571973613,held-out trials,percentile bootstrap (10000 draws)
vda4_crossattn1_grid10x10_seed1,crossattn1,10x10,100,1,valid,frame5,cue_within_quadrant_peak_ratio,128,8.837241958698872,7.884190478966416,9.840271589518434,held-out trials,percentile bootstrap (10000 draws)
vda4_crossattn1_grid10x10_seed1,crossattn1,10x10,100,1,valid,frame5,target_minus_cue_total_mass,128,0.0,0.0,0.0,held-out trials,percentile bootstrap (10000 draws)
vda4_crossattn1_grid10x10_seed1,crossattn1,10x10,100,1,valid,frame5,target_minus_other_total_mass,128,0.393353561224861,0.36342476763283005,0.4244927140157339,held-out trials,percentile bootstrap (10000 draws)
vda4_crossattn1_grid10x10_seed1,crossattn1,10x10,100,1,valid,frame5,target_minus_cue_peak_share,128,0.0,0.0,0.0,held-out trials,percentile bootstrap (10000 draws)
vda4_crossattn1_grid10x10_seed1,crossattn1,10x10,100,1,valid,frame5,target_minus_other_peak_share,128,0.5084370784496777,0.4559174413642494,0.5628147317057502,held-out trials,percentile bootstrap (10000 draws)
vda4_crossattn1_grid10x10_seed1,crossattn1,10x10,100,1,valid,frame5,target_argmax_total,128,1.0,1.0,1.0,held-out trials,percentile bootstrap (10000 draws)
vda4_crossattn1_grid10x10_seed1,crossattn1,10x10,100,1,valid,frame5,target_argmax_peak,128,0.9140625,0.8671875,0.9609375,held-out trials,percentile bootstrap (10000 draws)
vda4_crossattn1_grid10x10_seed1,crossattn1,10x10,100,1,valid,frame6,target_total_quadrant_mass,128,0.7103237910973803,0.6975190435258583,0.7225148333522384,held-out trials,percentile bootstrap (10000 draws)
vda4_crossattn1_grid10x10_seed1,crossattn1,10x10,100,1,valid,frame6,cue_total_quadrant_mass,128,0.7103237910973803,0.6973993083130949,0.7231137681680024,held-out trials,percentile bootstrap (10000 draws)
vda4_crossattn1_grid10x10_seed1,crossattn1,10x10,100,1,valid,frame6,target_mean_patch_mass,128,0.028412951643895214,0.027896168889868025,0.028915949002334858,held-out trials,percentile bootstrap (10000 draws)
vda4_crossattn1_grid10x10_seed1,crossattn1,10x10,100,1,valid,frame6,cue_mean_patch_mass,128,0.028412951643895214,0.027896314708563297,0.028922375141683915,held-out trials,percentile bootstrap (10000 draws)
vda4_crossattn1_grid10x10_seed1,crossattn1,10x10,100,1,valid,frame6,target_peak_patch_raw,128,0.3723896628944203,0.3546085243986454,0.39064847987028767,held-out trials,percentile bootstrap (10000 draws)
vda4_crossattn1_grid10x10_seed1,crossattn1,10x10,100,1,valid,frame6,cue_peak_patch_raw,128,0.3723896628944203,0.3547104483557632,0.39038687677239065,held-out trials,percentile bootstrap (10000 draws)
vda4_crossattn1_grid10x10_seed1,crossattn1,10x10,100,1,valid,frame6,target_peak_patch_uniform_ratio,128,37.23896628944203,35.5021188678802,39.05713895423105,held-out trials,percentile bootstrap (10000 draws)
vda4_crossattn1_grid10x10_seed1,crossattn1,10x10,100,1,valid,frame6,cue_peak_patch_uniform_ratio,128,37.23896628944203,35.49022374470951,39.026567901310045,held-out trials,percentile bootstrap (10000 draws)
vda4_crossattn1_grid10x10_seed1,crossattn1,10x10,100,1,valid,frame6,target_peak_patch_quadrant_share,128,0.8390940029056696,0.8266786839069196,0.8510733813192869,held-out trials,percentile bootstrap (10000 draws)
vda4_crossattn1_grid10x10_seed1,crossattn1,10x10,100,1,valid,frame6,cue_peak_patch_quadrant_share,128,0.8390940029056696,0.8269362799246099,0.8507213188339457,held-out trials,percentile bootstrap (10000 draws)
vda4_crossattn1_grid10x10_seed1,crossattn1,10x10,100,1,valid,frame6,target_within_quadrant_peak_ratio,128,13.15111413358628,12.53359678817744,13.777091374264531,held-out trials,percentile bootstrap (10000 draws)
vda4_crossattn1_grid10x10_seed1,crossattn1,10x10,100,1,valid,frame6,cue_within_quadrant_peak_ratio,128,13.15111413358628,12.54398456386046,13.79049521056432,held-out trials,percentile bootstrap (10000 draws)
vda4_crossattn1_grid10x10_seed1,crossattn1,10x10,100,1,valid,frame6,target_minus_cue_total_mass,128,0.0,0.0,0.0,held-out trials,percentile bootstrap (10000 draws)
vda4_crossattn1_grid10x10_seed1,crossattn1,10x10,100,1,valid,frame6,target_minus_other_total_mass,128,0.6137650543432756,0.596749684337226,0.6306444486620573,held-out trials,percentile bootstrap (10000 draws)
vda4_crossattn1_grid10x10_seed1,crossattn1,10x10,100,1,valid,frame6,target_minus_cue_peak_share,128,0.0,0.0,0.0,held-out trials,percentile bootstrap (10000 draws)
vda4_crossattn1_grid10x10_seed1,crossattn1,10x10,100,1,valid,frame6,target_minus_other_peak_share,128,0.7854586705408929,0.7687163710792307,0.8009794262939081,held-out trials,percentile bootstrap (10000 draws)
vda4_crossattn1_grid10x10_seed1,crossattn1,10x10,100,1,valid,frame6,target_argmax_total,128,1.0,1.0,1.0,held-out trials,percentile bootstrap (10000 draws)
vda4_crossattn1_grid10x10_seed1,crossattn1,10x10,100,1,valid,frame6,target_argmax_peak,128,1.0,1.0,1.0,held-out trials,percentile bootstrap (10000 draws)
vda4_crossattn1_grid10x10_seed1,crossattn1,10x10,100,1,valid,frames5_6_mean,target_total_quadrant_mass,128,0.6276694810433128,0.6129532700955508,0.6424990864065251,held-out trials,percentile bootstrap (10000 draws)
vda4_crossattn1_grid10x10_seed1,crossattn1,10x10,100,1,valid,frames5_6_mean,cue_total_quadrant_mass,128,0.6276694810433128,0.6126822131738834,0.642191631232464,held-out trials,percentile bootstrap (10000 draws)
vda4_crossattn1_grid10x10_seed1,crossattn1,10x10,100,1,valid,frames5_6_mean,target_mean_patch_mass,128,0.02510677924173251,0.02452164487104028,0.02570354072280543,held-out trials,percentile bootstrap (10000 draws)
vda4_crossattn1_grid10x10_seed1,crossattn1,10x10,100,1,valid,frames5_6_mean,cue_mean_patch_mass,128,0.02510677924173251,0.024511047437356635,0.02570973166685576,held-out trials,percentile bootstrap (10000 draws)
vda4_crossattn1_grid10x10_seed1,crossattn1,10x10,100,1,valid,frames5_6_mean,target_peak_patch_raw,128,0.2965682096692035,0.27989188313113117,0.31299636748735793,held-out trials,percentile bootstrap (10000 draws)
vda4_crossattn1_grid10x10_seed1,crossattn1,10x10,100,1,valid,frames5_6_mean,cue_peak_patch_raw,128,0.2965682096692035,0.28035149735187587,0.31327779598505,held-out trials,percentile bootstrap (10000 draws)
vda4_crossattn1_grid10x10_seed1,crossattn1,10x10,100,1,valid,frames5_6_mean,target_peak_patch_uniform_ratio,128,29.65682096692035,28.00336861051619,31.39712377473188,held-out trials,percentile bootstrap (10000 draws)
vda4_crossattn1_grid10x10_seed1,crossattn1,10x10,100,1,valid,frames5_6_mean,cue_peak_patch_uniform_ratio,128,29.65682096692035,28.027857008310093,31.362674413685454,held-out trials,percentile bootstrap (10000 draws)
vda4_crossattn1_grid10x10_seed1,crossattn1,10x10,100,1,valid,frames5_6_mean,target_peak_patch_quadrant_share,128,0.735210905871464,0.7142053020673937,0.7566854042134683,held-out trials,percentile bootstrap (10000 draws)
vda4_crossattn1_grid10x10_seed1,crossattn1,10x10,100,1,valid,frames5_6_mean,cue_peak_patch_quadrant_share,128,0.735210905871464,0.7137727163680255,0.7567039540764968,held-out trials,percentile bootstrap (10000 draws)
vda4_crossattn1_grid10x10_seed1,crossattn1,10x10,100,1,valid,frames5_6_mean,target_within_quadrant_peak_ratio,128,10.994178046142574,10.524964923608387,11.471622830756663,held-out trials,percentile bootstrap (10000 draws)
vda4_crossattn1_grid10x10_seed1,crossattn1,10x10,100,1,valid,frames5_6_mean,cue_within_quadrant_peak_ratio,128,10.994178046142574,10.531381758140178,11.47164900069714,held-out trials,percentile bootstrap (10000 draws)
vda4_crossattn1_grid10x10_seed1,crossattn1,10x10,100,1,valid,frames5_6_mean,target_minus_cue_total_mass,128,0.0,0.0,0.0,held-out trials,percentile bootstrap (10000 draws)
vda4_crossattn1_grid10x10_seed1,crossattn1,10x10,100,1,valid,frames5_6_mean,target_minus_other_total_mass,128,0.5035593077840682,0.48397441765724997,0.5237797965258153,held-out trials,percentile bootstrap (10000 draws)
vda4_crossattn1_grid10x10_seed1,crossattn1,10x10,100,1,valid,frames5_6_mean,target_minus_cue_peak_share,128,0.0,0.0,0.0,held-out trials,percentile bootstrap (10000 draws)
vda4_crossattn1_grid10x10_seed1,crossattn1,10x10,100,1,valid,frames5_6_mean,target_minus_other_peak_share,128,0.6469478744952852,0.6182618961148366,0.676044212817195,held-out trials,percentile bootstrap (10000 draws)
vda4_crossattn1_grid10x10_seed1,crossattn1,10x10,100,1,valid,frames5_6_mean,target_argmax_total,128,1.0,1.0,1.0,held-out trials,percentile bootstrap (10000 draws)
vda4_crossattn1_grid10x10_seed1,crossattn1,10x10,100,1,valid,frames5_6_mean,target_argmax_peak,128,1.0,1.0,1.0,held-out trials,percentile bootstrap (10000 draws)
vda4_crossattn1_grid2x2_seed0,crossattn1,2x2,4,0,invalid,frame5,target_total_quadrant_mass,128,0.1702665004413575,0.1606926604770706,0.18041834161558654,held-out trials,percentile bootstrap (10000 draws)
vda4_crossattn1_grid2x2_seed0,crossattn1,2x2,4,0,invalid,frame5,cue_total_quadrant_mass,128,0.47928909270558506,0.4592067533696536,0.500111138712964,held-out trials,percentile bootstrap (10000 draws)
vda4_crossattn1_grid2x2_seed0,crossattn1,2x2,4,0,invalid,frame5,target_mean_patch_mass,128,0.1702665004413575,0.16064269763737685,0.18014456498203799,held-out trials,percentile bootstrap (10000 draws)
vda4_crossattn1_grid2x2_seed0,crossattn1,2x2,4,0,invalid,frame5,cue_mean_patch_mass,128,0.47928909270558506,0.4588598575210199,0.49942321740672924,held-out trials,percentile bootstrap (10000 draws)
vda4_crossattn1_grid2x2_seed0,crossattn1,2x2,4,0,invalid,frame5,target_peak_patch_raw,128,0.1702665004413575,0.16048577323526841,0.18011514461250044,held-out trials,percentile bootstrap (10000 draws)
vda4_crossattn1_grid2x2_seed0,crossattn1,2x2,4,0,invalid,frame5,cue_peak_patch_raw,128,0.47928909270558506,0.45888152275583705,0.5001226018182934,held-out trials,percentile bootstrap (10000 draws)
vda4_crossattn1_grid2x2_seed0,crossattn1,2x2,4,0,invalid,frame5,target_peak_patch_uniform_ratio,128,0.68106600176543,0.6431662764633075,0.7207021851558238,held-out trials,percentile bootstrap (10000 draws)
vda4_crossattn1_grid2x2_seed0,crossattn1,2x2,4,0,invalid,frame5,cue_peak_patch_uniform_ratio,128,1.9171563708223403,1.8372656111721881,2.0009825945599005,held-out trials,percentile bootstrap (10000 draws)
vda4_crossattn1_grid2x2_seed0,crossattn1,2x2,4,0,invalid,frame5,target_peak_patch_quadrant_share,128,0.17026650108802655,0.16046251730392525,0.18016593364924485,held-out trials,percentile bootstrap (10000 draws)
vda4_crossattn1_grid2x2_seed0,crossattn1,2x2,4,0,invalid,frame5,cue_peak_patch_quadrant_share,128,0.47928909591495517,0.45910814488514534,0.49943952344914283,held-out trials,percentile bootstrap (10000 draws)
vda4_crossattn1_grid2x2_seed0,crossattn1,2x2,4,0,invalid,frame5,target_within_quadrant_peak_ratio,128,1.0,1.0,1.0,held-out trials,percentile bootstrap (10000 draws)
vda4_crossattn1_grid2x2_seed0,crossattn1,2x2,4,0,invalid,frame5,cue_within_quadrant_peak_ratio,128,1.0,1.0,1.0,held-out trials,percentile bootstrap (10000 draws)
vda4_crossattn1_grid2x2_seed0,crossattn1,2x2,4,0,invalid,frame5,target_minus_cue_total_mass,128,-0.30902259226422757,-0.337207864150696,-0.2820282053173287,held-out trials,percentile bootstrap (10000 draws)
vda4_crossattn1_grid2x2_seed0,crossattn1,2x2,4,0,invalid,frame5,target_minus_other_total_mass,128,-0.10631133070758855,-0.11926298256197092,-0.09299460462934804,held-out trials,percentile bootstrap (10000 draws)
vda4_crossattn1_grid2x2_seed0,crossattn1,2x2,4,0,invalid,frame5,target_minus_cue_peak_share,128,-0.3090225948269286,-0.33763924945275486,-0.2812115159109052,held-out trials,percentile bootstrap (10000 draws)
vda4_crossattn1_grid2x2_seed0,crossattn1,2x2,4,0,invalid,frame5,target_minus_other_peak_share,128,-0.10631133188263125,-0.11937943607170626,-0.09296994620535504,held-out trials,percentile bootstrap (10000 draws)
vda4_crossattn1_grid2x2_seed0,crossattn1,2x2,4,0,invalid,frame5,target_argmax_total,128,0.0234375,0.0,0.0546875,held-out trials,percentile bootstrap (10000 draws)
vda4_crossattn1_grid2x2_seed0,crossattn1,2x2,4,0,invalid,frame5,target_argmax_peak,128,0.0234375,0.0,0.0546875,held-out trials,percentile bootstrap (10000 draws)
vda4_crossattn1_grid2x2_seed0,crossattn1,2x2,4,0,invalid,frame6,target_total_quadrant_mass,128,0.8438382955500856,0.8093470892490586,0.8762902826594654,held-out trials,percentile bootstrap (10000 draws)
vda4_crossattn1_grid2x2_seed0,crossattn1,2x2,4,0,invalid,frame6,cue_total_quadrant_mass,128,0.09170488139625377,0.07183166369841273,0.11363357908001034,held-out trials,percentile bootstrap (10000 draws)
vda4_crossattn1_grid2x2_seed0,crossattn1,2x2,4,0,invalid,frame6,target_mean_patch_mass,128,0.8438382955500856,0.8090429484233027,0.8762564275471959,held-out trials,percentile bootstrap (10000 draws)
vda4_crossattn1_grid2x2_seed0,crossattn1,2x2,4,0,invalid,frame6,cue_mean_patch_mass,128,0.09170488139625377,0.07190433799701168,0.11417747076038721,held-out trials,percentile bootstrap (10000 draws)
vda4_crossattn1_grid2x2_seed0,crossattn1,2x2,4,0,invalid,frame6,target_peak_patch_raw,128,0.8438382955500856,0.8087653977068839,0.8760159530880628,held-out trials,percentile bootstrap (10000 draws)
vda4_crossattn1_grid2x2_seed0,crossattn1,2x2,4,0,invalid,frame6,cue_peak_patch_raw,128,0.09170488139625377,0.07208218787015994,0.11404261562929605,held-out trials,percentile bootstrap (10000 draws)
vda4_crossattn1_grid2x2_seed0,crossattn1,2x2,4,0,invalid,frame6,target_peak_patch_uniform_ratio,128,3.3753531822003424,3.235941779927816,3.504475359257776,held-out trials,percentile bootstrap (10000 draws)
vda4_crossattn1_grid2x2_seed0,crossattn1,2x2,4,0,invalid,frame6,cue_peak_patch_uniform_ratio,128,0.36681952558501507,0.2866954676658679,0.4554687500000909,held-out trials,percentile bootstrap (10000 draws)
vda4_crossattn1_grid2x2_seed0,crossattn1,2x2,4,0,invalid,frame6,target_peak_patch_quadrant_share,128,0.8438382968260023,0.8093005921217605,0.875238085964006,held-out trials,percentile bootstrap (10000 draws)
vda4_crossattn1_grid2x2_seed0,crossattn1,2x2,4,0,invalid,frame6,cue_peak_patch_quadrant_share,128,0.09170488168387175,0.07196279328480487,0.11432338408220144,held-out trials,percentile bootstrap (10000 draws)
vda4_crossattn1_grid2x2_seed0,crossattn1,2x2,4,0,invalid,frame6,target_within_quadrant_peak_ratio,128,1.0,1.0,1.0,held-out trials,percentile bootstrap (10000 draws)
vda4_crossattn1_grid2x2_seed0,crossattn1,2x2,4,0,invalid,frame6,cue_within_quadrant_peak_ratio,128,1.0,1.0,1.0,held-out trials,percentile bootstrap (10000 draws)
vda4_crossattn1_grid2x2_seed0,crossattn1,2x2,4,0,invalid,frame6,target_minus_cue_total_mass,128,0.7521334141538318,0.6974088230458392,0.8025907867321166,held-out trials,percentile bootstrap (10000 draws)
vda4_crossattn1_grid2x2_seed0,crossattn1,2x2,4,0,invalid,frame6,target_minus_other_total_mass,128,0.7917843947385942,0.7445992005457659,0.8335048678008357,held-out trials,percentile bootstrap (10000 draws)
vda4_crossattn1_grid2x2_seed0,crossattn1,2x2,4,0,invalid,frame6,target_minus_cue_peak_share,128,0.7521334151421304,0.6966262719296092,0.8030226630634648,held-out trials,percentile bootstrap (10000 draws)
vda4_crossattn1_grid2x2_seed0,crossattn1,2x2,4,0,invalid,frame6,target_minus_other_peak_share,128,0.7917843957680031,0.7459280068284455,0.8346005817834269,held-out trials,percentile bootstrap (10000 draws)
vda4_crossattn1_grid2x2_seed0,crossattn1,2x2,4,0,invalid,frame6,target_argmax_total,128,0.9453125,0.90625,0.9765625,held-out trials,percentile bootstrap (10000 draws)
vda4_crossattn1_grid2x2_seed0,crossattn1,2x2,4,0,invalid,frame6,target_argmax_peak,128,0.9453125,0.90625,0.984375,held-out trials,percentile bootstrap (10000 draws)
vda4_crossattn1_grid2x2_seed0,crossattn1,2x2,4,0,invalid,frames5_6_mean,target_total_quadrant_mass,128,0.5070523979957215,0.48817234490052214,0.5243762464480823,held-out trials,percentile bootstrap (10000 draws)
vda4_crossattn1_grid2x2_seed0,crossattn1,2x2,4,0,invalid,frames5_6_mean,cue_total_quadrant_mass,128,0.2854969870509194,0.26913109480628916,0.3027353570403989,held-out trials,percentile bootstrap (10000 draws)
vda4_crossattn1_grid2x2_seed0,crossattn1,2x2,4,0,invalid,frames5_6_mean,target_mean_patch_mass,128,0.5070523979957215,0.4881557531436556,0.524343579478591,held-out trials,percentile bootstrap (10000 draws)
vda4_crossattn1_grid2x2_seed0,crossattn1,2x2,4,0,invalid,frames5_6_mean,cue_mean_patch_mass,128,0.2854969870509194,0.269377407316847,0.3033497176973469,held-out trials,percentile bootstrap (10000 draws)
vda4_crossattn1_grid2x2_seed0,crossattn1,2x2,4,0,invalid,frames5_6_mean,target_peak_patch_raw,128,0.5070523979957215,0.4881589482531126,0.5248576507721736,held-out trials,percentile bootstrap (10000 draws)
vda4_crossattn1_grid2x2_seed0,crossattn1,2x2,4,0,invalid,frames5_6_mean,cue_peak_patch_raw,128,0.2854969870509194,0.26933259330450027,0.3026178278755651,held-out trials,percentile bootstrap (10000 draws)
vda4_crossattn1_grid2x2_seed0,crossattn1,2x2,4,0,invalid,frames5_6_mean,target_peak_patch_uniform_ratio,128,2.028209591982886,1.9536104697821428,2.098290401688428,held-out trials,percentile bootstrap (10000 draws)
vda4_crossattn1_grid2x2_seed0,crossattn1,2x2,4,0,invalid,frames5_6_mean,cue_peak_patch_uniform_ratio,128,1.1419879482036777,1.076019807646071,1.21032218579835,held-out trials,percentile bootstrap (10000 draws)
vda4_crossattn1_grid2x2_seed0,crossattn1,2x2,4,0,invalid,frames5_6_mean,target_peak_patch_quadrant_share,128,0.5070523989570144,0.4881812907981682,0.5245826883378543,held-out trials,percentile bootstrap (10000 draws)
vda4_crossattn1_grid2x2_seed0,crossattn1,2x2,4,0,invalid,frames5_6_mean,cue_peak_patch_quadrant_share,128,0.28549698879941343,0.2689884630046513,0.3031123993850639,held-out trials,percentile bootstrap (10000 draws)
vda4_crossattn1_grid2x2_seed0,crossattn1,2x2,4,0,invalid,frames5_6_mean,target_within_quadrant_peak_ratio,128,1.0,1.0,1.0,held-out trials,percentile bootstrap (10000 draws)
vda4_crossattn1_grid2x2_seed0,crossattn1,2x2,4,0,invalid,frames5_6_mean,cue_within_quadrant_peak_ratio,128,1.0,1.0,1.0,held-out trials,percentile bootstrap (10000 draws)
vda4_crossattn1_grid2x2_seed0,crossattn1,2x2,4,0,invalid,frames5_6_mean,target_minus_cue_total_mass,128,0.22155541094480213,0.18711770391715846,0.25374918350742065,held-out trials,percentile bootstrap (10000 draws)
vda4_crossattn1_grid2x2_seed0,crossattn1,2x2,4,0,invalid,frames5_6_mean,target_minus_other_total_mass,128,0.3427365320155028,0.3177209534717311,0.3662588444485133,held-out trials,percentile bootstrap (10000 draws)
vda4_crossattn1_grid2x2_seed0,crossattn1,2x2,4,0,invalid,frames5_6_mean,target_minus_cue_peak_share,128,0.22155541015760094,0.1880864325343771,0.25319185328228533,held-out trials,percentile bootstrap (10000 draws)
vda4_crossattn1_grid2x2_seed0,crossattn1,2x2,4,0,invalid,frames5_6_mean,target_minus_other_peak_share,128,0.3427365319426859,0.3177078435062758,0.36624076822098117,held-out trials,percentile bootstrap (10000 draws)
vda4_crossattn1_grid2x2_seed0,crossattn1,2x2,4,0,invalid,frames5_6_mean,target_argmax_total,128,0.8828125,0.8203125,0.9375,held-out trials,percentile bootstrap (10000 draws)
vda4_crossattn1_grid2x2_seed0,crossattn1,2x2,4,0,invalid,frames5_6_mean,target_argmax_peak,128,0.8828125,0.828125,0.9375,held-out trials,percentile bootstrap (10000 draws)
vda4_crossattn1_grid2x2_seed0,crossattn1,2x2,4,0,valid,frame5,target_total_quadrant_mass,128,0.5063794795423746,0.48590529639623126,0.526740743155824,held-out trials,percentile bootstrap (10000 draws)
vda4_crossattn1_grid2x2_seed0,crossattn1,2x2,4,0,valid,frame5,cue_total_quadrant_mass,128,0.5063794795423746,0.48597861054586244,0.5271771656465717,held-out trials,percentile bootstrap (10000 draws)
vda4_crossattn1_grid2x2_seed0,crossattn1,2x2,4,0,valid,frame5,target_mean_patch_mass,128,0.5063794795423746,0.4864502256852575,0.5267988255771343,held-out trials,percentile bootstrap (10000 draws)
vda4_crossattn1_grid2x2_seed0,crossattn1,2x2,4,0,valid,frame5,cue_mean_patch_mass,128,0.5063794795423746,0.4859946545097046,0.5267112422618083,held-out trials,percentile bootstrap (10000 draws)
vda4_crossattn1_grid2x2_seed0,crossattn1,2x2,4,0,valid,frame5,target_peak_patch_raw,128,0.5063794795423746,0.4857988611387555,0.5265786731208209,held-out trials,percentile bootstrap (10000 draws)
vda4_crossattn1_grid2x2_seed0,crossattn1,2x2,4,0,valid,frame5,cue_peak_patch_raw,128,0.5063794795423746,0.4860232153092511,0.5269572827615775,held-out trials,percentile bootstrap (10000 draws)
vda4_crossattn1_grid2x2_seed0,crossattn1,2x2,4,0,valid,frame5,target_peak_patch_uniform_ratio,128,2.0255179181694984,1.9453004138311372,2.1072619991609827,held-out trials,percentile bootstrap (10000 draws)
vda4_crossattn1_grid2x2_seed0,crossattn1,2x2,4,0,valid,frame5,cue_peak_patch_uniform_ratio,128,2.0255179181694984,1.9445782899623736,2.1053884620079772,held-out trials,percentile bootstrap (10000 draws)
vda4_crossattn1_grid2x2_seed0,crossattn1,2x2,4,0,valid,frame5,target_peak_patch_quadrant_share,128,0.506379483285415,0.4860466906725646,0.5267874366334115,held-out trials,percentile bootstrap (10000 draws)
vda4_crossattn1_grid2x2_seed0,crossattn1,2x2,4,0,valid,frame5,cue_peak_patch_quadrant_share,128,0.506379483285415,0.48611080804712253,0.5269625525273781,held-out trials,percentile bootstrap (10000 draws)
vda4_crossattn1_grid2x2_seed0,crossattn1,2x2,4,0,valid,frame5,target_within_quadrant_peak_ratio,128,1.0,1.0,1.0,held-out trials,percentile bootstrap (10000 draws)
vda4_crossattn1_grid2x2_seed0,crossattn1,2x2,4,0,valid,frame5,cue_within_quadrant_peak_ratio,128,1.0,1.0,1.0,held-out trials,percentile bootstrap (10000 draws)
vda4_crossattn1_grid2x2_seed0,crossattn1,2x2,4,0,valid,frame5,target_minus_cue_total_mass,128,0.0,0.0,0.0,held-out trials,percentile bootstrap (10000 draws)
vda4_crossattn1_grid2x2_seed0,crossattn1,2x2,4,0,valid,frame5,target_minus_other_total_mass,128,0.34183930821988423,0.3152766054066887,0.3692682935519163,held-out trials,percentile bootstrap (10000 draws)
vda4_crossattn1_grid2x2_seed0,crossattn1,2x2,4,0,valid,frame5,target_minus_cue_peak_share,128,0.0,0.0,0.0,held-out trials,percentile bootstrap (10000 draws)
vda4_crossattn1_grid2x2_seed0,crossattn1,2x2,4,0,valid,frame5,target_minus_other_peak_share,128,0.34183931104722,0.31497831713267005,0.36936351692764285,held-out trials,percentile bootstrap (10000 draws)
vda4_crossattn1_grid2x2_seed0,crossattn1,2x2,4,0,valid,frame5,target_argmax_total,128,0.9765625,0.9453125,1.0,held-out trials,percentile bootstrap (10000 draws)
vda4_crossattn1_grid2x2_seed0,crossattn1,2x2,4,0,valid,frame5,target_argmax_peak,128,0.9765625,0.9453125,1.0,held-out trials,percentile bootstrap (10000 draws)
vda4_crossattn1_grid2x2_seed0,crossattn1,2x2,4,0,valid,frame6,target_total_quadrant_mass,128,0.9897631541825831,0.9804612216539681,0.9959050135803409,held-out trials,percentile bootstrap (10000 draws)
vda4_crossattn1_grid2x2_seed0,crossattn1,2x2,4,0,valid,frame6,cue_total_quadrant_mass,128,0.9897631541825831,0.9803257486317307,0.9957982561085373,held-out trials,percentile bootstrap (10000 draws)
vda4_crossattn1_grid2x2_seed0,crossattn1,2x2,4,0,valid,frame6,target_mean_patch_mass,128,0.9897631541825831,0.980297631456051,0.9958988580619916,held-out trials,percentile bootstrap (10000 draws)
vda4_crossattn1_grid2x2_seed0,crossattn1,2x2,4,0,valid,frame6,cue_mean_patch_mass,128,0.9897631541825831,0.9800273165223189,0.9958383298479021,held-out trials,percentile bootstrap (10000 draws)
vda4_crossattn1_grid2x2_seed0,crossattn1,2x2,4,0,valid,frame6,target_peak_patch_raw,128,0.9897631541825831,0.9803105299477466,0.9958463175687939,held-out trials,percentile bootstrap (10000 draws)
vda4_crossattn1_grid2x2_seed0,crossattn1,2x2,4,0,valid,frame6,cue_peak_patch_raw,128,0.9897631541825831,0.980175687908195,0.995858415379189,held-out trials,percentile bootstrap (10000 draws)
vda4_crossattn1_grid2x2_seed0,crossattn1,2x2,4,0,valid,frame6,target_peak_patch_uniform_ratio,128,3.9590526167303324,3.921439617872238,3.9836323196068406,held-out trials,percentile bootstrap (10000 draws)
vda4_crossattn1_grid2x2_seed0,crossattn1,2x2,4,0,valid,frame6,cue_peak_patch_uniform_ratio,128,3.9590526167303324,3.921273380378261,3.983504456654191,held-out trials,percentile bootstrap (10000 draws)
vda4_crossattn1_grid2x2_seed0,crossattn1,2x2,4,0,valid,frame6,target_peak_patch_quadrant_share,128,0.9897631524872365,0.9802049236687128,0.9958777627465158,held-out trials,percentile bootstrap (10000 draws)
vda4_crossattn1_grid2x2_seed0,crossattn1,2x2,4,0,valid,frame6,cue_peak_patch_quadrant_share,128,0.9897631524872365,0.9801519602831861,0.9958528045204704,held-out trials,percentile bootstrap (10000 draws)
vda4_crossattn1_grid2x2_seed0,crossattn1,2x2,4,0,valid,frame6,target_within_quadrant_peak_ratio,128,1.0,1.0,1.0,held-out trials,percentile bootstrap (10000 draws)
vda4_crossattn1_grid2x2_seed0,crossattn1,2x2,4,0,valid,frame6,cue_within_quadrant_peak_ratio,128,1.0,1.0,1.0,held-out trials,percentile bootstrap (10000 draws)
vda4_crossattn1_grid2x2_seed0,crossattn1,2x2,4,0,valid,frame6,target_minus_cue_total_mass,128,0.0,0.0,0.0,held-out trials,percentile bootstrap (10000 draws)
vda4_crossattn1_grid2x2_seed0,crossattn1,2x2,4,0,valid,frame6,target_minus_other_total_mass,128,0.9863508716402313,0.9739232185778207,0.994482655953359,held-out trials,percentile bootstrap (10000 draws)
vda4_crossattn1_grid2x2_seed0,crossattn1,2x2,4,0,valid,frame6,target_minus_cue_peak_share,128,0.0,0.0,0.0,held-out trials,percentile bootstrap (10000 draws)
vda4_crossattn1_grid2x2_seed0,crossattn1,2x2,4,0,valid,frame6,target_minus_other_peak_share,128,0.9863508699829819,0.97362678801793,0.9944117763589052,held-out trials,percentile bootstrap (10000 draws)
vda4_crossattn1_grid2x2_seed0,crossattn1,2x2,4,0,valid,frame6,target_argmax_total,128,1.0,1.0,1.0,held-out trials,percentile bootstrap (10000 draws)
vda4_crossattn1_grid2x2_seed0,crossattn1,2x2,4,0,valid,frame6,target_argmax_peak,128,1.0,1.0,1.0,held-out trials,percentile bootstrap (10000 draws)
vda4_crossattn1_grid2x2_seed0,crossattn1,2x2,4,0,valid,frames5_6_mean,target_total_quadrant_mass,128,0.7480713168624789,0.7362394591385965,0.7595764056022745,held-out trials,percentile bootstrap (10000 draws)
vda4_crossattn1_grid2x2_seed0,crossattn1,2x2,4,0,valid,frames5_6_mean,cue_total_quadrant_mass,128,0.7480713168624789,0.736280634632567,0.7591775901586516,held-out trials,percentile bootstrap (10000 draws)
vda4_crossattn1_grid2x2_seed0,crossattn1,2x2,4,0,valid,frames5_6_mean,target_mean_patch_mass,128,0.7480713168624789,0.7362908493290888,0.7598517660429934,held-out trials,percentile bootstrap (10000 draws)
vda4_crossattn1_grid2x2_seed0,crossattn1,2x2,4,0,valid,frames5_6_mean,cue_mean_patch_mass,128,0.7480713168624789,0.7362507218465908,0.7596641953685321,held-out trials,percentile bootstrap (10000 draws)
vda4_crossattn1_grid2x2_seed0,crossattn1,2x2,4,0,valid,frames5_6_mean,target_peak_patch_raw,128,0.7480713168624789,0.73630508093338,0.7597901587112574,held-out trials,percentile bootstrap (10000 draws)
vda4_crossattn1_grid2x2_seed0,crossattn1,2x2,4,0,valid,frames5_6_mean,cue_peak_patch_raw,128,0.7480713168624789,0.7363926363264909,0.7598389636928914,held-out trials,percentile bootstrap (10000 draws)
vda4_crossattn1_grid2x2_seed0,crossattn1,2x2,4,0,valid,frames5_6_mean,target_peak_patch_uniform_ratio,128,2.9922852674499154,2.945034238230437,3.037414002919104,held-out trials,percentile bootstrap (10000 draws)
vda4_crossattn1_grid2x2_seed0,crossattn1,2x2,4,0,valid,frames5_6_mean,cue_peak_patch_uniform_ratio,128,2.9922852674499154,2.9456580727477557,3.037926396075636,held-out trials,percentile bootstrap (10000 draws)
vda4_crossattn1_grid2x2_seed0,crossattn1,2x2,4,0,valid,frames5_6_mean,target_peak_patch_quadrant_share,128,0.7480713178863257,0.7362537066826114,0.7593220843757419,held-out trials,percentile bootstrap (10000 draws)
vda4_crossattn1_grid2x2_seed0,crossattn1,2x2,4,0,valid,frames5_6_mean,cue_peak_patch_quadrant_share,128,0.7480713178863257,0.7366365460808032,0.7591568971061983,held-out trials,percentile bootstrap (10000 draws)
vda4_crossattn1_grid2x2_seed0,crossattn1,2x2,4,0,valid,frames5_6_mean,target_within_quadrant_peak_ratio,128,1.0,1.0,1.0,held-out trials,percentile bootstrap (10000 draws)
vda4_crossattn1_grid2x2_seed0,crossattn1,2x2,4,0,valid,frames5_6_mean,cue_within_quadrant_peak_ratio,128,1.0,1.0,1.0,held-out trials,percentile bootstrap (10000 draws)
vda4_crossattn1_grid2x2_seed0,crossattn1,2x2,4,0,valid,frames5_6_mean,target_minus_cue_total_mass,128,0.0,0.0,0.0,held-out trials,percentile bootstrap (10000 draws)
vda4_crossattn1_grid2x2_seed0,crossattn1,2x2,4,0,valid,frames5_6_mean,target_minus_other_total_mass,128,0.6640950899300577,0.6484598420996218,0.6791449499033078,held-out trials,percentile bootstrap (10000 draws)
vda4_crossattn1_grid2x2_seed0,crossattn1,2x2,4,0,valid,frames5_6_mean,target_minus_cue_peak_share,128,0.0,0.0,0.0,held-out trials,percentile bootstrap (10000 draws)
vda4_crossattn1_grid2x2_seed0,crossattn1,2x2,4,0,valid,frames5_6_mean,target_minus_other_peak_share,128,0.664095090515101,0.6485030300394908,0.6794224081985298,held-out trials,percentile bootstrap (10000 draws)
vda4_crossattn1_grid2x2_seed0,crossattn1,2x2,4,0,valid,frames5_6_mean,target_argmax_total,128,1.0,1.0,1.0,held-out trials,percentile bootstrap (10000 draws)
vda4_crossattn1_grid2x2_seed0,crossattn1,2x2,4,0,valid,frames5_6_mean,target_argmax_peak,128,1.0,1.0,1.0,held-out trials,percentile bootstrap (10000 draws)
vda4_crossattn1_grid2x2_seed1,crossattn1,2x2,4,1,invalid,frame5,target_total_quadrant_mass,128,0.25677679118234664,0.2438183557096636,0.27002061509992925,held-out trials,percentile bootstrap (10000 draws)
vda4_crossattn1_grid2x2_seed1,crossattn1,2x2,4,1,invalid,frame5,cue_total_quadrant_mass,128,0.2623809304786846,0.2476059328415431,0.27758727435721087,held-out trials,percentile bootstrap (10000 draws)
vda4_crossattn1_grid2x2_seed1,crossattn1,2x2,4,1,invalid,frame5,target_mean_patch_mass,128,0.25677679118234664,0.24381429083732656,0.27013345015002416,held-out trials,percentile bootstrap (10000 draws)
vda4_crossattn1_grid2x2_seed1,crossattn1,2x2,4,1,invalid,frame5,cue_mean_patch_mass,128,0.2623809304786846,0.24774264804291307,0.27758030331606276,held-out trials,percentile bootstrap (10000 draws)
vda4_crossattn1_grid2x2_seed1,crossattn1,2x2,4,1,invalid,frame5,target_peak_patch_raw,128,0.25677679118234664,0.2434536778688198,0.27026266603643306,held-out trials,percentile bootstrap (10000 draws)
vda4_crossattn1_grid2x2_seed1,crossattn1,2x2,4,1,invalid,frame5,cue_peak_patch_raw,128,0.2623809304786846,0.24753654738451586,0.2773693144466961,held-out trials,percentile bootstrap (10000 draws)
vda4_crossattn1_grid2x2_seed1,crossattn1,2x2,4,1,invalid,frame5,target_peak_patch_uniform_ratio,128,1.0271071647293866,0.9742231480078771,1.0804781774349976,held-out trials,percentile bootstrap (10000 draws)
vda4_crossattn1_grid2x2_seed1,crossattn1,2x2,4,1,invalid,frame5,cue_peak_patch_uniform_ratio,128,1.0495237219147384,0.9902175329509191,1.1104298503429164,held-out trials,percentile bootstrap (10000 draws)
vda4_crossattn1_grid2x2_seed1,crossattn1,2x2,4,1,invalid,frame5,target_peak_patch_quadrant_share,128,0.25677679056086633,0.24382109438362923,0.2703120244249633,held-out trials,percentile bootstrap (10000 draws)
vda4_crossattn1_grid2x2_seed1,crossattn1,2x2,4,1,invalid,frame5,cue_peak_patch_quadrant_share,128,0.2623809298104199,0.24730011354218878,0.27761354555206785,held-out trials,percentile bootstrap (10000 draws)
vda4_crossattn1_grid2x2_seed1,crossattn1,2x2,4,1,invalid,frame5,target_within_quadrant_peak_ratio,128,1.0,1.0,1.0,held-out trials,percentile bootstrap (10000 draws)
vda4_crossattn1_grid2x2_seed1,crossattn1,2x2,4,1,invalid,frame5,cue_within_quadrant_peak_ratio,128,1.0,1.0,1.0,held-out trials,percentile bootstrap (10000 draws)
vda4_crossattn1_grid2x2_seed1,crossattn1,2x2,4,1,invalid,frame5,target_minus_cue_total_mass,128,-0.005604139296337962,-0.029089508274046237,0.01769262801390141,held-out trials,percentile bootstrap (10000 draws)
vda4_crossattn1_grid2x2_seed1,crossattn1,2x2,4,1,invalid,frame5,target_minus_other_total_mass,128,0.009035720955580473,-0.008308858586921515,0.026746629641759972,held-out trials,percentile bootstrap (10000 draws)
vda4_crossattn1_grid2x2_seed1,crossattn1,2x2,4,1,invalid,frame5,target_minus_cue_peak_share,128,-0.005604139249553545,-0.02939652159260748,0.018192712469633682,held-out trials,percentile bootstrap (10000 draws)
vda4_crossattn1_grid2x2_seed1,crossattn1,2x2,4,1,invalid,frame5,target_minus_other_peak_share,128,0.00903572074782177,-0.008557669791939422,0.02688846841149801,held-out trials,percentile bootstrap (10000 draws)
vda4_crossattn1_grid2x2_seed1,crossattn1,2x2,4,1,invalid,frame5,target_argmax_total,128,0.21875,0.1484375,0.2890625,held-out trials,percentile bootstrap (10000 draws)
vda4_crossattn1_grid2x2_seed1,crossattn1,2x2,4,1,invalid,frame5,target_argmax_peak,128,0.21875,0.1484375,0.2890625,held-out trials,percentile bootstrap (10000 draws)
vda4_crossattn1_grid2x2_seed1,crossattn1,2x2,4,1,invalid,frame6,target_total_quadrant_mass,128,0.9519193462328985,0.9311388823727611,0.9696663177252048,held-out trials,percentile bootstrap (10000 draws)
vda4_crossattn1_grid2x2_seed1,crossattn1,2x2,4,1,invalid,frame6,cue_total_quadrant_mass,128,0.021453411348005602,0.011580548817427072,0.0332960563696453,held-out trials,percentile bootstrap (10000 draws)
vda4_crossattn1_grid2x2_seed1,crossattn1,2x2,4,1,invalid,frame6,target_mean_patch_mass,128,0.9519193462328985,0.9311551204766146,0.9697740354225971,held-out trials,percentile bootstrap (10000 draws)
vda4_crossattn1_grid2x2_seed1,crossattn1,2x2,4,1,invalid,frame6,cue_mean_patch_mass,128,0.021453411348005602,0.011661265261758303,0.03281524220514775,held-out trials,percentile bootstrap (10000 draws)
vda4_crossattn1_grid2x2_seed1,crossattn1,2x2,4,1,invalid,frame6,target_peak_patch_raw,128,0.9519193462328985,0.931534057497629,0.9699471842148342,held-out trials,percentile bootstrap (10000 draws)
vda4_crossattn1_grid2x2_seed1,crossattn1,2x2,4,1,invalid,frame6,cue_peak_patch_raw,128,0.021453411348005602,0.011911067248616193,0.03303806805693696,held-out trials,percentile bootstrap (10000 draws)
vda4_crossattn1_grid2x2_seed1,crossattn1,2x2,4,1,invalid,frame6,target_peak_patch_uniform_ratio,128,3.807677384931594,3.7242542007821613,3.8793521443381906,held-out trials,percentile bootstrap (10000 draws)
vda4_crossattn1_grid2x2_seed1,crossattn1,2x2,4,1,invalid,frame6,cue_peak_patch_uniform_ratio,128,0.08581364539202241,0.046352409994585744,0.13329303389307084,held-out trials,percentile bootstrap (10000 draws)
vda4_crossattn1_grid2x2_seed1,crossattn1,2x2,4,1,invalid,frame6,target_peak_patch_quadrant_share,128,0.9519193435485482,0.9309505410119827,0.9696736559623488,held-out trials,percentile bootstrap (10000 draws)
vda4_crossattn1_grid2x2_seed1,crossattn1,2x2,4,1,invalid,frame6,cue_peak_patch_quadrant_share,128,0.021453411298659013,0.011480485477296281,0.033053729510501825,held-out trials,percentile bootstrap (10000 draws)
vda4_crossattn1_grid2x2_seed1,crossattn1,2x2,4,1,invalid,frame6,target_within_quadrant_peak_ratio,128,1.0,1.0,1.0,held-out trials,percentile bootstrap (10000 draws)
vda4_crossattn1_grid2x2_seed1,crossattn1,2x2,4,1,invalid,frame6,cue_within_quadrant_peak_ratio,128,1.0,1.0,1.0,held-out trials,percentile bootstrap (10000 draws)
vda4_crossattn1_grid2x2_seed1,crossattn1,2x2,4,1,invalid,frame6,target_minus_cue_total_mass,128,0.9304659348848929,0.8999991975426476,0.9576453913522929,held-out trials,percentile bootstrap (10000 draws)
vda4_crossattn1_grid2x2_seed1,crossattn1,2x2,4,1,invalid,frame6,target_minus_other_total_mass,128,0.9358924607367645,0.9088699591311308,0.959307099920314,held-out trials,percentile bootstrap (10000 draws)
vda4_crossattn1_grid2x2_seed1,crossattn1,2x2,4,1,invalid,frame6,target_minus_cue_peak_share,128,0.9304659322498893,0.8986616049913129,0.957824787228556,held-out trials,percentile bootstrap (10000 draws)
vda4_crossattn1_grid2x2_seed1,crossattn1,2x2,4,1,invalid,frame6,target_minus_other_peak_share,128,0.935892458064731,0.9079214796754392,0.9595372669863881,held-out trials,percentile bootstrap (10000 draws)
vda4_crossattn1_grid2x2_seed1,crossattn1,2x2,4,1,invalid,frame6,target_argmax_total,128,0.9921875,0.9765625,1.0,held-out trials,percentile bootstrap (10000 draws)
vda4_crossattn1_grid2x2_seed1,crossattn1,2x2,4,1,invalid,frame6,target_argmax_peak,128,0.9921875,0.9765625,1.0,held-out trials,percentile bootstrap (10000 draws)
vda4_crossattn1_grid2x2_seed1,crossattn1,2x2,4,1,invalid,frames5_6_mean,target_total_quadrant_mass,128,0.6043480687076226,0.5923419250182633,0.6152884625269508,held-out trials,percentile bootstrap (10000 draws)
vda4_crossattn1_grid2x2_seed1,crossattn1,2x2,4,1,invalid,frames5_6_mean,cue_total_quadrant_mass,128,0.1419171709133451,0.13255237015533722,0.1517215108750829,held-out trials,percentile bootstrap (10000 draws)
vda4_crossattn1_grid2x2_seed1,crossattn1,2x2,4,1,invalid,frames5_6_mean,target_mean_patch_mass,128,0.6043480687076226,0.5921643520625366,0.6151617292394803,held-out trials,percentile bootstrap (10000 draws)
vda4_crossattn1_grid2x2_seed1,crossattn1,2x2,4,1,invalid,frames5_6_mean,cue_mean_patch_mass,128,0.1419171709133451,0.13281922247815992,0.15149946221620764,held-out trials,percentile bootstrap (10000 draws)
vda4_crossattn1_grid2x2_seed1,crossattn1,2x2,4,1,invalid,frames5_6_mean,target_peak_patch_raw,128,0.6043480687076226,0.5923720022881753,0.6152671095347614,held-out trials,percentile bootstrap (10000 draws)
vda4_crossattn1_grid2x2_seed1,crossattn1,2x2,4,1,invalid,frames5_6_mean,cue_peak_patch_raw,128,0.1419171709133451,0.13262175376464375,0.15157708641967246,held-out trials,percentile bootstrap (10000 draws)
vda4_crossattn1_grid2x2_seed1,crossattn1,2x2,4,1,invalid,frames5_6_mean,target_peak_patch_uniform_ratio,128,2.4173922748304904,2.3681948555633427,2.461101852764841,held-out trials,percentile bootstrap (10000 draws)
vda4_crossattn1_grid2x2_seed1,crossattn1,2x2,4,1,invalid,frames5_6_mean,cue_peak_patch_uniform_ratio,128,0.5676686836533804,0.530742125290741,0.6057170494284755,held-out trials,percentile bootstrap (10000 draws)
vda4_crossattn1_grid2x2_seed1,crossattn1,2x2,4,1,invalid,frames5_6_mean,target_peak_patch_quadrant_share,128,0.6043480670547072,0.5924734848259495,0.6152826270524437,held-out trials,percentile bootstrap (10000 draws)
vda4_crossattn1_grid2x2_seed1,crossattn1,2x2,4,1,invalid,frames5_6_mean,cue_peak_patch_quadrant_share,128,0.14191717055453945,0.13277285855874021,0.15142942465908563,held-out trials,percentile bootstrap (10000 draws)
vda4_crossattn1_grid2x2_seed1,crossattn1,2x2,4,1,invalid,frames5_6_mean,target_within_quadrant_peak_ratio,128,1.0,1.0,1.0,held-out trials,percentile bootstrap (10000 draws)
vda4_crossattn1_grid2x2_seed1,crossattn1,2x2,4,1,invalid,frames5_6_mean,cue_within_quadrant_peak_ratio,128,1.0,1.0,1.0,held-out trials,percentile bootstrap (10000 draws)
vda4_crossattn1_grid2x2_seed1,crossattn1,2x2,4,1,invalid,frames5_6_mean,target_minus_cue_total_mass,128,0.4624308977942775,0.44305367764341363,0.4807464531336144,held-out trials,percentile bootstrap (10000 draws)
vda4_crossattn1_grid2x2_seed1,crossattn1,2x2,4,1,invalid,frames5_6_mean,target_minus_other_total_mass,128,0.47246409084617247,0.45622452445518097,0.48732548915215707,held-out trials,percentile bootstrap (10000 draws)
vda4_crossattn1_grid2x2_seed1,crossattn1,2x2,4,1,invalid,frames5_6_mean,target_minus_cue_peak_share,128,0.46243089650016783,0.44314333565664016,0.4804543149259863,held-out trials,percentile bootstrap (10000 draws)
vda4_crossattn1_grid2x2_seed1,crossattn1,2x2,4,1,invalid,frames5_6_mean,target_minus_other_peak_share,128,0.4724640894062764,0.45651213859387263,0.4872470205750597,held-out trials,percentile bootstrap (10000 draws)
vda4_crossattn1_grid2x2_seed1,crossattn1,2x2,4,1,invalid,frames5_6_mean,target_argmax_total,128,0.9921875,0.9765625,1.0,held-out trials,percentile bootstrap (10000 draws)
vda4_crossattn1_grid2x2_seed1,crossattn1,2x2,4,1,invalid,frames5_6_mean,target_argmax_peak,128,0.9921875,0.9765625,1.0,held-out trials,percentile bootstrap (10000 draws)
vda4_crossattn1_grid2x2_seed1,crossattn1,2x2,4,1,valid,frame5,target_total_quadrant_mass,128,0.2906727679655887,0.27564095443958647,0.3054969604621874,held-out trials,percentile bootstrap (10000 draws)
vda4_crossattn1_grid2x2_seed1,crossattn1,2x2,4,1,valid,frame5,cue_total_quadrant_mass,128,0.2906727679655887,0.27638060261524516,0.3056486112429411,held-out trials,percentile bootstrap (10000 draws)
vda4_crossattn1_grid2x2_seed1,crossattn1,2x2,4,1,valid,frame5,target_mean_patch_mass,128,0.2906727679655887,0.2759398251044331,0.30559288805670803,held-out trials,percentile bootstrap (10000 draws)
vda4_crossattn1_grid2x2_seed1,crossattn1,2x2,4,1,valid,frame5,cue_mean_patch_mass,128,0.2906727679655887,0.27581421568320363,0.30563384567212776,held-out trials,percentile bootstrap (10000 draws)
vda4_crossattn1_grid2x2_seed1,crossattn1,2x2,4,1,valid,frame5,target_peak_patch_raw,128,0.2906727679655887,0.275865848090325,0.30543460823682833,held-out trials,percentile bootstrap (10000 draws)
vda4_crossattn1_grid2x2_seed1,crossattn1,2x2,4,1,valid,frame5,cue_peak_patch_raw,128,0.2906727679655887,0.2759395131957717,0.3052759734346182,held-out trials,percentile bootstrap (10000 draws)
vda4_crossattn1_grid2x2_seed1,crossattn1,2x2,4,1,valid,frame5,target_peak_patch_uniform_ratio,128,1.1626910718623549,1.102934277273016,1.220789296476869,held-out trials,percentile bootstrap (10000 draws)
vda4_crossattn1_grid2x2_seed1,crossattn1,2x2,4,1,valid,frame5,cue_peak_patch_uniform_ratio,128,1.1626910718623549,1.1040125298022758,1.2226156907330732,held-out trials,percentile bootstrap (10000 draws)
vda4_crossattn1_grid2x2_seed1,crossattn1,2x2,4,1,valid,frame5,target_peak_patch_quadrant_share,128,0.2906727681622664,0.2760483209032929,0.3054531768770026,held-out trials,percentile bootstrap (10000 draws)
vda4_crossattn1_grid2x2_seed1,crossattn1,2x2,4,1,valid,frame5,cue_peak_patch_quadrant_share,128,0.2906727681622664,0.2759234580346665,0.3051190013048088,held-out trials,percentile bootstrap (10000 draws)
vda4_crossattn1_grid2x2_seed1,crossattn1,2x2,4,1,valid,frame5,target_within_quadrant_peak_ratio,128,1.0,1.0,1.0,held-out trials,percentile bootstrap (10000 draws)
vda4_crossattn1_grid2x2_seed1,crossattn1,2x2,4,1,valid,frame5,cue_within_quadrant_peak_ratio,128,1.0,1.0,1.0,held-out trials,percentile bootstrap (10000 draws)
vda4_crossattn1_grid2x2_seed1,crossattn1,2x2,4,1,valid,frame5,target_minus_cue_total_mass,128,0.0,0.0,0.0,held-out trials,percentile bootstrap (10000 draws)
vda4_crossattn1_grid2x2_seed1,crossattn1,2x2,4,1,valid,frame5,target_minus_other_total_mass,128,0.05423035769490525,0.03443144397751894,0.07408799836509085,held-out trials,percentile bootstrap (10000 draws)
vda4_crossattn1_grid2x2_seed1,crossattn1,2x2,4,1,valid,frame5,target_minus_cue_peak_share,128,0.0,0.0,0.0,held-out trials,percentile bootstrap (10000 draws)
vda4_crossattn1_grid2x2_seed1,crossattn1,2x2,4,1,valid,frame5,target_minus_other_peak_share,128,0.05423035754968855,0.03478834734214265,0.07351650072804643,held-out trials,percentile bootstrap (10000 draws)
vda4_crossattn1_grid2x2_seed1,crossattn1,2x2,4,1,valid,frame5,target_argmax_total,128,0.46875,0.3828125,0.5546875,held-out trials,percentile bootstrap (10000 draws)
vda4_crossattn1_grid2x2_seed1,crossattn1,2x2,4,1,valid,frame5,target_argmax_peak,128,0.46875,0.3828125,0.5546875,held-out trials,percentile bootstrap (10000 draws)
vda4_crossattn1_grid2x2_seed1,crossattn1,2x2,4,1,valid,frame6,target_total_quadrant_mass,128,0.9846860894467682,0.9708673618268222,0.9937282450613566,held-out trials,percentile bootstrap (10000 draws)
vda4_crossattn1_grid2x2_seed1,crossattn1,2x2,4,1,valid,frame6,cue_total_quadrant_mass,128,0.9846860894467682,0.9707051254343242,0.9938441184931435,held-out trials,percentile bootstrap (10000 draws)
vda4_crossattn1_grid2x2_seed1,crossattn1,2x2,4,1,valid,frame6,target_mean_patch_mass,128,0.9846860894467682,0.970801572286291,0.9936965635744854,held-out trials,percentile bootstrap (10000 draws)
vda4_crossattn1_grid2x2_seed1,crossattn1,2x2,4,1,valid,frame6,cue_mean_patch_mass,128,0.9846860894467682,0.9701780116185545,0.9937581670703366,held-out trials,percentile bootstrap (10000 draws)
vda4_crossattn1_grid2x2_seed1,crossattn1,2x2,4,1,valid,frame6,target_peak_patch_raw,128,0.9846860894467682,0.9711670565127861,0.9937652701628394,held-out trials,percentile bootstrap (10000 draws)
vda4_crossattn1_grid2x2_seed1,crossattn1,2x2,4,1,valid,frame6,cue_peak_patch_raw,128,0.9846860894467682,0.9706767397292424,0.9936064542271197,held-out trials,percentile bootstrap (10000 draws)
vda4_crossattn1_grid2x2_seed1,crossattn1,2x2,4,1,valid,frame6,target_peak_patch_uniform_ratio,128,3.9387443577870727,3.8827807201305404,3.9751219166442753,held-out trials,percentile bootstrap (10000 draws)
vda4_crossattn1_grid2x2_seed1,crossattn1,2x2,4,1,valid,frame6,cue_peak_patch_uniform_ratio,128,3.9387443577870727,3.8828053505159916,3.974808750487864,held-out trials,percentile bootstrap (10000 draws)
vda4_crossattn1_grid2x2_seed1,crossattn1,2x2,4,1,valid,frame6,target_peak_patch_quadrant_share,128,0.9846860940419153,0.9704295423659088,0.9936826825870897,held-out trials,percentile bootstrap (10000 draws)
vda4_crossattn1_grid2x2_seed1,crossattn1,2x2,4,1,valid,frame6,cue_peak_patch_quadrant_share,128,0.9846860940419153,0.9706536382462074,0.9937550467213343,held-out trials,percentile bootstrap (10000 draws)
vda4_crossattn1_grid2x2_seed1,crossattn1,2x2,4,1,valid,frame6,target_within_quadrant_peak_ratio,128,1.0,1.0,1.0,held-out trials,percentile bootstrap (10000 draws)
vda4_crossattn1_grid2x2_seed1,crossattn1,2x2,4,1,valid,frame6,cue_within_quadrant_peak_ratio,128,1.0,1.0,1.0,held-out trials,percentile bootstrap (10000 draws)
vda4_crossattn1_grid2x2_seed1,crossattn1,2x2,4,1,valid,frame6,target_minus_cue_total_mass,128,0.0,0.0,0.0,held-out trials,percentile bootstrap (10000 draws)
vda4_crossattn1_grid2x2_seed1,crossattn1,2x2,4,1,valid,frame6,target_minus_other_total_mass,128,0.9795814540386893,0.9608824640527609,0.9915810456702487,held-out trials,percentile bootstrap (10000 draws)
vda4_crossattn1_grid2x2_seed1,crossattn1,2x2,4,1,valid,frame6,target_minus_cue_peak_share,128,0.0,0.0,0.0,held-out trials,percentile bootstrap (10000 draws)
vda4_crossattn1_grid2x2_seed1,crossattn1,2x2,4,1,valid,frame6,target_minus_other_peak_share,128,0.9795814587225538,0.9608483824814488,0.9917384577784321,held-out trials,percentile bootstrap (10000 draws)
vda4_crossattn1_grid2x2_seed1,crossattn1,2x2,4,1,valid,frame6,target_argmax_total,128,0.9921875,0.9765625,1.0,held-out trials,percentile bootstrap (10000 draws)
vda4_crossattn1_grid2x2_seed1,crossattn1,2x2,4,1,valid,frame6,target_argmax_peak,128,0.9921875,0.9765625,1.0,held-out trials,percentile bootstrap (10000 draws)
vda4_crossattn1_grid2x2_seed1,crossattn1,2x2,4,1,valid,frames5_6_mean,target_total_quadrant_mass,128,0.6376794287061784,0.6269041815678065,0.6471882129269944,held-out trials,percentile bootstrap (10000 draws)
vda4_crossattn1_grid2x2_seed1,crossattn1,2x2,4,1,valid,frames5_6_mean,cue_total_quadrant_mass,128,0.6376794287061784,0.6269708975836693,0.6472258478876028,held-out trials,percentile bootstrap (10000 draws)
vda4_crossattn1_grid2x2_seed1,crossattn1,2x2,4,1,valid,frames5_6_mean,target_mean_patch_mass,128,0.6376794287061784,0.6264976152189774,0.6474818678245355,held-out trials,percentile bootstrap (10000 draws)
vda4_crossattn1_grid2x2_seed1,crossattn1,2x2,4,1,valid,frames5_6_mean,cue_mean_patch_mass,128,0.6376794287061784,0.6267402411634976,0.6473009037072188,held-out trials,percentile bootstrap (10000 draws)
vda4_crossattn1_grid2x2_seed1,crossattn1,2x2,4,1,valid,frames5_6_mean,target_peak_patch_raw,128,0.6376794287061784,0.6268415543767333,0.6472818744914548,held-out trials,percentile bootstrap (10000 draws)
vda4_crossattn1_grid2x2_seed1,crossattn1,2x2,4,1,valid,frames5_6_mean,cue_peak_patch_raw,128,0.6376794287061784,0.6265168615318544,0.6473895227849426,held-out trials,percentile bootstrap (10000 draws)
vda4_crossattn1_grid2x2_seed1,crossattn1,2x2,4,1,valid,frames5_6_mean,target_peak_patch_uniform_ratio,128,2.5507177148247138,2.506409502675524,2.589547926216619,held-out trials,percentile bootstrap (10000 draws)
vda4_crossattn1_grid2x2_seed1,crossattn1,2x2,4,1,valid,frames5_6_mean,cue_peak_patch_uniform_ratio,128,2.5507177148247138,2.5055211302620592,2.590022615561611,held-out trials,percentile bootstrap (10000 draws)
vda4_crossattn1_grid2x2_seed1,crossattn1,2x2,4,1,valid,frames5_6_mean,target_peak_patch_quadrant_share,128,0.6376794311020908,0.6265293243414551,0.647275930156394,held-out trials,percentile bootstrap (10000 draws)
vda4_crossattn1_grid2x2_seed1,crossattn1,2x2,4,1,valid,frames5_6_mean,cue_peak_patch_quadrant_share,128,0.6376794311020908,0.6263351888896059,0.6474068365792351,held-out trials,percentile bootstrap (10000 draws)
vda4_crossattn1_grid2x2_seed1,crossattn1,2x2,4,1,valid,frames5_6_mean,target_within_quadrant_peak_ratio,128,1.0,1.0,1.0,held-out trials,percentile bootstrap (10000 draws)
vda4_crossattn1_grid2x2_seed1,crossattn1,2x2,4,1,valid,frames5_6_mean,cue_within_quadrant_peak_ratio,128,1.0,1.0,1.0,held-out trials,percentile bootstrap (10000 draws)
vda4_crossattn1_grid2x2_seed1,crossattn1,2x2,4,1,valid,frames5_6_mean,target_minus_cue_total_mass,128,0.0,0.0,0.0,held-out trials,percentile bootstrap (10000 draws)
vda4_crossattn1_grid2x2_seed1,crossattn1,2x2,4,1,valid,frames5_6_mean,target_minus_other_total_mass,128,0.5169059058667973,0.5024290649719274,0.5297871195232453,held-out trials,percentile bootstrap (10000 draws)
vda4_crossattn1_grid2x2_seed1,crossattn1,2x2,4,1,valid,frames5_6_mean,target_minus_cue_peak_share,128,0.0,0.0,0.0,held-out trials,percentile bootstrap (10000 draws)
vda4_crossattn1_grid2x2_seed1,crossattn1,2x2,4,1,valid,frames5_6_mean,target_minus_other_peak_share,128,0.5169059081361211,0.5022862587133275,0.5296798219170449,held-out trials,percentile bootstrap (10000 draws)
vda4_crossattn1_grid2x2_seed1,crossattn1,2x2,4,1,valid,frames5_6_mean,target_argmax_total,128,0.9921875,0.9765625,1.0,held-out trials,percentile bootstrap (10000 draws)
vda4_crossattn1_grid2x2_seed1,crossattn1,2x2,4,1,valid,frames5_6_mean,target_argmax_peak,128,0.9921875,0.9765625,1.0,held-out trials,percentile bootstrap (10000 draws)
vda4_crossattn1_grid4x4_seed0,crossattn1,4x4,16,0,invalid,frame5,target_total_quadrant_mass,128,0.18488595963572152,0.1769880458668922,0.19303156419337028,held-out trials,percentile bootstrap (10000 draws)
vda4_crossattn1_grid4x4_seed0,crossattn1,4x4,16,0,invalid,frame5,cue_total_quadrant_mass,128,0.44504951493581757,0.4290088005429425,0.4608793282910483,held-out trials,percentile bootstrap (10000 draws)
vda4_crossattn1_grid4x4_seed0,crossattn1,4x4,16,0,invalid,frame5,target_mean_patch_mass,128,0.04622148990893038,0.044290914835801234,0.04826507224888701,held-out trials,percentile bootstrap (10000 draws)
vda4_crossattn1_grid4x4_seed0,crossattn1,4x4,16,0,invalid,frame5,cue_mean_patch_mass,128,0.11126237873395439,0.10740077099562768,0.11529382763401372,held-out trials,percentile bootstrap (10000 draws)
vda4_crossattn1_grid4x4_seed0,crossattn1,4x4,16,0,invalid,frame5,target_peak_patch_raw,128,0.06472801812924445,0.06083903255930636,0.06888459642214002,held-out trials,percentile bootstrap (10000 draws)
vda4_crossattn1_grid4x4_seed0,crossattn1,4x4,16,0,invalid,frame5,cue_peak_patch_raw,128,0.19060513708973303,0.17621224861359225,0.20553259623993653,held-out trials,percentile bootstrap (10000 draws)
vda4_crossattn1_grid4x4_seed0,crossattn1,4x4,16,0,invalid,frame5,target_peak_patch_uniform_ratio,128,1.0356482900679111,0.9737843686947599,1.0992828684393317,held-out trials,percentile bootstrap (10000 draws)
vda4_crossattn1_grid4x4_seed0,crossattn1,4x4,16,0,invalid,frame5,cue_peak_patch_uniform_ratio,128,3.0496821934357285,2.814314305665903,3.2922888316679746,held-out trials,percentile bootstrap (10000 draws)
vda4_crossattn1_grid4x4_seed0,crossattn1,4x4,16,0,invalid,frame5,target_peak_patch_quadrant_share,128,0.17617854359775814,0.1640411507401693,0.18893788526802235,held-out trials,percentile bootstrap (10000 draws)
vda4_crossattn1_grid4x4_seed0,crossattn1,4x4,16,0,invalid,frame5,cue_peak_patch_quadrant_share,128,0.482348587763707,0.45852402199431536,0.5066226085430285,held-out trials,percentile bootstrap (10000 draws)
vda4_crossattn1_grid4x4_seed0,crossattn1,4x4,16,0,invalid,frame5,target_within_quadrant_peak_ratio,128,1.3801860919358337,1.3469324949740933,1.4149220667744755,held-out trials,percentile bootstrap (10000 draws)
vda4_crossattn1_grid4x4_seed0,crossattn1,4x4,16,0,invalid,frame5,cue_within_quadrant_peak_ratio,128,1.664575637898374,1.5782495624687816,1.753837657605119,held-out trials,percentile bootstrap (10000 draws)
vda4_crossattn1_grid4x4_seed0,crossattn1,4x4,16,0,invalid,frame5,target_minus_cue_total_mass,128,-0.26016355530009605,-0.2813981371393311,-0.2390770397210872,held-out trials,percentile bootstrap (10000 draws)
vda4_crossattn1_grid4x4_seed0,crossattn1,4x4,16,0,invalid,frame5,target_minus_other_total_mass,128,-0.08681872034261082,-0.09720046972821972,-0.0758611186309281,held-out trials,percentile bootstrap (10000 draws)
vda4_crossattn1_grid4x4_seed0,crossattn1,4x4,16,0,invalid,frame5,target_minus_cue_peak_share,128,-0.30617004416594884,-0.33904387979190953,-0.2724050951917141,held-out trials,percentile bootstrap (10000 draws)
vda4_crossattn1_grid4x4_seed0,crossattn1,4x4,16,0,invalid,frame5,target_minus_other_peak_share,128,-0.09842860853632251,-0.114284580451421,-0.08178684314652823,held-out trials,percentile bootstrap (10000 draws)
vda4_crossattn1_grid4x4_seed0,crossattn1,4x4,16,0,invalid,frame5,target_argmax_total,128,0.0078125,0.0,0.0234375,held-out trials,percentile bootstrap (10000 draws)
vda4_crossattn1_grid4x4_seed0,crossattn1,4x4,16,0,invalid,frame5,target_argmax_peak,128,0.0390625,0.0078125,0.078125,held-out trials,percentile bootstrap (10000 draws)
vda4_crossattn1_grid4x4_seed0,crossattn1,4x4,16,0,invalid,frame6,target_total_quadrant_mass,128,0.5192853011467378,0.4975820966203173,0.5412400796518341,held-out trials,percentile bootstrap (10000 draws)
vda4_crossattn1_grid4x4_seed0,crossattn1,4x4,16,0,invalid,frame6,cue_total_quadrant_mass,128,0.2701296593149891,0.25352096560473003,0.28741061882465146,held-out trials,percentile bootstrap (10000 draws)
vda4_crossattn1_grid4x4_seed0,crossattn1,4x4,16,0,invalid,frame6,target_mean_patch_mass,128,0.12982132528668444,0.12422650720013735,0.1351377224049429,held-out trials,percentile bootstrap (10000 draws)
vda4_crossattn1_grid4x4_seed0,crossattn1,4x4,16,0,invalid,frame6,cue_mean_patch_mass,128,0.06753241482874728,0.0633488738008964,0.07190826643927721,held-out trials,percentile bootstrap (10000 draws)
vda4_crossattn1_grid4x4_seed0,crossattn1,4x4,16,0,invalid,frame6,target_peak_patch_raw,128,0.25205615611048415,0.2374179973441642,0.26704172233585266,held-out trials,percentile bootstrap (10000 draws)
vda4_crossattn1_grid4x4_seed0,crossattn1,4x4,16,0,invalid,frame6,cue_peak_patch_raw,128,0.12326048174872994,0.11201465888007078,0.13536125007594818,held-out trials,percentile bootstrap (10000 draws)
vda4_crossattn1_grid4x4_seed0,crossattn1,4x4,16,0,invalid,frame6,target_peak_patch_uniform_ratio,128,4.0328984977677464,3.797801347635686,4.275417376798577,held-out trials,percentile bootstrap (10000 draws)
vda4_crossattn1_grid4x4_seed0,crossattn1,4x4,16,0,invalid,frame6,cue_peak_patch_uniform_ratio,128,1.972167707979679,1.7899875091039577,2.1635642349021507,held-out trials,percentile bootstrap (10000 draws)
vda4_crossattn1_grid4x4_seed0,crossattn1,4x4,16,0,invalid,frame6,target_peak_patch_quadrant_share,128,0.5565901499253316,0.5301293835263808,0.5821052008594255,held-out trials,percentile bootstrap (10000 draws)
vda4_crossattn1_grid4x4_seed0,crossattn1,4x4,16,0,invalid,frame6,cue_peak_patch_quadrant_share,128,0.27082140117305825,0.24919371315244648,0.29284085872212895,held-out trials,percentile bootstrap (10000 draws)
vda4_crossattn1_grid4x4_seed0,crossattn1,4x4,16,0,invalid,frame6,target_within_quadrant_peak_ratio,128,1.9199340383185495,1.8541999538270568,1.9877790043908017,held-out trials,percentile bootstrap (10000 draws)
vda4_crossattn1_grid4x4_seed0,crossattn1,4x4,16,0,invalid,frame6,cue_within_quadrant_peak_ratio,128,1.7773210265738217,1.681244534692675,1.8759378307612153,held-out trials,percentile bootstrap (10000 draws)
vda4_crossattn1_grid4x4_seed0,crossattn1,4x4,16,0,invalid,frame6,target_minus_cue_total_mass,128,0.24915564183174865,0.21196623504019954,0.2846911635611832,held-out trials,percentile bootstrap (10000 draws)
vda4_crossattn1_grid4x4_seed0,crossattn1,4x4,16,0,invalid,frame6,target_minus_other_total_mass,128,0.3590470688759524,0.32945020749217896,0.38716891510572776,held-out trials,percentile bootstrap (10000 draws)
vda4_crossattn1_grid4x4_seed0,crossattn1,4x4,16,0,invalid,frame6,target_minus_cue_peak_share,128,0.2857687487522734,0.2390451661935403,0.32971385541809767,held-out trials,percentile bootstrap (10000 draws)
vda4_crossattn1_grid4x4_seed0,crossattn1,4x4,16,0,invalid,frame6,target_minus_other_peak_share,128,0.40878686656710894,0.3746362750350941,0.4423865950269054,held-out trials,percentile bootstrap (10000 draws)
vda4_crossattn1_grid4x4_seed0,crossattn1,4x4,16,0,invalid,frame6,target_argmax_total,128,0.8671875,0.8046875,0.921875,held-out trials,percentile bootstrap (10000 draws)
vda4_crossattn1_grid4x4_seed0,crossattn1,4x4,16,0,invalid,frame6,target_argmax_peak,128,0.859375,0.796875,0.9140625,held-out trials,percentile bootstrap (10000 draws)
vda4_crossattn1_grid4x4_seed0,crossattn1,4x4,16,0,invalid,frames5_6_mean,target_total_quadrant_mass,128,0.35208563039122964,0.3393806347782629,0.3653492521901171,held-out trials,percentile bootstrap (10000 draws)
vda4_crossattn1_grid4x4_seed0,crossattn1,4x4,16,0,invalid,frames5_6_mean,cue_total_quadrant_mass,128,0.35758958712540334,0.3429927515795498,0.3721363177828607,held-out trials,percentile bootstrap (10000 draws)
vda4_crossattn1_grid4x4_seed0,crossattn1,4x4,16,0,invalid,frames5_6_mean,target_mean_patch_mass,128,0.08802140759780741,0.08470582621011999,0.09127916574336722,held-out trials,percentile bootstrap (10000 draws)
vda4_crossattn1_grid4x4_seed0,crossattn1,4x4,16,0,invalid,frames5_6_mean,cue_mean_patch_mass,128,0.08939739678135084,0.08574723396022818,0.09294418467054583,held-out trials,percentile bootstrap (10000 draws)
vda4_crossattn1_grid4x4_seed0,crossattn1,4x4,16,0,invalid,frames5_6_mean,target_peak_patch_raw,128,0.1583920871198643,0.15037081780938025,0.16676256945429485,held-out trials,percentile bootstrap (10000 draws)
vda4_crossattn1_grid4x4_seed0,crossattn1,4x4,16,0,invalid,frames5_6_mean,cue_peak_patch_raw,128,0.1569328094192315,0.14500920880964258,0.16939348011983385,held-out trials,percentile bootstrap (10000 draws)
vda4_crossattn1_grid4x4_seed0,crossattn1,4x4,16,0,invalid,frames5_6_mean,target_peak_patch_uniform_ratio,128,2.534273393917829,2.403871343343053,2.6667689788155258,held-out trials,percentile bootstrap (10000 draws)
vda4_crossattn1_grid4x4_seed0,crossattn1,4x4,16,0,invalid,frames5_6_mean,cue_peak_patch_uniform_ratio,128,2.510924950707704,2.3202191749180203,2.712919858872192,held-out trials,percentile bootstrap (10000 draws)
vda4_crossattn1_grid4x4_seed0,crossattn1,4x4,16,0,invalid,frames5_6_mean,target_peak_patch_quadrant_share,128,0.36638434676154497,0.3494532460501885,0.38309302753324753,held-out trials,percentile bootstrap (10000 draws)
vda4_crossattn1_grid4x4_seed0,crossattn1,4x4,16,0,invalid,frames5_6_mean,cue_peak_patch_quadrant_share,128,0.3765849944683826,0.3563457087636533,0.3970134698670849,held-out trials,percentile bootstrap (10000 draws)
vda4_crossattn1_grid4x4_seed0,crossattn1,4x4,16,0,invalid,frames5_6_mean,target_within_quadrant_peak_ratio,128,1.6500600651271917,1.613914127407613,1.6868003434283276,held-out trials,percentile bootstrap (10000 draws)
vda4_crossattn1_grid4x4_seed0,crossattn1,4x4,16,0,invalid,frames5_6_mean,cue_within_quadrant_peak_ratio,128,1.7209483322360979,1.635111728370484,1.8131128246652564,held-out trials,percentile bootstrap (10000 draws)
vda4_crossattn1_grid4x4_seed0,crossattn1,4x4,16,0,invalid,frames5_6_mean,target_minus_cue_total_mass,128,-0.005503956734173698,-0.03135149833633477,0.018901892719259194,held-out trials,percentile bootstrap (10000 draws)
vda4_crossattn1_grid4x4_seed0,crossattn1,4x4,16,0,invalid,frames5_6_mean,target_minus_other_total_mass,128,0.13611417426667077,0.1181067450769054,0.15335961150717595,held-out trials,percentile bootstrap (10000 draws)
vda4_crossattn1_grid4x4_seed0,crossattn1,4x4,16,0,invalid,frames5_6_mean,target_minus_cue_peak_share,128,-0.010200647706837733,-0.04464487862496262,0.024113419347120437,held-out trials,percentile bootstrap (10000 draws)
vda4_crossattn1_grid4x4_seed0,crossattn1,4x4,16,0,invalid,frames5_6_mean,target_minus_other_peak_share,128,0.1551791290153932,0.13328444743703233,0.17700289540796899,held-out trials,percentile bootstrap (10000 draws)
vda4_crossattn1_grid4x4_seed0,crossattn1,4x4,16,0,invalid,frames5_6_mean,target_argmax_total,128,0.5078125,0.421875,0.59375,held-out trials,percentile bootstrap (10000 draws)
vda4_crossattn1_grid4x4_seed0,crossattn1,4x4,16,0,invalid,frames5_6_mean,target_argmax_peak,128,0.4765625,0.390625,0.5625,held-out trials,percentile bootstrap (10000 draws)
vda4_crossattn1_grid4x4_seed0,crossattn1,4x4,16,0,valid,frame5,target_total_quadrant_mass,128,0.4550413673132425,0.44027413453877673,0.47001372879967673,held-out trials,percentile bootstrap (10000 draws)
vda4_crossattn1_grid4x4_seed0,crossattn1,4x4,16,0,valid,frame5,cue_total_quadrant_mass,128,0.4550413673132425,0.4400946564914193,0.4699063763826416,held-out trials,percentile bootstrap (10000 draws)
vda4_crossattn1_grid4x4_seed0,crossattn1,4x4,16,0,valid,frame5,target_mean_patch_mass,128,0.11376034182831063,0.10999938876711894,0.11746193347280495,held-out trials,percentile bootstrap (10000 draws)
vda4_crossattn1_grid4x4_seed0,crossattn1,4x4,16,0,valid,frame5,cue_mean_patch_mass,128,0.11376034182831063,0.10990506251700935,0.11749816228493729,held-out trials,percentile bootstrap (10000 draws)
vda4_crossattn1_grid4x4_seed0,crossattn1,4x4,16,0,valid,frame5,target_peak_patch_raw,128,0.18747929588425905,0.17417882260779152,0.20167870888108155,held-out trials,percentile bootstrap (10000 draws)
vda4_crossattn1_grid4x4_seed0,crossattn1,4x4,16,0,valid,frame5,cue_peak_patch_raw,128,0.18747929588425905,0.17393114223377779,0.20156710868905064,held-out trials,percentile bootstrap (10000 draws)
vda4_crossattn1_grid4x4_seed0,crossattn1,4x4,16,0,valid,frame5,target_peak_patch_uniform_ratio,128,2.9996687341481447,2.787516442127526,3.2290084509644656,held-out trials,percentile bootstrap (10000 draws)
vda4_crossattn1_grid4x4_seed0,crossattn1,4x4,16,0,valid,frame5,cue_peak_patch_uniform_ratio,128,2.9996687341481447,2.7874098749365657,3.224326399853453,held-out trials,percentile bootstrap (10000 draws)
vda4_crossattn1_grid4x4_seed0,crossattn1,4x4,16,0,valid,frame5,target_peak_patch_quadrant_share,128,0.48280577545122916,0.4601459685102961,0.5057663898601106,held-out trials,percentile bootstrap (10000 draws)
vda4_crossattn1_grid4x4_seed0,crossattn1,4x4,16,0,valid,frame5,cue_peak_patch_quadrant_share,128,0.48280577545122916,0.4603384427172659,0.5053978546414631,held-out trials,percentile bootstrap (10000 draws)
vda4_crossattn1_grid4x4_seed0,crossattn1,4x4,16,0,valid,frame5,target_within_quadrant_peak_ratio,128,1.6049731311741307,1.5270583923444705,1.6874202090188732,held-out trials,percentile bootstrap (10000 draws)
vda4_crossattn1_grid4x4_seed0,crossattn1,4x4,16,0,valid,frame5,cue_within_quadrant_peak_ratio,128,1.6049731311741307,1.524763244967842,1.6857303741757497,held-out trials,percentile bootstrap (10000 draws)
vda4_crossattn1_grid4x4_seed0,crossattn1,4x4,16,0,valid,frame5,target_minus_cue_total_mass,128,0.0,0.0,0.0,held-out trials,percentile bootstrap (10000 draws)
vda4_crossattn1_grid4x4_seed0,crossattn1,4x4,16,0,valid,frame5,target_minus_other_total_mass,128,0.2733884894599517,0.2536172848266384,0.293172469846589,held-out trials,percentile bootstrap (10000 draws)
vda4_crossattn1_grid4x4_seed0,crossattn1,4x4,16,0,valid,frame5,target_minus_cue_peak_share,128,0.0,0.0,0.0,held-out trials,percentile bootstrap (10000 draws)
vda4_crossattn1_grid4x4_seed0,crossattn1,4x4,16,0,valid,frame5,target_minus_other_peak_share,128,0.3104077006016389,0.2797616980870083,0.34097536136386886,held-out trials,percentile bootstrap (10000 draws)
vda4_crossattn1_grid4x4_seed0,crossattn1,4x4,16,0,valid,frame5,target_argmax_total,128,0.984375,0.9609375,1.0,held-out trials,percentile bootstrap (10000 draws)
vda4_crossattn1_grid4x4_seed0,crossattn1,4x4,16,0,valid,frame5,target_argmax_peak,128,0.8984375,0.84375,0.9453125,held-out trials,percentile bootstrap (10000 draws)
vda4_crossattn1_grid4x4_seed0,crossattn1,4x4,16,0,valid,frame6,target_total_quadrant_mass,128,0.8781179377474473,0.865764904199932,0.8893720593639955,held-out trials,percentile bootstrap (10000 draws)
vda4_crossattn1_grid4x4_seed0,crossattn1,4x4,16,0,valid,frame6,cue_total_quadrant_mass,128,0.8781179377474473,0.8657268457031023,0.8898050513385897,held-out trials,percentile bootstrap (10000 draws)
vda4_crossattn1_grid4x4_seed0,crossattn1,4x4,16,0,valid,frame6,target_mean_patch_mass,128,0.21952948443686182,0.21647175815023728,0.22245594308355976,held-out trials,percentile bootstrap (10000 draws)
vda4_crossattn1_grid4x4_seed0,crossattn1,4x4,16,0,valid,frame6,cue_mean_patch_mass,128,0.21952948443686182,0.21649558839958444,0.22240580789330125,held-out trials,percentile bootstrap (10000 draws)
vda4_crossattn1_grid4x4_seed0,crossattn1,4x4,16,0,valid,frame6,target_peak_patch_raw,128,0.517695551039651,0.4934109552006703,0.5422635562543291,held-out trials,percentile bootstrap (10000 draws)
vda4_crossattn1_grid4x4_seed0,crossattn1,4x4,16,0,valid,frame6,cue_peak_patch_raw,128,0.517695551039651,0.4929521320678759,0.5418738490086981,held-out trials,percentile bootstrap (10000 draws)
vda4_crossattn1_grid4x4_seed0,crossattn1,4x4,16,0,valid,frame6,target_peak_patch_uniform_ratio,128,8.283128816634417,7.898525387886911,8.68800126966089,held-out trials,percentile bootstrap (10000 draws)
vda4_crossattn1_grid4x4_seed0,crossattn1,4x4,16,0,valid,frame6,cue_peak_patch_uniform_ratio,128,8.283128816634417,7.888151304982602,8.677406505867838,held-out trials,percentile bootstrap (10000 draws)
vda4_crossattn1_grid4x4_seed0,crossattn1,4x4,16,0,valid,frame6,target_peak_patch_quadrant_share,128,0.9115390148995066,0.8995480213187803,0.9223904235337873,held-out trials,percentile bootstrap (10000 draws)
vda4_crossattn1_grid4x4_seed0,crossattn1,4x4,16,0,valid,frame6,cue_peak_patch_quadrant_share,128,0.9115390148995066,0.8994667609854942,0.9224103027756203,held-out trials,percentile bootstrap (10000 draws)
vda4_crossattn1_grid4x4_seed0,crossattn1,4x4,16,0,valid,frame6,target_within_quadrant_peak_ratio,128,2.346357513269722,2.2492053358771225,2.445218589301801,held-out trials,percentile bootstrap (10000 draws)
vda4_crossattn1_grid4x4_seed0,crossattn1,4x4,16,0,valid,frame6,cue_within_quadrant_peak_ratio,128,2.346357513269722,2.248061004184528,2.445411424898035,held-out trials,percentile bootstrap (10000 draws)
vda4_crossattn1_grid4x4_seed0,crossattn1,4x4,16,0,valid,frame6,target_minus_cue_total_mass,128,0.0,0.0,0.0,held-out trials,percentile bootstrap (10000 draws)
vda4_crossattn1_grid4x4_seed0,crossattn1,4x4,16,0,valid,frame6,target_minus_other_total_mass,128,0.8374905832743025,0.8211114231560637,0.853098127105765,held-out trials,percentile bootstrap (10000 draws)
vda4_crossattn1_grid4x4_seed0,crossattn1,4x4,16,0,valid,frame6,target_minus_cue_peak_share,128,0.0,0.0,0.0,held-out trials,percentile bootstrap (10000 draws)
vda4_crossattn1_grid4x4_seed0,crossattn1,4x4,16,0,valid,frame6,target_minus_other_peak_share,128,0.8820520198660089,0.8659047277151842,0.8967897111550297,held-out trials,percentile bootstrap (10000 draws)
vda4_crossattn1_grid4x4_seed0,crossattn1,4x4,16,0,valid,frame6,target_argmax_total,128,1.0,1.0,1.0,held-out trials,percentile bootstrap (10000 draws)
vda4_crossattn1_grid4x4_seed0,crossattn1,4x4,16,0,valid,frame6,target_argmax_peak,128,1.0,1.0,1.0,held-out trials,percentile bootstrap (10000 draws)
vda4_crossattn1_grid4x4_seed0,crossattn1,4x4,16,0,valid,frames5_6_mean,target_total_quadrant_mass,128,0.6665796525303449,0.6560412126657866,0.676964315567784,held-out trials,percentile bootstrap (10000 draws)
vda4_crossattn1_grid4x4_seed0,crossattn1,4x4,16,0,valid,frames5_6_mean,cue_total_quadrant_mass,128,0.6665796525303449,0.6560251763759879,0.6773004459824733,held-out trials,percentile bootstrap (10000 draws)
vda4_crossattn1_grid4x4_seed0,crossattn1,4x4,16,0,valid,frames5_6_mean,target_mean_patch_mass,128,0.16664491313258623,0.16394208776052893,0.1693361622242037,held-out trials,percentile bootstrap (10000 draws)
vda4_crossattn1_grid4x4_seed0,crossattn1,4x4,16,0,valid,frames5_6_mean,cue_mean_patch_mass,128,0.16664491313258623,0.1639686470866991,0.16929765258048518,held-out trials,percentile bootstrap (10000 draws)
vda4_crossattn1_grid4x4_seed0,crossattn1,4x4,16,0,valid,frames5_6_mean,target_peak_patch_raw,128,0.35258742346195504,0.3393033610802377,0.36598221897293115,held-out trials,percentile bootstrap (10000 draws)
vda4_crossattn1_grid4x4_seed0,crossattn1,4x4,16,0,valid,frames5_6_mean,cue_peak_patch_raw,128,0.35258742346195504,0.3392545476810483,0.3657878580124816,held-out trials,percentile bootstrap (10000 draws)
vda4_crossattn1_grid4x4_seed0,crossattn1,4x4,16,0,valid,frames5_6_mean,target_peak_patch_uniform_ratio,128,5.641398775391281,5.431547071377281,5.855498451087624,held-out trials,percentile bootstrap (10000 draws)
vda4_crossattn1_grid4x4_seed0,crossattn1,4x4,16,0,valid,frames5_6_mean,cue_peak_patch_uniform_ratio,128,5.641398775391281,5.428966210933868,5.854476245527621,held-out trials,percentile bootstrap (10000 draws)
vda4_crossattn1_grid4x4_seed0,crossattn1,4x4,16,0,valid,frames5_6_mean,target_peak_patch_quadrant_share,128,0.6971723951753679,0.68362077672893,0.7107690747816182,held-out trials,percentile bootstrap (10000 draws)
vda4_crossattn1_grid4x4_seed0,crossattn1,4x4,16,0,valid,frames5_6_mean,cue_peak_patch_quadrant_share,128,0.6971723951753679,0.68358565928788,0.7104568948245265,held-out trials,percentile bootstrap (10000 draws)
vda4_crossattn1_grid4x4_seed0,crossattn1,4x4,16,0,valid,frames5_6_mean,target_within_quadrant_peak_ratio,128,1.9756653222219263,1.9180022013763687,2.0322738989764675,held-out trials,percentile bootstrap (10000 draws)
vda4_crossattn1_grid4x4_seed0,crossattn1,4x4,16,0,valid,frames5_6_mean,cue_within_quadrant_peak_ratio,128,1.9756653222219263,1.9178762810468297,2.0331158598804144,held-out trials,percentile bootstrap (10000 draws)
vda4_crossattn1_grid4x4_seed0,crossattn1,4x4,16,0,valid,frames5_6_mean,target_minus_cue_total_mass,128,0.0,0.0,0.0,held-out trials,percentile bootstrap (10000 draws)
vda4_crossattn1_grid4x4_seed0,crossattn1,4x4,16,0,valid,frames5_6_mean,target_minus_other_total_mass,128,0.5554395363671272,0.5411645870969665,0.569440166380707,held-out trials,percentile bootstrap (10000 draws)
vda4_crossattn1_grid4x4_seed0,crossattn1,4x4,16,0,valid,frames5_6_mean,target_minus_cue_peak_share,128,0.0,0.0,0.0,held-out trials,percentile bootstrap (10000 draws)
vda4_crossattn1_grid4x4_seed0,crossattn1,4x4,16,0,valid,frames5_6_mean,target_minus_other_peak_share,128,0.5962298602338238,0.577924997292538,0.6143600684529841,held-out trials,percentile bootstrap (10000 draws)
vda4_crossattn1_grid4x4_seed0,crossattn1,4x4,16,0,valid,frames5_6_mean,target_argmax_total,128,1.0,1.0,1.0,held-out trials,percentile bootstrap (10000 draws)
vda4_crossattn1_grid4x4_seed0,crossattn1,4x4,16,0,valid,frames5_6_mean,target_argmax_peak,128,1.0,1.0,1.0,held-out trials,percentile bootstrap (10000 draws)
