feedback,seed,condition,window,from_n_tokens,to_n_tokens,contrast,metric,n_paired_trials,mean_difference,ci95_low,ci95_high,interval_unit,interval_method
affine_ew,0,invalid,frame5,4,16,16-4,target_total_quadrant_mass,128,0.00037257152052916354,-0.02660650410582548,0.02674186612127868,paired held-out trial IDs,paired percentile bootstrap (10000 draws)
affine_ew,0,invalid,frame5,4,16,16-4,cue_total_quadrant_mass,128,0.06913803364068372,0.05319998554336962,0.0854697782369044,paired held-out trial IDs,paired percentile bootstrap (10000 draws)
affine_ew,0,invalid,frame5,4,16,16-4,target_mean_patch_mass,128,-0.5677217147024294,-0.5840248238794743,-0.5511044296098533,paired held-out trial IDs,paired percentile bootstrap (10000 draws)
affine_ew,0,invalid,frame5,4,16,16-4,cue_mean_patch_mass,128,-0.04624787784143791,-0.05817629982499284,-0.035328817936439806,paired held-out trial IDs,paired percentile bootstrap (10000 draws)
affine_ew,0,invalid,frame5,4,16,16-4,target_peak_patch_raw,128,-0.29941983486060053,-0.3340184031665558,-0.26550049044599294,paired held-out trial IDs,paired percentile bootstrap (10000 draws)
affine_ew,0,invalid,frame5,4,16,16-4,cue_peak_patch_raw,128,-0.010418313106129062,-0.022650958875101424,0.0014401458723568772,paired held-out trial IDs,paired percentile bootstrap (10000 draws)
affine_ew,0,invalid,frame5,4,16,16-4,target_peak_patch_uniform_ratio,128,4.294320363551378,3.7932507614139466,4.8093914928380395,paired held-out trial IDs,paired percentile bootstrap (10000 draws)
affine_ew,0,invalid,frame5,4,16,16-4,cue_peak_patch_uniform_ratio,128,0.8498251703276765,0.7132177239072917,0.9945708331666537,paired held-out trial IDs,paired percentile bootstrap (10000 draws)
affine_ew,0,invalid,frame5,4,16,16-4,target_peak_patch_quadrant_share,128,0.021052534841453748,-0.009080031007824436,0.05002158563354038,paired held-out trial IDs,paired percentile bootstrap (10000 draws)
affine_ew,0,invalid,frame5,4,16,16-4,cue_peak_patch_quadrant_share,128,0.06188769792402869,0.043624573338192536,0.08153965256736345,paired held-out trial IDs,paired percentile bootstrap (10000 draws)
affine_ew,0,invalid,frame5,4,16,16-4,target_within_quadrant_peak_ratio,128,1.3495601178217154,1.237274922282559,1.4639486747173234,paired held-out trial IDs,paired percentile bootstrap (10000 draws)
affine_ew,0,invalid,frame5,4,16,16-4,cue_within_quadrant_peak_ratio,128,0.9048681804990277,0.820064680638158,0.9937797224743593,paired held-out trial IDs,paired percentile bootstrap (10000 draws)
affine_ew,0,invalid,frame5,4,16,16-4,target_minus_cue_total_mass,128,-0.06876546212015455,-0.10990276219622501,-0.028881471436125142,paired held-out trial IDs,paired percentile bootstrap (10000 draws)
affine_ew,0,invalid,frame5,4,16,16-4,target_minus_other_total_mass,128,0.0004967620895968191,-0.03488386348500019,0.034986756846636054,paired held-out trial IDs,paired percentile bootstrap (10000 draws)
affine_ew,0,invalid,frame5,4,16,16-4,target_minus_cue_peak_share,128,-0.04083516308257495,-0.087871460252661,0.004627024827322709,paired held-out trial IDs,paired percentile bootstrap (10000 draws)
affine_ew,0,invalid,frame5,4,16,16-4,target_minus_other_peak_share,128,0.028070046455271655,-0.013039439160950093,0.06801122067557948,paired held-out trial IDs,paired percentile bootstrap (10000 draws)
affine_ew,0,invalid,frame5,4,16,16-4,target_argmax_total,128,-0.0390625,-0.078125,-0.0078125,paired held-out trial IDs,paired percentile bootstrap (10000 draws)
affine_ew,0,invalid,frame5,4,16,16-4,target_argmax_peak,128,-0.0546875,-0.09375,-0.015625,paired held-out trial IDs,paired percentile bootstrap (10000 draws)
affine_ew,0,invalid,frame5,16,100,100-16,target_total_quadrant_mass,128,-0.24949004164682265,-0.2719087424192594,-0.22577383403615842,paired held-out trial IDs,paired percentile bootstrap (10000 draws)
affine_ew,0,invalid,frame5,16,100,100-16,cue_total_quadrant_mass,128,0.054835777225889615,0.037831419576798454,0.07167434930765922,paired held-out trial IDs,paired percentile bootstrap (10000 draws)
affine_ew,0,invalid,frame5,16,100,100-16,target_mean_patch_mass,128,-0.16904600180830132,-0.17532917429889402,-0.16236853167507703,paired held-out trial IDs,paired percentile bootstrap (10000 draws)
affine_ew,0,invalid,frame5,16,100,100-16,cue_mean_patch_mass,128,-0.030114624125958472,-0.034904089446777226,-0.025752606659850817,paired held-out trial IDs,paired percentile bootstrap (10000 draws)
affine_ew,0,invalid,frame5,16,100,100-16,target_peak_patch_raw,128,-0.2101513206071104,-0.24753482463929685,-0.17353835592075487,paired held-out trial IDs,paired percentile bootstrap (10000 draws)
affine_ew,0,invalid,frame5,16,100,100-16,cue_peak_patch_raw,128,-0.042599477057592594,-0.05340007135741871,-0.03214947237333945,paired held-out trial IDs,paired percentile bootstrap (10000 draws)
affine_ew,0,invalid,frame5,16,100,100-16,target_peak_patch_uniform_ratio,128,17.428865860245423,14.921110130605667,20.018175166750733,paired held-out trial IDs,paired percentile bootstrap (10000 draws)
affine_ew,0,invalid,frame5,16,100,100-16,cue_peak_patch_uniform_ratio,128,1.9805412535060896,1.5165202593681897,2.4726828369406575,paired held-out trial IDs,paired percentile bootstrap (10000 draws)
affine_ew,0,invalid,frame5,16,100,100-16,target_peak_patch_quadrant_share,128,-0.01048227040799312,-0.04154211878290167,0.020635060276328807,paired held-out trial IDs,paired percentile bootstrap (10000 draws)
affine_ew,0,invalid,frame5,16,100,100-16,cue_peak_patch_quadrant_share,128,-0.005965681055369855,-0.030402130233942646,0.01876171649929687,paired held-out trial IDs,paired percentile bootstrap (10000 draws)
affine_ew,0,invalid,frame5,16,100,100-16,target_within_quadrant_peak_ratio,128,8.757621076467426,7.91874737801245,9.610473023633201,paired held-out trial IDs,paired percentile bootstrap (10000 draws)
affine_ew,0,invalid,frame5,16,100,100-16,cue_within_quadrant_peak_ratio,128,1.5280117378312,1.1551109617824276,1.9233869212063508,paired held-out trial IDs,paired percentile bootstrap (10000 draws)
affine_ew,0,invalid,frame5,16,100,100-16,target_minus_cue_total_mass,128,-0.30432581887271226,-0.3423858525641208,-0.26456876573902266,paired held-out trial IDs,paired percentile bootstrap (10000 draws)
affine_ew,0,invalid,frame5,16,100,100-16,target_minus_other_total_mass,128,-0.3326533887097109,-0.363270853954278,-0.3017236274509704,paired held-out trial IDs,paired percentile bootstrap (10000 draws)
affine_ew,0,invalid,frame5,16,100,100-16,target_minus_cue_peak_share,128,-0.004516589352623258,-0.05870481869392081,0.050814989224468796,paired held-out trial IDs,paired percentile bootstrap (10000 draws)
affine_ew,0,invalid,frame5,16,100,100-16,target_minus_other_peak_share,128,-0.013976360543990825,-0.055064222223250914,0.027754351004994245,paired held-out trial IDs,paired percentile bootstrap (10000 draws)
affine_ew,0,invalid,frame5,16,100,100-16,target_argmax_total,128,0.0,-0.0390625,0.0390625,paired held-out trial IDs,paired percentile bootstrap (10000 draws)
affine_ew,0,invalid,frame5,16,100,100-16,target_argmax_peak,128,0.0234375,-0.015625,0.0625,paired held-out trial IDs,paired percentile bootstrap (10000 draws)
affine_ew,0,invalid,frame5,4,100,100-4,target_total_quadrant_mass,128,-0.24911747012629348,-0.27422019914320117,-0.22446446145274876,paired held-out trial IDs,paired percentile bootstrap (10000 draws)
affine_ew,0,invalid,frame5,4,100,100-4,cue_total_quadrant_mass,128,0.12397381086657333,0.10970881519432396,0.13784264784993638,paired held-out trial IDs,paired percentile bootstrap (10000 draws)
affine_ew,0,invalid,frame5,4,100,100-4,target_mean_patch_mass,128,-0.7367677165107307,-0.7537907476906704,-0.7185036928777245,paired held-out trial IDs,paired percentile bootstrap (10000 draws)
affine_ew,0,invalid,frame5,4,100,100-4,cue_mean_patch_mass,128,-0.07636250196739638,-0.09018125662248894,-0.06412185575117654,paired held-out trial IDs,paired percentile bootstrap (10000 draws)
affine_ew,0,invalid,frame5,4,100,100-4,target_peak_patch_raw,128,-0.5095711554677109,-0.5386650641617962,-0.4805613983306103,paired held-out trial IDs,paired percentile bootstrap (10000 draws)
affine_ew,0,invalid,frame5,4,100,100-4,cue_peak_patch_raw,128,-0.053017790163721656,-0.06779848430333005,-0.039920644148423896,paired held-out trial IDs,paired percentile bootstrap (10000 draws)
affine_ew,0,invalid,frame5,4,100,100-4,target_peak_patch_uniform_ratio,128,21.7231862237968,19.156550060992593,24.386087935537944,paired held-out trial IDs,paired percentile bootstrap (10000 draws)
affine_ew,0,invalid,frame5,4,100,100-4,cue_peak_patch_uniform_ratio,128,2.830366423833766,2.3762434355743607,3.2979455736436645,paired held-out trial IDs,paired percentile bootstrap (10000 draws)
affine_ew,0,invalid,frame5,4,100,100-4,target_peak_patch_quadrant_share,128,0.010570264433460633,-0.02283879738006148,0.042245474745114135,paired held-out trial IDs,paired percentile bootstrap (10000 draws)
affine_ew,0,invalid,frame5,4,100,100-4,cue_peak_patch_quadrant_share,128,0.05592201686865883,0.03332517012882449,0.08012676837532244,paired held-out trial IDs,paired percentile bootstrap (10000 draws)
affine_ew,0,invalid,frame5,4,100,100-4,target_within_quadrant_peak_ratio,128,10.10718119428914,9.259067831090608,10.913200852476661,paired held-out trial IDs,paired percentile bootstrap (10000 draws)
affine_ew,0,invalid,frame5,4,100,100-4,cue_within_quadrant_peak_ratio,128,2.4328799183302277,2.033174938250449,2.8507919710989627,paired held-out trial IDs,paired percentile bootstrap (10000 draws)
affine_ew,0,invalid,frame5,4,100,100-4,target_minus_cue_total_mass,128,-0.3730912809928668,-0.4094198460477969,-0.33693240961152926,paired held-out trial IDs,paired percentile bootstrap (10000 draws)
affine_ew,0,invalid,frame5,4,100,100-4,target_minus_other_total_mass,128,-0.332156626620114,-0.3661260744924183,-0.2980983791963809,paired held-out trial IDs,paired percentile bootstrap (10000 draws)
affine_ew,0,invalid,frame5,4,100,100-4,target_minus_cue_peak_share,128,-0.04535175243519822,-0.09970530652140884,0.005241459926860163,paired held-out trial IDs,paired percentile bootstrap (10000 draws)
affine_ew,0,invalid,frame5,4,100,100-4,target_minus_other_peak_share,128,0.014093685911280832,-0.02989170679676912,0.056977736155628275,paired held-out trial IDs,paired percentile bootstrap (10000 draws)
affine_ew,0,invalid,frame5,4,100,100-4,target_argmax_total,128,-0.0390625,-0.0859375,0.0078125,paired held-out trial IDs,paired percentile bootstrap (10000 draws)
affine_ew,0,invalid,frame5,4,100,100-4,target_argmax_peak,128,-0.03125,-0.078125,0.0078125,paired held-out trial IDs,paired percentile bootstrap (10000 draws)
affine_ew,0,invalid,frame6,4,16,16-4,target_total_quadrant_mass,128,0.006046729844456422,-0.026889698237346236,0.038725764861101186,paired held-out trial IDs,paired percentile bootstrap (10000 draws)
affine_ew,0,invalid,frame6,4,16,16-4,cue_total_quadrant_mass,128,0.11383918135561544,0.09156083516138551,0.13657360332317692,paired held-out trial IDs,paired percentile bootstrap (10000 draws)
affine_ew,0,invalid,frame6,4,16,16-4,target_mean_patch_mass,128,-0.514615212629451,-0.5341980835533434,-0.49363936285403726,paired held-out trial IDs,paired percentile bootstrap (10000 draws)
affine_ew,0,invalid,frame6,4,16,16-4,cue_mean_patch_mass,128,-0.02755926257873398,-0.04099870007474919,-0.014691847798280833,paired held-out trial IDs,paired percentile bootstrap (10000 draws)
affine_ew,0,invalid,frame6,4,16,16-4,target_peak_patch_raw,128,-0.22069145180284977,-0.2618373489502119,-0.18034732726810035,paired held-out trial IDs,paired percentile bootstrap (10000 draws)
affine_ew,0,invalid,frame6,4,16,16-4,cue_peak_patch_raw,128,0.03545035723982437,0.017868227692679282,0.052931248267350385,paired held-out trial IDs,paired percentile bootstrap (10000 draws)
affine_ew,0,invalid,frame6,4,16,16-4,target_peak_patch_uniform_ratio,128,4.726967092603445,4.1691314847907055,5.2988209673436355,paired held-out trial IDs,paired percentile bootstrap (10000 draws)
affine_ew,0,invalid,frame6,4,16,16-4,cue_peak_patch_uniform_ratio,128,1.4635106425193953,1.253598828424947,1.6897453558613051,paired held-out trial IDs,paired percentile bootstrap (10000 draws)
affine_ew,0,invalid,frame6,4,16,16-4,target_peak_patch_quadrant_share,128,0.02708066214027383,-0.010180042149572343,0.06397698788895839,paired held-out trial IDs,paired percentile bootstrap (10000 draws)
affine_ew,0,invalid,frame6,4,16,16-4,cue_peak_patch_quadrant_share,128,0.11146273354061312,0.08518643357181371,0.13784778342863832,paired held-out trial IDs,paired percentile bootstrap (10000 draws)
affine_ew,0,invalid,frame6,4,16,16-4,target_within_quadrant_peak_ratio,128,1.6247528127252,1.4899219032774909,1.761402646395905,paired held-out trial IDs,paired percentile bootstrap (10000 draws)
affine_ew,0,invalid,frame6,4,16,16-4,cue_within_quadrant_peak_ratio,128,1.2349500519764558,1.1386941764175968,1.335567754081743,paired held-out trial IDs,paired percentile bootstrap (10000 draws)
affine_ew,0,invalid,frame6,4,16,16-4,target_minus_cue_total_mass,128,-0.10779245151115902,-0.16060828797187696,-0.0565179893862478,paired held-out trial IDs,paired percentile bootstrap (10000 draws)
affine_ew,0,invalid,frame6,4,16,16-4,target_minus_other_total_mass,128,0.00806230720293873,-0.0342404554764471,0.052064223300260414,paired held-out trial IDs,paired percentile bootstrap (10000 draws)
affine_ew,0,invalid,frame6,4,16,16-4,target_minus_cue_peak_share,128,-0.0843820714003393,-0.14530626885990228,-0.02495765626025373,paired held-out trial IDs,paired percentile bootstrap (10000 draws)
affine_ew,0,invalid,frame6,4,16,16-4,target_minus_other_peak_share,128,0.036107549520365094,-0.013977693228406708,0.0853056110528668,paired held-out trial IDs,paired percentile bootstrap (10000 draws)
affine_ew,0,invalid,frame6,4,16,16-4,target_argmax_total,128,-0.0234375,-0.078125,0.0234375,paired held-out trial IDs,paired percentile bootstrap (10000 draws)
affine_ew,0,invalid,frame6,4,16,16-4,target_argmax_peak,128,-0.0703125,-0.1328125,-0.015625,paired held-out trial IDs,paired percentile bootstrap (10000 draws)
affine_ew,0,invalid,frame6,16,100,100-16,target_total_quadrant_mass,128,-0.11584178826706193,-0.15529520186279058,-0.0767904775850127,paired held-out trial IDs,paired percentile bootstrap (10000 draws)
affine_ew,0,invalid,frame6,16,100,100-16,cue_total_quadrant_mass,128,0.007922171398377031,-0.01508958884688809,0.03149768071259586,paired held-out trial IDs,paired percentile bootstrap (10000 draws)
affine_ew,0,invalid,frame6,16,100,100-16,target_mean_patch_mass,128,-0.15041901542337655,-0.15740571514169857,-0.1431966433269757,paired held-out trial IDs,paired percentile bootstrap (10000 draws)
affine_ew,0,invalid,frame6,16,100,100-16,cue_mean_patch_mass,128,-0.039274677445682755,-0.04405837946014094,-0.034616871193951744,paired held-out trial IDs,paired percentile bootstrap (10000 draws)
affine_ew,0,invalid,frame6,16,100,100-16,target_peak_patch_raw,128,-0.11504597052407917,-0.16607822048026719,-0.06434327958049837,paired held-out trial IDs,paired percentile bootstrap (10000 draws)
affine_ew,0,invalid,frame6,16,100,100-16,cue_peak_patch_raw,128,-0.06838300431081734,-0.08436025520527438,-0.05305669100612251,paired held-out trial IDs,paired percentile bootstrap (10000 draws)
affine_ew,0,invalid,frame6,16,100,100-16,target_peak_patch_uniform_ratio,128,27.763533246295992,24.11619386100647,31.28589254812832,paired held-out trial IDs,paired percentile bootstrap (10000 draws)
affine_ew,0,invalid,frame6,16,100,100-16,cue_peak_patch_uniform_ratio,128,2.413664063838951,1.747794195953611,3.121290925477478,paired held-out trial IDs,paired percentile bootstrap (10000 draws)
affine_ew,0,invalid,frame6,16,100,100-16,target_peak_patch_quadrant_share,128,0.04358573659141689,-0.0035405216684147563,0.08996032168005506,paired held-out trial IDs,paired percentile bootstrap (10000 draws)
affine_ew,0,invalid,frame6,16,100,100-16,cue_peak_patch_quadrant_share,128,-0.06751034592372392,-0.09858451847091813,-0.037024989624214355,paired held-out trial IDs,paired percentile bootstrap (10000 draws)
affine_ew,0,invalid,frame6,16,100,100-16,target_within_quadrant_peak_ratio,128,11.254850707262541,10.263312580692364,12.248626705358836,paired held-out trial IDs,paired percentile bootstrap (10000 draws)
affine_ew,0,invalid,frame6,16,100,100-16,cue_within_quadrant_peak_ratio,128,3.1381540671218002,2.411898813119788,3.9123294403192532,paired held-out trial IDs,paired percentile bootstrap (10000 draws)
affine_ew,0,invalid,frame6,16,100,100-16,target_minus_cue_total_mass,128,-0.12376395966543896,-0.1842247222875443,-0.06355881136854295,paired held-out trial IDs,paired percentile bootstrap (10000 draws)
affine_ew,0,invalid,frame6,16,100,100-16,target_minus_other_total_mass,128,-0.15445571887221377,-0.2074050339535584,-0.1015914145162848,paired held-out trial IDs,paired percentile bootstrap (10000 draws)
affine_ew,0,invalid,frame6,16,100,100-16,target_minus_cue_peak_share,128,0.11109608251514082,0.038299607790007066,0.18235238413055216,paired held-out trial IDs,paired percentile bootstrap (10000 draws)
affine_ew,0,invalid,frame6,16,100,100-16,target_minus_other_peak_share,128,0.05811431545522251,-0.0035907306315366475,0.11882814220332268,paired held-out trial IDs,paired percentile bootstrap (10000 draws)
affine_ew,0,invalid,frame6,16,100,100-16,target_argmax_total,128,-0.0625,-0.125,0.0,paired held-out trial IDs,paired percentile bootstrap (10000 draws)
affine_ew,0,invalid,frame6,16,100,100-16,target_argmax_peak,128,0.0234375,-0.0390625,0.0859375,paired held-out trial IDs,paired percentile bootstrap (10000 draws)
affine_ew,0,invalid,frame6,4,100,100-4,target_total_quadrant_mass,128,-0.10979505842260551,-0.14791391458376496,-0.07189946307815945,paired held-out trial IDs,paired percentile bootstrap (10000 draws)
affine_ew,0,invalid,frame6,4,100,100-4,cue_total_quadrant_mass,128,0.12176135275399247,0.10272933433217304,0.1406590002616724,paired held-out trial IDs,paired percentile bootstrap (10000 draws)
affine_ew,0,invalid,frame6,4,100,100-4,target_mean_patch_mass,128,-0.6650342280528276,-0.6842664676470653,-0.6444311933738179,paired held-out trial IDs,paired percentile bootstrap (10000 draws)
affine_ew,0,invalid,frame6,4,100,100-4,cue_mean_patch_mass,128,-0.06683394002441673,-0.07956369562977375,-0.05508073983740883,paired held-out trial IDs,paired percentile bootstrap (10000 draws)
affine_ew,0,invalid,frame6,4,100,100-4,target_peak_patch_raw,128,-0.33573742232692894,-0.3765398963860207,-0.29518217079021275,paired held-out trial IDs,paired percentile bootstrap (10000 draws)
affine_ew,0,invalid,frame6,4,100,100-4,cue_peak_patch_raw,128,-0.03293264707099297,-0.04772809640026025,-0.019025297644839158,paired held-out trial IDs,paired percentile bootstrap (10000 draws)
affine_ew,0,invalid,frame6,4,100,100-4,target_peak_patch_uniform_ratio,128,32.49050033889944,29.070677166183305,36.06096581043821,paired held-out trial IDs,paired percentile bootstrap (10000 draws)
affine_ew,0,invalid,frame6,4,100,100-4,cue_peak_patch_uniform_ratio,128,3.877174706358346,3.2364280013705864,4.56536046490819,paired held-out trial IDs,paired percentile bootstrap (10000 draws)
affine_ew,0,invalid,frame6,4,100,100-4,target_peak_patch_quadrant_share,128,0.07066639873169071,0.027568678564669075,0.11407411598909448,paired held-out trial IDs,paired percentile bootstrap (10000 draws)
affine_ew,0,invalid,frame6,4,100,100-4,cue_peak_patch_quadrant_share,128,0.043952387616889216,0.021506763963704496,0.06757438136838399,paired held-out trial IDs,paired percentile bootstrap (10000 draws)
affine_ew,0,invalid,frame6,4,100,100-4,target_within_quadrant_peak_ratio,128,12.879603519987741,11.954849903253374,13.827203332694378,paired held-out trial IDs,paired percentile bootstrap (10000 draws)
affine_ew,0,invalid,frame6,4,100,100-4,cue_within_quadrant_peak_ratio,128,4.373104119098256,3.651410876836665,5.118659214779462,paired held-out trial IDs,paired percentile bootstrap (10000 draws)
affine_ew,0,invalid,frame6,4,100,100-4,target_minus_cue_total_mass,128,-0.23155641117659798,-0.2845828023896303,-0.17782634101797615,paired held-out trial IDs,paired percentile bootstrap (10000 draws)
affine_ew,0,invalid,frame6,4,100,100-4,target_minus_other_total_mass,128,-0.14639341166927503,-0.198175311817522,-0.0948663475537103,paired held-out trial IDs,paired percentile bootstrap (10000 draws)
affine_ew,0,invalid,frame6,4,100,100-4,target_minus_cue_peak_share,128,0.026714011114801487,-0.0376701777233255,0.0881327211127468,paired held-out trial IDs,paired percentile bootstrap (10000 draws)
affine_ew,0,invalid,frame6,4,100,100-4,target_minus_other_peak_share,128,0.09422186497558763,0.03561690322618556,0.14999506776588908,paired held-out trial IDs,paired percentile bootstrap (10000 draws)
affine_ew,0,invalid,frame6,4,100,100-4,target_argmax_total,128,-0.0859375,-0.15625,-0.0234375,paired held-out trial IDs,paired percentile bootstrap (10000 draws)
affine_ew,0,invalid,frame6,4,100,100-4,target_argmax_peak,128,-0.046875,-0.1015625,0.0078125,paired held-out trial IDs,paired percentile bootstrap (10000 draws)
affine_ew,0,invalid,frames5_6_mean,4,16,16-4,target_total_quadrant_mass,128,0.003209650682492793,-0.01774415708777042,0.024427338267560106,paired held-out trial IDs,paired percentile bootstrap (10000 draws)
affine_ew,0,invalid,frames5_6_mean,4,16,16-4,cue_total_quadrant_mass,128,0.09148860749814958,0.07658353335210108,0.10614969945466442,paired held-out trial IDs,paired percentile bootstrap (10000 draws)
affine_ew,0,invalid,frames5_6_mean,4,16,16-4,target_mean_patch_mass,128,-0.5411684636659402,-0.5534980686805795,-0.5287780778429948,paired held-out trial IDs,paired percentile bootstrap (10000 draws)
affine_ew,0,invalid,frames5_6_mean,4,16,16-4,cue_mean_patch_mass,128,-0.036903570210085945,-0.04586700420771876,-0.028232708248630452,paired held-out trial IDs,paired percentile bootstrap (10000 draws)
affine_ew,0,invalid,frames5_6_mean,4,16,16-4,target_peak_patch_raw,128,-0.26005564333172515,-0.28841189555751046,-0.23256750365908374,paired held-out trial IDs,paired percentile bootstrap (10000 draws)
affine_ew,0,invalid,frames5_6_mean,4,16,16-4,cue_peak_patch_raw,128,0.012516022066847654,0.0012112753782957952,0.023775794986181608,paired held-out trial IDs,paired percentile bootstrap (10000 draws)
affine_ew,0,invalid,frames5_6_mean,4,16,16-4,target_peak_patch_uniform_ratio,128,4.510643728077412,4.114632201159838,4.914090643404052,paired held-out trial IDs,paired percentile bootstrap (10000 draws)
affine_ew,0,invalid,frames5_6_mean,4,16,16-4,cue_peak_patch_uniform_ratio,128,1.156667906423536,1.0183994141484618,1.2945651570870722,paired held-out trial IDs,paired percentile bootstrap (10000 draws)
affine_ew,0,invalid,frames5_6_mean,4,16,16-4,target_peak_patch_quadrant_share,128,0.024066598490863796,-0.0005615984757242529,0.048466924496582416,paired held-out trial IDs,paired percentile bootstrap (10000 draws)
affine_ew,0,invalid,frames5_6_mean,4,16,16-4,cue_peak_patch_quadrant_share,128,0.08667521573232093,0.06935110782216636,0.10437760693697959,paired held-out trial IDs,paired percentile bootstrap (10000 draws)
affine_ew,0,invalid,frames5_6_mean,4,16,16-4,target_within_quadrant_peak_ratio,128,1.4871564652734575,1.3885210423070962,1.5871245789282402,paired held-out trial IDs,paired percentile bootstrap (10000 draws)
affine_ew,0,invalid,frames5_6_mean,4,16,16-4,cue_within_quadrant_peak_ratio,128,1.0699091162377417,0.9928474437143476,1.149445032915186,paired held-out trial IDs,paired percentile bootstrap (10000 draws)
affine_ew,0,invalid,frames5_6_mean,4,16,16-4,target_minus_cue_total_mass,128,-0.08827895681565678,-0.12169284558065101,-0.055332129116357015,paired held-out trial IDs,paired percentile bootstrap (10000 draws)
affine_ew,0,invalid,frames5_6_mean,4,16,16-4,target_minus_other_total_mass,128,0.004279534646267771,-0.024099193267235818,0.03287135316198638,paired held-out trial IDs,paired percentile bootstrap (10000 draws)
affine_ew,0,invalid,frames5_6_mean,4,16,16-4,target_minus_cue_peak_share,128,-0.06260861724145712,-0.10248146892215705,-0.023207714147114016,paired held-out trial IDs,paired percentile bootstrap (10000 draws)
affine_ew,0,invalid,frames5_6_mean,4,16,16-4,target_minus_other_peak_share,128,0.03208879798781838,-0.0012439080607024886,0.06443134110493513,paired held-out trial IDs,paired percentile bootstrap (10000 draws)
affine_ew,0,invalid,frames5_6_mean,4,16,16-4,target_argmax_total,128,0.0,0.0,0.0,paired held-out trial IDs,paired percentile bootstrap (10000 draws)
affine_ew,0,invalid,frames5_6_mean,4,16,16-4,target_argmax_peak,128,-0.0234375,-0.0546875,0.0,paired held-out trial IDs,paired percentile bootstrap (10000 draws)
affine_ew,0,invalid,frames5_6_mean,16,100,100-16,target_total_quadrant_mass,128,-0.1826659149569423,-0.20419349118389646,-0.16094610266456613,paired held-out trial IDs,paired percentile bootstrap (10000 draws)
affine_ew,0,invalid,frames5_6_mean,16,100,100-16,cue_total_quadrant_mass,128,0.03137897431213332,0.01532323580903494,0.047539341192111804,paired held-out trial IDs,paired percentile bootstrap (10000 draws)
affine_ew,0,invalid,frames5_6_mean,16,100,100-16,target_mean_patch_mass,128,-0.15973250861583896,-0.16442384209943797,-0.1551829914264979,paired held-out trial IDs,paired percentile bootstrap (10000 draws)
affine_ew,0,invalid,frames5_6_mean,16,100,100-16,cue_mean_patch_mass,128,-0.03469465078582061,-0.03808162903686026,-0.03135077695340152,paired held-out trial IDs,paired percentile bootstrap (10000 draws)
affine_ew,0,invalid,frames5_6_mean,16,100,100-16,target_peak_patch_raw,128,-0.16259864556559478,-0.19451408398062994,-0.13166223728230764,paired held-out trial IDs,paired percentile bootstrap (10000 draws)
affine_ew,0,invalid,frames5_6_mean,16,100,100-16,cue_peak_patch_raw,128,-0.05549124068420497,-0.06591710517366209,-0.045273804180487785,paired held-out trial IDs,paired percentile bootstrap (10000 draws)
affine_ew,0,invalid,frames5_6_mean,16,100,100-16,target_peak_patch_uniform_ratio,128,22.596199553270708,20.737690012338863,24.484851036093822,paired held-out trial IDs,paired percentile bootstrap (10000 draws)
affine_ew,0,invalid,frames5_6_mean,16,100,100-16,cue_peak_patch_uniform_ratio,128,2.19710265867252,1.6561931949388964,2.7714865144224854,paired held-out trial IDs,paired percentile bootstrap (10000 draws)
affine_ew,0,invalid,frames5_6_mean,16,100,100-16,target_peak_patch_quadrant_share,128,0.01655173309171188,-0.01347589094954642,0.04621020487821061,paired held-out trial IDs,paired percentile bootstrap (10000 draws)
affine_ew,0,invalid,frames5_6_mean,16,100,100-16,cue_peak_patch_quadrant_share,128,-0.03673801348954689,-0.059459954609097934,-0.013268286988473281,paired held-out trial IDs,paired percentile bootstrap (10000 draws)
affine_ew,0,invalid,frames5_6_mean,16,100,100-16,target_within_quadrant_peak_ratio,128,10.006235891864982,9.442866875894731,10.577963110714917,paired held-out trial IDs,paired percentile bootstrap (10000 draws)
affine_ew,0,invalid,frames5_6_mean,16,100,100-16,cue_within_quadrant_peak_ratio,128,2.3330829024765003,1.8309238311025073,2.8761815820173324,paired held-out trial IDs,paired percentile bootstrap (10000 draws)
affine_ew,0,invalid,frames5_6_mean,16,100,100-16,target_minus_cue_total_mass,128,-0.2140448892690756,-0.25091107975493687,-0.17896899659815804,paired held-out trial IDs,paired percentile bootstrap (10000 draws)
affine_ew,0,invalid,frames5_6_mean,16,100,100-16,target_minus_other_total_mass,128,-0.24355455379096236,-0.2721855154080823,-0.21508293144181515,paired held-out trial IDs,paired percentile bootstrap (10000 draws)
affine_ew,0,invalid,frames5_6_mean,16,100,100-16,target_minus_cue_peak_share,128,0.05328974658125877,0.003157066053753667,0.10371499631299577,paired held-out trial IDs,paired percentile bootstrap (10000 draws)
affine_ew,0,invalid,frames5_6_mean,16,100,100-16,target_minus_other_peak_share,128,0.022068977455615844,-0.017548383606288794,0.0609998691949712,paired held-out trial IDs,paired percentile bootstrap (10000 draws)
affine_ew,0,invalid,frames5_6_mean,16,100,100-16,target_argmax_total,128,0.0,0.0,0.0,paired held-out trial IDs,paired percentile bootstrap (10000 draws)
affine_ew,0,invalid,frames5_6_mean,16,100,100-16,target_argmax_peak,128,0.0234375,0.0,0.0546875,paired held-out trial IDs,paired percentile bootstrap (10000 draws)
affine_ew,0,invalid,frames5_6_mean,4,100,100-4,target_total_quadrant_mass,128,-0.1794562642744495,-0.1989259850967045,-0.1594293889123506,paired held-out trial IDs,paired percentile bootstrap (10000 draws)
affine_ew,0,invalid,frames5_6_mean,4,100,100-4,cue_total_quadrant_mass,128,0.1228675818102829,0.11078183893195899,0.13524474757795985,paired held-out trial IDs,paired percentile bootstrap (10000 draws)
affine_ew,0,invalid,frames5_6_mean,4,100,100-4,target_mean_patch_mass,128,-0.7009009722817792,-0.7129154664511362,-0.6886333882761722,paired held-out trial IDs,paired percentile bootstrap (10000 draws)
affine_ew,0,invalid,frames5_6_mean,4,100,100-4,cue_mean_patch_mass,128,-0.07159822099590657,-0.08049635373220622,-0.06330244764294982,paired held-out trial IDs,paired percentile bootstrap (10000 draws)
affine_ew,0,invalid,frames5_6_mean,4,100,100-4,target_peak_patch_raw,128,-0.42265428889731993,-0.4446745333848412,-0.39974024085959176,paired held-out trial IDs,paired percentile bootstrap (10000 draws)
affine_ew,0,invalid,frames5_6_mean,4,100,100-4,cue_peak_patch_raw,128,-0.042975218617357314,-0.053852153241246016,-0.03260658517087905,paired held-out trial IDs,paired percentile bootstrap (10000 draws)
affine_ew,0,invalid,frames5_6_mean,4,100,100-4,target_peak_patch_uniform_ratio,128,27.10684328134812,25.311514250346228,28.944093513789266,paired held-out trial IDs,paired percentile bootstrap (10000 draws)
affine_ew,0,invalid,frames5_6_mean,4,100,100-4,cue_peak_patch_uniform_ratio,128,3.353770565096056,2.821504253141211,3.9080824602763635,paired held-out trial IDs,paired percentile bootstrap (10000 draws)
affine_ew,0,invalid,frames5_6_mean,4,100,100-4,target_peak_patch_quadrant_share,128,0.04061833158257567,0.014557120802821765,0.06757647227315731,paired held-out trial IDs,paired percentile bootstrap (10000 draws)
affine_ew,0,invalid,frames5_6_mean,4,100,100-4,cue_peak_patch_quadrant_share,128,0.04993720224277402,0.03128219674232047,0.06897130638775577,paired held-out trial IDs,paired percentile bootstrap (10000 draws)
affine_ew,0,invalid,frames5_6_mean,4,100,100-4,target_within_quadrant_peak_ratio,128,11.493392357138442,10.926524898357144,12.041578594171272,paired held-out trial IDs,paired percentile bootstrap (10000 draws)
affine_ew,0,invalid,frames5_6_mean,4,100,100-4,cue_within_quadrant_peak_ratio,128,3.402992018714242,2.880036528474954,3.952721829619917,paired held-out trial IDs,paired percentile bootstrap (10000 draws)
affine_ew,0,invalid,frames5_6_mean,4,100,100-4,target_minus_cue_total_mass,128,-0.3023238460847324,-0.33128826896794694,-0.2733075464394887,paired held-out trial IDs,paired percentile bootstrap (10000 draws)
affine_ew,0,invalid,frames5_6_mean,4,100,100-4,target_minus_other_total_mass,128,-0.23927501914469457,-0.2649241934882824,-0.2132833271115511,paired held-out trial IDs,paired percentile bootstrap (10000 draws)
affine_ew,0,invalid,frames5_6_mean,4,100,100-4,target_minus_cue_peak_share,128,-0.009318870660198358,-0.05189690593511994,0.03354296779414363,paired held-out trial IDs,paired percentile bootstrap (10000 draws)
affine_ew,0,invalid,frames5_6_mean,4,100,100-4,target_minus_other_peak_share,128,0.05415777544343421,0.0183776337061729,0.0900991349329783,paired held-out trial IDs,paired percentile bootstrap (10000 draws)
affine_ew,0,invalid,frames5_6_mean,4,100,100-4,target_argmax_total,128,0.0,0.0,0.0,paired held-out trial IDs,paired percentile bootstrap (10000 draws)
affine_ew,0,invalid,frames5_6_mean,4,100,100-4,target_argmax_peak,128,0.0,0.0,0.0,paired held-out trial IDs,paired percentile bootstrap (10000 draws)
affine_ew,0,valid,frame5,4,16,16-4,target_total_quadrant_mass,128,0.15034798511442204,0.1347494222543446,0.16518636695059286,paired held-out trial IDs,paired percentile bootstrap (10000 draws)
affine_ew,0,valid,frame5,4,16,16-4,cue_total_quadrant_mass,128,0.15034798511442204,0.13510641610500898,0.16522432257816036,paired held-out trial IDs,paired percentile bootstrap (10000 draws)
affine_ew,0,valid,frame5,4,16,16-4,target_mean_patch_mass,128,-0.5456512871264749,-0.5579827744703266,-0.534146588516603,paired held-out trial IDs,paired percentile bootstrap (10000 draws)
affine_ew,0,valid,frame5,4,16,16-4,cue_mean_patch_mass,128,-0.5456512871264749,-0.5577642800957051,-0.5341530737188463,paired held-out trial IDs,paired percentile bootstrap (10000 draws)
affine_ew,0,valid,frame5,4,16,16-4,target_peak_patch_raw,128,-0.18324221356306225,-0.2117599384248024,-0.15414166348637082,paired held-out trial IDs,paired percentile bootstrap (10000 draws)
affine_ew,0,valid,frame5,4,16,16-4,cue_peak_patch_raw,128,-0.18324221356306225,-0.21143504177744035,-0.15420494641875848,paired held-out trial IDs,paired percentile bootstrap (10000 draws)
affine_ew,0,valid,frame5,4,16,16-4,target_peak_patch_uniform_ratio,128,6.399937117472291,5.968466119561344,6.825146550871431,paired held-out trial IDs,paired percentile bootstrap (10000 draws)
affine_ew,0,valid,frame5,4,16,16-4,cue_peak_patch_uniform_ratio,128,6.399937117472291,5.984924155380577,6.826269126310945,paired held-out trial IDs,paired percentile bootstrap (10000 draws)
affine_ew,0,valid,frame5,4,16,16-4,target_peak_patch_quadrant_share,128,0.16627950060803112,0.14971385055465022,0.18153974521907473,paired held-out trial IDs,paired percentile bootstrap (10000 draws)
affine_ew,0,valid,frame5,4,16,16-4,cue_peak_patch_quadrant_share,128,0.16627950060803112,0.14998394893708067,0.18136375709307553,paired held-out trial IDs,paired percentile bootstrap (10000 draws)
affine_ew,0,valid,frame5,4,16,16-4,target_within_quadrant_peak_ratio,128,1.5468404847734978,1.4450846327437563,1.6516797750944487,paired held-out trial IDs,paired percentile bootstrap (10000 draws)
affine_ew,0,valid,frame5,4,16,16-4,cue_within_quadrant_peak_ratio,128,1.5468404847734978,1.4467962291522192,1.6493665867581084,paired held-out trial IDs,paired percentile bootstrap (10000 draws)
affine_ew,0,valid,frame5,4,16,16-4,target_minus_cue_total_mass,128,0.0,0.0,0.0,paired held-out trial IDs,paired percentile bootstrap (10000 draws)
affine_ew,0,valid,frame5,4,16,16-4,target_minus_other_total_mass,128,0.20046398030888213,0.17902317228677683,0.22004733090671683,paired held-out trial IDs,paired percentile bootstrap (10000 draws)
affine_ew,0,valid,frame5,4,16,16-4,target_minus_cue_peak_share,128,0.0,0.0,0.0,paired held-out trial IDs,paired percentile bootstrap (10000 draws)
affine_ew,0,valid,frame5,4,16,16-4,target_minus_other_peak_share,128,0.22170600081070815,0.19999658272334833,0.24188856723467925,paired held-out trial IDs,paired percentile bootstrap (10000 draws)
affine_ew,0,valid,frame5,4,16,16-4,target_argmax_total,128,0.0,0.0,0.0,paired held-out trial IDs,paired percentile bootstrap (10000 draws)
affine_ew,0,valid,frame5,4,16,16-4,target_argmax_peak,128,0.0,0.0,0.0,paired held-out trial IDs,paired percentile bootstrap (10000 draws)
affine_ew,0,valid,frame5,16,100,100-16,target_total_quadrant_mass,128,-0.20388966159680422,-0.21741763127029118,-0.19076822753532952,paired held-out trial IDs,paired percentile bootstrap (10000 draws)
affine_ew,0,valid,frame5,16,100,100-16,cue_total_quadrant_mass,128,-0.20388966159680422,-0.21741958275008527,-0.19100804486557763,paired held-out trial IDs,paired percentile bootstrap (10000 draws)
affine_ew,0,valid,frame5,16,100,100-16,target_mean_patch_mass,128,-0.20303538269132332,-0.20511703900235395,-0.2006331247328594,paired held-out trial IDs,paired percentile bootstrap (10000 draws)
affine_ew,0,valid,frame5,16,100,100-16,cue_mean_patch_mass,128,-0.20303538269132332,-0.20512914877869118,-0.20062640475425178,paired held-out trial IDs,paired percentile bootstrap (10000 draws)
affine_ew,0,valid,frame5,16,100,100-16,target_peak_patch_raw,128,-0.2204562901169993,-0.24733644614170772,-0.1936232020991156,paired held-out trial IDs,paired percentile bootstrap (10000 draws)
affine_ew,0,valid,frame5,16,100,100-16,cue_peak_patch_raw,128,-0.2204562901169993,-0.24749113229190697,-0.1931373539773631,paired held-out trial IDs,paired percentile bootstrap (10000 draws)
affine_ew,0,valid,frame5,16,100,100-16,target_peak_patch_uniform_ratio,128,27.88471279037185,25.399332868185592,30.387635692278852,paired held-out trial IDs,paired percentile bootstrap (10000 draws)
affine_ew,0,valid,frame5,16,100,100-16,cue_peak_patch_uniform_ratio,128,27.88471279037185,25.443943338742248,30.374794523551827,paired held-out trial IDs,paired percentile bootstrap (10000 draws)
affine_ew,0,valid,frame5,16,100,100-16,target_peak_patch_quadrant_share,128,-0.00931683869769054,-0.020041010083672373,0.0008307190610660313,paired held-out trial IDs,paired percentile bootstrap (10000 draws)
affine_ew,0,valid,frame5,16,100,100-16,cue_peak_patch_quadrant_share,128,-0.00931683869769054,-0.02032373233139673,0.0010494076589300217,paired held-out trial IDs,paired percentile bootstrap (10000 draws)
affine_ew,0,valid,frame5,16,100,100-16,target_within_quadrant_peak_ratio,128,9.964486031658039,9.282934447051145,10.658058902318423,paired held-out trial IDs,paired percentile bootstrap (10000 draws)
affine_ew,0,valid,frame5,16,100,100-16,cue_within_quadrant_peak_ratio,128,9.964486031658039,9.253775391192582,10.652629518849238,paired held-out trial IDs,paired percentile bootstrap (10000 draws)
affine_ew,0,valid,frame5,16,100,100-16,target_minus_cue_total_mass,128,0.0,0.0,0.0,paired held-out trial IDs,paired percentile bootstrap (10000 draws)
affine_ew,0,valid,frame5,16,100,100-16,target_minus_other_total_mass,128,-0.2718528821792082,-0.28963916698160314,-0.25424863874995457,paired held-out trial IDs,paired percentile bootstrap (10000 draws)
affine_ew,0,valid,frame5,16,100,100-16,target_minus_cue_peak_share,128,0.0,0.0,0.0,paired held-out trial IDs,paired percentile bootstrap (10000 draws)
affine_ew,0,valid,frame5,16,100,100-16,target_minus_other_peak_share,128,-0.012422451596920722,-0.02709506484656585,0.0015151939302419397,paired held-out trial IDs,paired percentile bootstrap (10000 draws)
affine_ew,0,valid,frame5,16,100,100-16,target_argmax_total,128,0.0,0.0,0.0,paired held-out trial IDs,paired percentile bootstrap (10000 draws)
affine_ew,0,valid,frame5,16,100,100-16,target_argmax_peak,128,0.0,0.0,0.0,paired held-out trial IDs,paired percentile bootstrap (10000 draws)
affine_ew,0,valid,frame5,4,100,100-4,target_total_quadrant_mass,128,-0.05354167648238217,-0.07642870082495393,-0.031655616199634556,paired held-out trial IDs,paired percentile bootstrap (10000 draws)
affine_ew,0,valid,frame5,4,100,100-4,cue_total_quadrant_mass,128,-0.05354167648238217,-0.07570796433132046,-0.031993075052400864,paired held-out trial IDs,paired percentile bootstrap (10000 draws)
affine_ew,0,valid,frame5,4,100,100-4,target_mean_patch_mass,128,-0.7486866698177983,-0.7608328709554903,-0.7372451199197623,paired held-out trial IDs,paired percentile bootstrap (10000 draws)
affine_ew,0,valid,frame5,4,100,100-4,cue_mean_patch_mass,128,-0.7486866698177983,-0.7607705880180338,-0.7373379632986411,paired held-out trial IDs,paired percentile bootstrap (10000 draws)
affine_ew,0,valid,frame5,4,100,100-4,target_peak_patch_raw,128,-0.40369850368006155,-0.43465151544223773,-0.3732581876742188,paired held-out trial IDs,paired percentile bootstrap (10000 draws)
affine_ew,0,valid,frame5,4,100,100-4,cue_peak_patch_raw,128,-0.40369850368006155,-0.4355238814212498,-0.3729331180991721,paired held-out trial IDs,paired percentile bootstrap (10000 draws)
affine_ew,0,valid,frame5,4,100,100-4,target_peak_patch_uniform_ratio,128,34.28464990784414,31.634984816308133,36.95097942317952,paired held-out trial IDs,paired percentile bootstrap (10000 draws)
affine_ew,0,valid,frame5,4,100,100-4,cue_peak_patch_uniform_ratio,128,34.28464990784414,31.633918777125654,36.945566897612295,paired held-out trial IDs,paired percentile bootstrap (10000 draws)
affine_ew,0,valid,frame5,4,100,100-4,target_peak_patch_quadrant_share,128,0.15696266191034058,0.13860138660155782,0.1742873379636423,paired held-out trial IDs,paired percentile bootstrap (10000 draws)
affine_ew,0,valid,frame5,4,100,100-4,cue_peak_patch_quadrant_share,128,0.15696266191034058,0.13843321097634678,0.17386093819081405,paired held-out trial IDs,paired percentile bootstrap (10000 draws)
affine_ew,0,valid,frame5,4,100,100-4,target_within_quadrant_peak_ratio,128,11.511326516431538,10.782916207200257,12.240129331786093,paired held-out trial IDs,paired percentile bootstrap (10000 draws)
affine_ew,0,valid,frame5,4,100,100-4,cue_within_quadrant_peak_ratio,128,11.511326516431538,10.779738459319411,12.253750290515617,paired held-out trial IDs,paired percentile bootstrap (10000 draws)
affine_ew,0,valid,frame5,4,100,100-4,target_minus_cue_total_mass,128,0.0,0.0,0.0,paired held-out trial IDs,paired percentile bootstrap (10000 draws)
affine_ew,0,valid,frame5,4,100,100-4,target_minus_other_total_mass,128,-0.07138890187032604,-0.10169416787787214,-0.04245104358431035,paired held-out trial IDs,paired percentile bootstrap (10000 draws)
affine_ew,0,valid,frame5,4,100,100-4,target_minus_cue_peak_share,128,0.0,0.0,0.0,paired held-out trial IDs,paired percentile bootstrap (10000 draws)
affine_ew,0,valid,frame5,4,100,100-4,target_minus_other_peak_share,128,0.20928354921378742,0.1850691706786264,0.2317755662352648,paired held-out trial IDs,paired percentile bootstrap (10000 draws)
affine_ew,0,valid,frame5,4,100,100-4,target_argmax_total,128,0.0,0.0,0.0,paired held-out trial IDs,paired percentile bootstrap (10000 draws)
affine_ew,0,valid,frame5,4,100,100-4,target_argmax_peak,128,0.0,0.0,0.0,paired held-out trial IDs,paired percentile bootstrap (10000 draws)
affine_ew,0,valid,frame6,4,16,16-4,target_total_quadrant_mass,128,0.186493536312355,0.16083355970456523,0.21328565921908194,paired held-out trial IDs,paired percentile bootstrap (10000 draws)
affine_ew,0,valid,frame6,4,16,16-4,cue_total_quadrant_mass,128,0.186493536312355,0.1604200849853555,0.21264476382408473,paired held-out trial IDs,paired percentile bootstrap (10000 draws)
affine_ew,0,valid,frame6,4,16,16-4,target_mean_patch_mass,128,-0.47504347927304025,-0.4915508655121613,-0.4566892604533905,paired held-out trial IDs,paired percentile bootstrap (10000 draws)
affine_ew,0,valid,frame6,4,16,16-4,cue_mean_patch_mass,128,-0.47504347927304025,-0.49174129325564025,-0.4569967219441139,paired held-out trial IDs,paired percentile bootstrap (10000 draws)
affine_ew,0,valid,frame6,4,16,16-4,target_peak_patch_raw,128,-0.07123338535893708,-0.10733694915834349,-0.03417083868698685,paired held-out trial IDs,paired percentile bootstrap (10000 draws)
affine_ew,0,valid,frame6,4,16,16-4,cue_peak_patch_raw,128,-0.07123338535893708,-0.10774793317832518,-0.034344658712507234,paired held-out trial IDs,paired percentile bootstrap (10000 draws)
affine_ew,0,valid,frame6,4,16,16-4,target_peak_patch_uniform_ratio,128,7.206935647875071,6.689520930778235,7.723537793173454,paired held-out trial IDs,paired percentile bootstrap (10000 draws)
affine_ew,0,valid,frame6,4,16,16-4,cue_peak_patch_uniform_ratio,128,7.206935647875071,6.684020506893285,7.7113337524700905,paired held-out trial IDs,paired percentile bootstrap (10000 draws)
affine_ew,0,valid,frame6,4,16,16-4,target_peak_patch_quadrant_share,128,0.20660917486369149,0.1804344753402643,0.23252575029331313,paired held-out trial IDs,paired percentile bootstrap (10000 draws)
affine_ew,0,valid,frame6,4,16,16-4,cue_peak_patch_quadrant_share,128,0.20660917486369149,0.180759861290557,0.23235307600097796,paired held-out trial IDs,paired percentile bootstrap (10000 draws)
affine_ew,0,valid,frame6,4,16,16-4,target_within_quadrant_peak_ratio,128,1.8011698049102964,1.6873697250905733,1.9166108420948313,paired held-out trial IDs,paired percentile bootstrap (10000 draws)
affine_ew,0,valid,frame6,4,16,16-4,cue_within_quadrant_peak_ratio,128,1.8011698049102964,1.6853237490234636,1.9138555619246154,paired held-out trial IDs,paired percentile bootstrap (10000 draws)
affine_ew,0,valid,frame6,4,16,16-4,target_minus_cue_total_mass,128,0.0,0.0,0.0,paired held-out trial IDs,paired percentile bootstrap (10000 draws)
affine_ew,0,valid,frame6,4,16,16-4,target_minus_other_total_mass,128,0.2486580487933831,0.2139272040981969,0.28303875380740157,paired held-out trial IDs,paired percentile bootstrap (10000 draws)
affine_ew,0,valid,frame6,4,16,16-4,target_minus_cue_peak_share,128,0.0,0.0,0.0,paired held-out trial IDs,paired percentile bootstrap (10000 draws)
affine_ew,0,valid,frame6,4,16,16-4,target_minus_other_peak_share,128,0.27547889981825535,0.24067579138449416,0.3097318502272459,paired held-out trial IDs,paired percentile bootstrap (10000 draws)
affine_ew,0,valid,frame6,4,16,16-4,target_argmax_total,128,0.0,-0.0234375,0.0234375,paired held-out trial IDs,paired percentile bootstrap (10000 draws)
affine_ew,0,valid,frame6,4,16,16-4,target_argmax_peak,128,0.0078125,0.0,0.0234375,paired held-out trial IDs,paired percentile bootstrap (10000 draws)
affine_ew,0,valid,frame6,16,100,100-16,target_total_quadrant_mass,128,-0.3003381583400824,-0.33258731447379547,-0.2672115804249984,paired held-out trial IDs,paired percentile bootstrap (10000 draws)
affine_ew,0,valid,frame6,16,100,100-16,cue_total_quadrant_mass,128,-0.3003381583400824,-0.3325715461760751,-0.26717837291455454,paired held-out trial IDs,paired percentile bootstrap (10000 draws)
affine_ew,0,valid,frame6,16,100,100-16,target_mean_patch_mass,128,-0.19724389069751397,-0.2017540000874343,-0.19240487098356251,paired held-out trial IDs,paired percentile bootstrap (10000 draws)
affine_ew,0,valid,frame6,16,100,100-16,cue_mean_patch_mass,128,-0.19724389069751397,-0.2017334706820876,-0.19240843764180798,paired held-out trial IDs,paired percentile bootstrap (10000 draws)
affine_ew,0,valid,frame6,16,100,100-16,target_peak_patch_raw,128,-0.36353396443882957,-0.4053903556567093,-0.32118148812878644,paired held-out trial IDs,paired percentile bootstrap (10000 draws)
affine_ew,0,valid,frame6,16,100,100-16,cue_peak_patch_raw,128,-0.36353396443882957,-0.40574529035875456,-0.32169702725659594,paired held-out trial IDs,paired percentile bootstrap (10000 draws)
affine_ew,0,valid,frame6,16,100,100-16,target_peak_patch_uniform_ratio,128,16.089687881292775,13.566949480999028,18.718977710296166,paired held-out trial IDs,paired percentile bootstrap (10000 draws)
affine_ew,0,valid,frame6,16,100,100-16,cue_peak_patch_uniform_ratio,128,16.089687881292775,13.525935788839707,18.742693204880926,paired held-out trial IDs,paired percentile bootstrap (10000 draws)
affine_ew,0,valid,frame6,16,100,100-16,target_peak_patch_quadrant_share,128,-0.11865397360059449,-0.15392745589612075,-0.0847529950172171,paired held-out trial IDs,paired percentile bootstrap (10000 draws)
affine_ew,0,valid,frame6,16,100,100-16,cue_peak_patch_quadrant_share,128,-0.11865397360059449,-0.15300753106894588,-0.08449906924817778,paired held-out trial IDs,paired percentile bootstrap (10000 draws)
affine_ew,0,valid,frame6,16,100,100-16,target_within_quadrant_peak_ratio,128,7.750805106418371,7.077184983362402,8.425754567343436,paired held-out trial IDs,paired percentile bootstrap (10000 draws)
affine_ew,0,valid,frame6,16,100,100-16,cue_within_quadrant_peak_ratio,128,7.750805106418371,7.0621989521512205,8.437916435056689,paired held-out trial IDs,paired percentile bootstrap (10000 draws)
affine_ew,0,valid,frame6,16,100,100-16,target_minus_cue_total_mass,128,0.0,0.0,0.0,paired held-out trial IDs,paired percentile bootstrap (10000 draws)
affine_ew,0,valid,frame6,16,100,100-16,target_minus_other_total_mass,128,-0.4004508771332951,-0.4433363597483636,-0.357080285579378,paired held-out trial IDs,paired percentile bootstrap (10000 draws)
affine_ew,0,valid,frame6,16,100,100-16,target_minus_cue_peak_share,128,0.0,0.0,0.0,paired held-out trial IDs,paired percentile bootstrap (10000 draws)
affine_ew,0,valid,frame6,16,100,100-16,target_minus_other_peak_share,128,-0.15820529813412598,-0.20426810623210523,-0.11155619730689487,paired held-out trial IDs,paired percentile bootstrap (10000 draws)
affine_ew,0,valid,frame6,16,100,100-16,target_argmax_total,128,0.0078125,0.0,0.0234375,paired held-out trial IDs,paired percentile bootstrap (10000 draws)
affine_ew,0,valid,frame6,16,100,100-16,target_argmax_peak,128,0.0,0.0,0.0,paired held-out trial IDs,paired percentile bootstrap (10000 draws)
affine_ew,0,valid,frame6,4,100,100-4,target_total_quadrant_mass,128,-0.11384462202772738,-0.1413814409647216,-0.085463197772566,paired held-out trial IDs,paired percentile bootstrap (10000 draws)
affine_ew,0,valid,frame6,4,100,100-4,cue_total_quadrant_mass,128,-0.11384462202772738,-0.14261650576321472,-0.08580016498678447,paired held-out trial IDs,paired percentile bootstrap (10000 draws)
affine_ew,0,valid,frame6,4,100,100-4,target_mean_patch_mass,128,-0.6722873699705543,-0.6876221390205515,-0.6551806915121773,paired held-out trial IDs,paired percentile bootstrap (10000 draws)
affine_ew,0,valid,frame6,4,100,100-4,cue_mean_patch_mass,128,-0.6722873699705543,-0.6877817347669831,-0.6554419568541107,paired held-out trial IDs,paired percentile bootstrap (10000 draws)
affine_ew,0,valid,frame6,4,100,100-4,target_peak_patch_raw,128,-0.43476734979776666,-0.4615003042519675,-0.40693676288283315,paired held-out trial IDs,paired percentile bootstrap (10000 draws)
affine_ew,0,valid,frame6,4,100,100-4,cue_peak_patch_raw,128,-0.43476734979776666,-0.46116230295738203,-0.40751202199462566,paired held-out trial IDs,paired percentile bootstrap (10000 draws)
affine_ew,0,valid,frame6,4,100,100-4,target_peak_patch_uniform_ratio,128,23.296623529167846,20.841362808292615,25.847506817994873,paired held-out trial IDs,paired percentile bootstrap (10000 draws)
affine_ew,0,valid,frame6,4,100,100-4,cue_peak_patch_uniform_ratio,128,23.296623529167846,20.859126826835563,25.818932602604036,paired held-out trial IDs,paired percentile bootstrap (10000 draws)
affine_ew,0,valid,frame6,4,100,100-4,target_peak_patch_quadrant_share,128,0.087955201263097,0.05812054871688362,0.11722644226648606,paired held-out trial IDs,paired percentile bootstrap (10000 draws)
affine_ew,0,valid,frame6,4,100,100-4,cue_peak_patch_quadrant_share,128,0.087955201263097,0.05752812856210675,0.11684778780368558,paired held-out trial IDs,paired percentile bootstrap (10000 draws)
affine_ew,0,valid,frame6,4,100,100-4,target_within_quadrant_peak_ratio,128,9.551974911328669,8.890627696497633,10.235019729536905,paired held-out trial IDs,paired percentile bootstrap (10000 draws)
affine_ew,0,valid,frame6,4,100,100-4,cue_within_quadrant_peak_ratio,128,9.551974911328669,8.896843872414673,10.206246284666525,paired held-out trial IDs,paired percentile bootstrap (10000 draws)
affine_ew,0,valid,frame6,4,100,100-4,target_minus_cue_total_mass,128,0.0,0.0,0.0,paired held-out trial IDs,paired percentile bootstrap (10000 draws)
affine_ew,0,valid,frame6,4,100,100-4,target_minus_other_total_mass,128,-0.151792828339912,-0.18902245468199227,-0.1135300225313773,paired held-out trial IDs,paired percentile bootstrap (10000 draws)
affine_ew,0,valid,frame6,4,100,100-4,target_minus_cue_peak_share,128,0.0,0.0,0.0,paired held-out trial IDs,paired percentile bootstrap (10000 draws)
affine_ew,0,valid,frame6,4,100,100-4,target_minus_other_peak_share,128,0.11727360168412934,0.077412262637541,0.15612531219708098,paired held-out trial IDs,paired percentile bootstrap (10000 draws)
affine_ew,0,valid,frame6,4,100,100-4,target_argmax_total,128,0.0078125,0.0,0.0234375,paired held-out trial IDs,paired percentile bootstrap (10000 draws)
affine_ew,0,valid,frame6,4,100,100-4,target_argmax_peak,128,0.0078125,0.0,0.0234375,paired held-out trial IDs,paired percentile bootstrap (10000 draws)
affine_ew,0,valid,frames5_6_mean,4,16,16-4,target_total_quadrant_mass,128,0.16842076071338852,0.15224717053685594,0.18492179410260973,paired held-out trial IDs,paired percentile bootstrap (10000 draws)
affine_ew,0,valid,frames5_6_mean,4,16,16-4,cue_total_quadrant_mass,128,0.16842076071338852,0.15195744810075668,0.18495812434489947,paired held-out trial IDs,paired percentile bootstrap (10000 draws)
affine_ew,0,valid,frames5_6_mean,4,16,16-4,target_mean_patch_mass,128,-0.5103473831997576,-0.5210400580484276,-0.4990934346469203,paired held-out trial IDs,paired percentile bootstrap (10000 draws)
affine_ew,0,valid,frames5_6_mean,4,16,16-4,cue_mean_patch_mass,128,-0.5103473831997576,-0.5212851110818975,-0.4992956308191566,paired held-out trial IDs,paired percentile bootstrap (10000 draws)
affine_ew,0,valid,frames5_6_mean,4,16,16-4,target_peak_patch_raw,128,-0.12723779946099967,-0.1525194972695317,-0.1012490761524532,paired held-out trial IDs,paired percentile bootstrap (10000 draws)
affine_ew,0,valid,frames5_6_mean,4,16,16-4,cue_peak_patch_raw,128,-0.12723779946099967,-0.15306802802660968,-0.10177611366816565,paired held-out trial IDs,paired percentile bootstrap (10000 draws)
affine_ew,0,valid,frames5_6_mean,4,16,16-4,target_peak_patch_uniform_ratio,128,6.803436382673681,6.4322998447227295,7.169286276656202,paired held-out trial IDs,paired percentile bootstrap (10000 draws)
affine_ew,0,valid,frames5_6_mean,4,16,16-4,cue_peak_patch_uniform_ratio,128,6.803436382673681,6.425619085843209,7.179449547838885,paired held-out trial IDs,paired percentile bootstrap (10000 draws)
affine_ew,0,valid,frames5_6_mean,4,16,16-4,target_peak_patch_quadrant_share,128,0.1864443377358613,0.17011508894991112,0.20302369245663954,paired held-out trial IDs,paired percentile bootstrap (10000 draws)
affine_ew,0,valid,frames5_6_mean,4,16,16-4,cue_peak_patch_quadrant_share,128,0.1864443377358613,0.1696872461489808,0.20259255361343914,paired held-out trial IDs,paired percentile bootstrap (10000 draws)
affine_ew,0,valid,frames5_6_mean,4,16,16-4,target_within_quadrant_peak_ratio,128,1.6740051448418969,1.5847268616016297,1.7611812378574452,paired held-out trial IDs,paired percentile bootstrap (10000 draws)
affine_ew,0,valid,frames5_6_mean,4,16,16-4,cue_within_quadrant_peak_ratio,128,1.6740051448418969,1.5877403962623802,1.760864679414219,paired held-out trial IDs,paired percentile bootstrap (10000 draws)
affine_ew,0,valid,frames5_6_mean,4,16,16-4,target_minus_cue_total_mass,128,0.0,0.0,0.0,paired held-out trial IDs,paired percentile bootstrap (10000 draws)
affine_ew,0,valid,frames5_6_mean,4,16,16-4,target_minus_other_total_mass,128,0.22456101455113262,0.20292489924819965,0.2457535376248804,paired held-out trial IDs,paired percentile bootstrap (10000 draws)
affine_ew,0,valid,frames5_6_mean,4,16,16-4,target_minus_cue_peak_share,128,0.0,0.0,0.0,paired held-out trial IDs,paired percentile bootstrap (10000 draws)
affine_ew,0,valid,frames5_6_mean,4,16,16-4,target_minus_other_peak_share,128,0.24859245031448174,0.2262928576568282,0.2698206849225185,paired held-out trial IDs,paired percentile bootstrap (10000 draws)
affine_ew,0,valid,frames5_6_mean,4,16,16-4,target_argmax_total,128,0.0,0.0,0.0,paired held-out trial IDs,paired percentile bootstrap (10000 draws)
affine_ew,0,valid,frames5_6_mean,4,16,16-4,target_argmax_peak,128,0.0,0.0,0.0,paired held-out trial IDs,paired percentile bootstrap (10000 draws)
affine_ew,0,valid,frames5_6_mean,16,100,100-16,target_total_quadrant_mass,128,-0.2521139099684433,-0.2673437614593297,-0.23622875529231066,paired held-out trial IDs,paired percentile bootstrap (10000 draws)
affine_ew,0,valid,frames5_6_mean,16,100,100-16,cue_total_quadrant_mass,128,-0.2521139099684433,-0.2673104981686805,-0.23634907657396698,paired held-out trial IDs,paired percentile bootstrap (10000 draws)
affine_ew,0,valid,frames5_6_mean,16,100,100-16,target_mean_patch_mass,128,-0.20013963669441864,-0.20296762527446469,-0.1970468303259631,paired held-out trial IDs,paired percentile bootstrap (10000 draws)
affine_ew,0,valid,frames5_6_mean,16,100,100-16,cue_mean_patch_mass,128,-0.20013963669441864,-0.20289533791125702,-0.1970124749366101,paired held-out trial IDs,paired percentile bootstrap (10000 draws)
affine_ew,0,valid,frames5_6_mean,16,100,100-16,target_peak_patch_raw,128,-0.29199512727791443,-0.3186177880765172,-0.26435783979250116,paired held-out trial IDs,paired percentile bootstrap (10000 draws)
affine_ew,0,valid,frames5_6_mean,16,100,100-16,cue_peak_patch_raw,128,-0.29199512727791443,-0.31922203523099596,-0.2654003170282522,paired held-out trial IDs,paired percentile bootstrap (10000 draws)
affine_ew,0,valid,frames5_6_mean,16,100,100-16,target_peak_patch_uniform_ratio,128,21.987200335832313,20.433100359581296,23.632408674176258,paired held-out trial IDs,paired percentile bootstrap (10000 draws)
affine_ew,0,valid,frames5_6_mean,16,100,100-16,cue_peak_patch_uniform_ratio,128,21.987200335832313,20.42504979782825,23.60052721401589,paired held-out trial IDs,paired percentile bootstrap (10000 draws)
affine_ew,0,valid,frames5_6_mean,16,100,100-16,target_peak_patch_quadrant_share,128,-0.06398540614914251,-0.0827375641784713,-0.04602743164715952,paired held-out trial IDs,paired percentile bootstrap (10000 draws)
affine_ew,0,valid,frames5_6_mean,16,100,100-16,cue_peak_patch_quadrant_share,128,-0.06398540614914251,-0.08224852311555654,-0.04566960978551106,paired held-out trial IDs,paired percentile bootstrap (10000 draws)
affine_ew,0,valid,frames5_6_mean,16,100,100-16,target_within_quadrant_peak_ratio,128,8.857645569038205,8.363372394496501,9.366347248665276,paired held-out trial IDs,paired percentile bootstrap (10000 draws)
affine_ew,0,valid,frames5_6_mean,16,100,100-16,cue_within_quadrant_peak_ratio,128,8.857645569038205,8.348844552920147,9.368483989877324,paired held-out trial IDs,paired percentile bootstrap (10000 draws)
affine_ew,0,valid,frames5_6_mean,16,100,100-16,target_minus_cue_total_mass,128,0.0,0.0,0.0,paired held-out trial IDs,paired percentile bootstrap (10000 draws)
affine_ew,0,valid,frames5_6_mean,16,100,100-16,target_minus_other_total_mass,128,-0.3361518796562517,-0.3562412084469156,-0.31488500682367077,paired held-out trial IDs,paired percentile bootstrap (10000 draws)
affine_ew,0,valid,frames5_6_mean,16,100,100-16,target_minus_cue_peak_share,128,0.0,0.0,0.0,paired held-out trial IDs,paired percentile bootstrap (10000 draws)
affine_ew,0,valid,frames5_6_mean,16,100,100-16,target_minus_other_peak_share,128,-0.08531387486552335,-0.10942938520511694,-0.06102855935654802,paired held-out trial IDs,paired percentile bootstrap (10000 draws)
affine_ew,0,valid,frames5_6_mean,16,100,100-16,target_argmax_total,128,0.0,0.0,0.0,paired held-out trial IDs,paired percentile bootstrap (10000 draws)
affine_ew,0,valid,frames5_6_mean,16,100,100-16,target_argmax_peak,128,0.0,0.0,0.0,paired held-out trial IDs,paired percentile bootstrap (10000 draws)
affine_ew,0,valid,frames5_6_mean,4,100,100-4,target_total_quadrant_mass,128,-0.08369314925505478,-0.0979409307381303,-0.06944296143712733,paired held-out trial IDs,paired percentile bootstrap (10000 draws)
affine_ew,0,valid,frames5_6_mean,4,100,100-4,cue_total_quadrant_mass,128,-0.08369314925505478,-0.09801932429600413,-0.06911455834607523,paired held-out trial IDs,paired percentile bootstrap (10000 draws)
affine_ew,0,valid,frames5_6_mean,4,100,100-4,target_mean_patch_mass,128,-0.7104870198941762,-0.7205917356424064,-0.6999638738734586,paired held-out trial IDs,paired percentile bootstrap (10000 draws)
affine_ew,0,valid,frames5_6_mean,4,100,100-4,cue_mean_patch_mass,128,-0.7104870198941762,-0.7204963494238958,-0.7002397179834743,paired held-out trial IDs,paired percentile bootstrap (10000 draws)
affine_ew,0,valid,frames5_6_mean,4,100,100-4,target_peak_patch_raw,128,-0.4192329267389141,-0.4382236447567266,-0.40055381520360245,paired held-out trial IDs,paired percentile bootstrap (10000 draws)
affine_ew,0,valid,frames5_6_mean,4,100,100-4,cue_peak_patch_raw,128,-0.4192329267389141,-0.4382376549699984,-0.4009999159297877,paired held-out trial IDs,paired percentile bootstrap (10000 draws)
affine_ew,0,valid,frames5_6_mean,4,100,100-4,target_peak_patch_uniform_ratio,128,28.790636718505993,27.21332990589435,30.393951671053948,paired held-out trial IDs,paired percentile bootstrap (10000 draws)
affine_ew,0,valid,frames5_6_mean,4,100,100-4,cue_peak_patch_uniform_ratio,128,28.790636718505993,27.20440474361385,30.413135010217957,paired held-out trial IDs,paired percentile bootstrap (10000 draws)
affine_ew,0,valid,frames5_6_mean,4,100,100-4,target_peak_patch_quadrant_share,128,0.1224589315867188,0.10604580716591945,0.13845696991784887,paired held-out trial IDs,paired percentile bootstrap (10000 draws)
affine_ew,0,valid,frames5_6_mean,4,100,100-4,cue_peak_patch_quadrant_share,128,0.1224589315867188,0.10647882688206696,0.13876851224664805,paired held-out trial IDs,paired percentile bootstrap (10000 draws)
affine_ew,0,valid,frames5_6_mean,4,100,100-4,target_within_quadrant_peak_ratio,128,10.5316507138801,10.017609471480341,11.047818061650224,paired held-out trial IDs,paired percentile bootstrap (10000 draws)
affine_ew,0,valid,frames5_6_mean,4,100,100-4,cue_within_quadrant_peak_ratio,128,10.5316507138801,10.027339802589704,11.062974420222899,paired held-out trial IDs,paired percentile bootstrap (10000 draws)
affine_ew,0,valid,frames5_6_mean,4,100,100-4,target_minus_cue_total_mass,128,0.0,0.0,0.0,paired held-out trial IDs,paired percentile bootstrap (10000 draws)
affine_ew,0,valid,frames5_6_mean,4,100,100-4,target_minus_other_total_mass,128,-0.11159086510511902,-0.13048824560070404,-0.09236793471953356,paired held-out trial IDs,paired percentile bootstrap (10000 draws)
affine_ew,0,valid,frames5_6_mean,4,100,100-4,target_minus_cue_peak_share,128,0.0,0.0,0.0,paired held-out trial IDs,paired percentile bootstrap (10000 draws)
affine_ew,0,valid,frames5_6_mean,4,100,100-4,target_minus_other_peak_share,128,0.16327857544895838,0.1415126490564431,0.1852955207422222,paired held-out trial IDs,paired percentile bootstrap (10000 draws)
affine_ew,0,valid,frames5_6_mean,4,100,100-4,target_argmax_total,128,0.0,0.0,0.0,paired held-out trial IDs,paired percentile bootstrap (10000 draws)
affine_ew,0,valid,frames5_6_mean,4,100,100-4,target_argmax_peak,128,0.0,0.0,0.0,paired held-out trial IDs,paired percentile bootstrap (10000 draws)
crossattn1,0,invalid,frame5,4,16,16-4,target_total_quadrant_mass,128,0.014619459194364026,0.002627015047619352,0.026538168585830132,paired held-out trial IDs,paired percentile bootstrap (10000 draws)
crossattn1,0,invalid,frame5,4,16,16-4,cue_total_quadrant_mass,128,-0.03423957776976749,-0.05923550152801908,-0.008570780362788355,paired held-out trial IDs,paired percentile bootstrap (10000 draws)
crossattn1,0,invalid,frame5,4,16,16-4,target_mean_patch_mass,128,-0.12404501053242711,-0.13399414933128356,-0.11457824519502538,paired held-out trial IDs,paired percentile bootstrap (10000 draws)
crossattn1,0,invalid,frame5,4,16,16-4,cue_mean_patch_mass,128,-0.36802671397163067,-0.388781571081563,-0.3470395375603402,paired held-out trial IDs,paired percentile bootstrap (10000 draws)
crossattn1,0,invalid,frame5,4,16,16-4,target_peak_patch_raw,128,-0.10553848231211305,-0.11628760627136217,-0.0951127793865453,paired held-out trial IDs,paired percentile bootstrap (10000 draws)
crossattn1,0,invalid,frame5,4,16,16-4,cue_peak_patch_raw,128,-0.28868395561585203,-0.31295960981224197,-0.26466078559315065,paired held-out trial IDs,paired percentile bootstrap (10000 draws)
crossattn1,0,invalid,frame5,4,16,16-4,target_peak_patch_uniform_ratio,128,0.3545822883024812,0.28346590960863977,0.4286855960963294,paired held-out trial IDs,paired percentile bootstrap (10000 draws)
crossattn1,0,invalid,frame5,4,16,16-4,cue_peak_patch_uniform_ratio,128,1.1325258226133883,0.8882209698087535,1.3790538470842875,paired held-out trial IDs,paired percentile bootstrap (10000 draws)
crossattn1,0,invalid,frame5,4,16,16-4,target_peak_patch_quadrant_share,128,0.005912042509731568,-0.00878008078296475,0.021120700481025777,paired held-out trial IDs,paired percentile bootstrap (10000 draws)
crossattn1,0,invalid,frame5,4,16,16-4,cue_peak_patch_quadrant_share,128,0.0030594918487518693,-0.027396654680139982,0.03361864893844412,paired held-out trial IDs,paired percentile bootstrap (10000 draws)
crossattn1,0,invalid,frame5,4,16,16-4,target_within_quadrant_peak_ratio,128,0.38018609193583386,0.34658131390870445,0.41508942123195947,paired held-out trial IDs,paired percentile bootstrap (10000 draws)
crossattn1,0,invalid,frame5,4,16,16-4,cue_within_quadrant_peak_ratio,128,0.6645756378983738,0.576201247423529,0.7529507252167923,paired held-out trial IDs,paired percentile bootstrap (10000 draws)
crossattn1,0,invalid,frame5,4,16,16-4,target_minus_cue_total_mass,128,0.04885903696413152,0.015394984141676105,0.08183234371099386,paired held-out trial IDs,paired percentile bootstrap (10000 draws)
crossattn1,0,invalid,frame5,4,16,16-4,target_minus_other_total_mass,128,0.019492610364977736,0.0040240289317807825,0.03535560727608146,paired held-out trial IDs,paired percentile bootstrap (10000 draws)
crossattn1,0,invalid,frame5,4,16,16-4,target_minus_cue_peak_share,128,0.0028525506609796995,-0.03781877964456859,0.04278381458639039,paired held-out trial IDs,paired percentile bootstrap (10000 draws)
crossattn1,0,invalid,frame5,4,16,16-4,target_minus_other_peak_share,128,0.007882723346308752,-0.011949473743063353,0.027966784611565324,paired held-out trial IDs,paired percentile bootstrap (10000 draws)
crossattn1,0,invalid,frame5,4,16,16-4,target_argmax_total,128,-0.015625,-0.046875,0.015625,paired held-out trial IDs,paired percentile bootstrap (10000 draws)
crossattn1,0,invalid,frame5,4,16,16-4,target_argmax_peak,128,0.015625,-0.0234375,0.0625,paired held-out trial IDs,paired percentile bootstrap (10000 draws)
crossattn1,0,invalid,frame5,16,100,100-16,target_total_quadrant_mass,128,0.0511341646706569,0.043042952875703124,0.05894628055125395,paired held-out trial IDs,paired percentile bootstrap (10000 draws)
crossattn1,0,invalid,frame5,16,100,100-16,cue_total_quadrant_mass,128,-0.16238078684000357,-0.17790223541082922,-0.14730779092847116,paired held-out trial IDs,paired percentile bootstrap (10000 draws)
crossattn1,0,invalid,frame5,16,100,100-16,target_mean_patch_mass,128,-0.036780684936675245,-0.03878571725286019,-0.03483380439206303,paired held-out trial IDs,paired percentile bootstrap (10000 draws)
crossattn1,0,invalid,frame5,16,100,100-16,cue_mean_patch_mass,128,-0.09995562961012183,-0.10386572558669833,-0.09595912329545536,paired held-out trial IDs,paired percentile bootstrap (10000 draws)
crossattn1,0,invalid,frame5,16,100,100-16,target_peak_patch_raw,128,-0.05108607439615298,-0.055149295872615765,-0.04722823488227732,paired held-out trial IDs,paired percentile bootstrap (10000 draws)
crossattn1,0,invalid,frame5,16,100,100-16,cue_peak_patch_raw,128,-0.17154281803959748,-0.186425517851967,-0.15761827941805678,paired held-out trial IDs,paired percentile bootstrap (10000 draws)
crossattn1,0,invalid,frame5,16,100,100-16,target_peak_patch_uniform_ratio,128,0.32854608324123546,0.2633701204948011,0.39141723682041624,paired held-out trial IDs,paired percentile bootstrap (10000 draws)
crossattn1,0,invalid,frame5,16,100,100-16,cue_peak_patch_uniform_ratio,128,-1.143450288422173,-1.3733287745555571,-0.9218303770256171,paired held-out trial IDs,paired percentile bootstrap (10000 draws)
crossattn1,0,invalid,frame5,16,100,100-16,target_peak_patch_quadrant_share,128,0.057225782650122736,0.045160733520398615,0.06897552295594096,paired held-out trial IDs,paired percentile bootstrap (10000 draws)
crossattn1,0,invalid,frame5,16,100,100-16,cue_peak_patch_quadrant_share,128,-0.16471613813413188,-0.18697141881155177,-0.1426915207667748,paired held-out trial IDs,paired percentile bootstrap (10000 draws)
crossattn1,0,invalid,frame5,16,100,100-16,target_within_quadrant_peak_ratio,128,0.06502929409564501,0.031016431529081276,0.09818366957373696,paired held-out trial IDs,paired percentile bootstrap (10000 draws)
crossattn1,0,invalid,frame5,16,100,100-16,cue_within_quadrant_peak_ratio,128,0.011195765564495662,-0.0949305378032203,0.12091143846215927,paired held-out trial IDs,paired percentile bootstrap (10000 draws)
crossattn1,0,invalid,frame5,16,100,100-16,target_minus_cue_total_mass,128,0.21351495151066047,0.19310758824453841,0.23426638524979354,paired held-out trial IDs,paired percentile bootstrap (10000 draws)
crossattn1,0,invalid,frame5,16,100,100-16,target_minus_other_total_mass,128,0.06817888625240205,0.057174643771835086,0.07874833660333327,paired held-out trial IDs,paired percentile bootstrap (10000 draws)
crossattn1,0,invalid,frame5,16,100,100-16,target_minus_cue_peak_share,128,0.22194192078425462,0.19087547207839264,0.2526318125354429,paired held-out trial IDs,paired percentile bootstrap (10000 draws)
crossattn1,0,invalid,frame5,16,100,100-16,target_minus_other_peak_share,128,0.07630104353349698,0.060235013233886595,0.09241392090616328,paired held-out trial IDs,paired percentile bootstrap (10000 draws)
crossattn1,0,invalid,frame5,16,100,100-16,target_argmax_total,128,-0.0078125,-0.0234375,0.0,paired held-out trial IDs,paired percentile bootstrap (10000 draws)
crossattn1,0,invalid,frame5,16,100,100-16,target_argmax_peak,128,-0.0390625,-0.078125,-0.0078125,paired held-out trial IDs,paired percentile bootstrap (10000 draws)
crossattn1,0,invalid,frame5,4,100,100-4,target_total_quadrant_mass,128,0.06575362386502093,0.05599417079274645,0.07544906761363562,paired held-out trial IDs,paired percentile bootstrap (10000 draws)
crossattn1,0,invalid,frame5,4,100,100-4,cue_total_quadrant_mass,128,-0.19662036460977106,-0.21699368245695042,-0.1763304706978488,paired held-out trial IDs,paired percentile bootstrap (10000 draws)
crossattn1,0,invalid,frame5,4,100,100-4,target_mean_patch_mass,128,-0.16082569546910236,-0.17073770169657476,-0.15103644029606586,paired held-out trial IDs,paired percentile bootstrap (10000 draws)
crossattn1,0,invalid,frame5,4,100,100-4,cue_mean_patch_mass,128,-0.4679823435817525,-0.48878035563346023,-0.4484213535960735,paired held-out trial IDs,paired percentile bootstrap (10000 draws)
crossattn1,0,invalid,frame5,4,100,100-4,target_peak_patch_raw,128,-0.15662455670826603,-0.16657445613946037,-0.1468725270671712,paired held-out trial IDs,paired percentile bootstrap (10000 draws)
crossattn1,0,invalid,frame5,4,100,100-4,cue_peak_patch_raw,128,-0.4602267736554495,-0.4807685323014084,-0.43972280565540134,paired held-out trial IDs,paired percentile bootstrap (10000 draws)
crossattn1,0,invalid,frame5,4,100,100-4,target_peak_patch_uniform_ratio,128,0.6831283715437166,0.6432871383083694,0.7222769860913104,paired held-out trial IDs,paired percentile bootstrap (10000 draws)
crossattn1,0,invalid,frame5,4,100,100-4,cue_peak_patch_uniform_ratio,128,-0.01092446580878459,-0.13463689049967797,0.12032975871479717,paired held-out trial IDs,paired percentile bootstrap (10000 draws)
crossattn1,0,invalid,frame5,4,100,100-4,target_peak_patch_quadrant_share,128,0.0631378251598543,0.05310504447826278,0.0727948284499302,paired held-out trial IDs,paired percentile bootstrap (10000 draws)
crossattn1,0,invalid,frame5,4,100,100-4,cue_peak_patch_quadrant_share,128,-0.16165664628538,-0.18438999753247268,-0.13952399834475127,paired held-out trial IDs,paired percentile bootstrap (10000 draws)
crossattn1,0,invalid,frame5,4,100,100-4,target_within_quadrant_peak_ratio,128,0.4452153860314789,0.4404560142215048,0.4498654732078704,paired held-out trial IDs,paired percentile bootstrap (10000 draws)
crossattn1,0,invalid,frame5,4,100,100-4,cue_within_quadrant_peak_ratio,128,0.6757714034628697,0.5976501367539345,0.758366588327819,paired held-out trial IDs,paired percentile bootstrap (10000 draws)
crossattn1,0,invalid,frame5,4,100,100-4,target_minus_cue_total_mass,128,0.262373988474792,0.2349507328974596,0.2898386027362903,paired held-out trial IDs,paired percentile bootstrap (10000 draws)
crossattn1,0,invalid,frame5,4,100,100-4,target_minus_other_total_mass,128,0.08767149661737977,0.07445679429609604,0.10042102725140768,paired held-out trial IDs,paired percentile bootstrap (10000 draws)
crossattn1,0,invalid,frame5,4,100,100-4,target_minus_cue_peak_share,128,0.2247944714452343,0.19510653081931298,0.25473809975633854,paired held-out trial IDs,paired percentile bootstrap (10000 draws)
crossattn1,0,invalid,frame5,4,100,100-4,target_minus_other_peak_share,128,0.08418376687980572,0.07091683849474567,0.09728379838601257,paired held-out trial IDs,paired percentile bootstrap (10000 draws)
crossattn1,0,invalid,frame5,4,100,100-4,target_argmax_total,128,-0.0234375,-0.0546875,0.0,paired held-out trial IDs,paired percentile bootstrap (10000 draws)
crossattn1,0,invalid,frame5,4,100,100-4,target_argmax_peak,128,-0.0234375,-0.0546875,0.0,paired held-out trial IDs,paired percentile bootstrap (10000 draws)
crossattn1,0,invalid,frame6,4,16,16-4,target_total_quadrant_mass,128,-0.32455299440334784,-0.349622485043983,-0.2981226735526434,paired held-out trial IDs,paired percentile bootstrap (10000 draws)
crossattn1,0,invalid,frame6,4,16,16-4,cue_total_quadrant_mass,128,0.17842477791873534,0.15771260962326322,0.19784915568861833,paired held-out trial IDs,paired percentile bootstrap (10000 draws)
crossattn1,0,invalid,frame6,4,16,16-4,target_mean_patch_mass,128,-0.7140169702634012,-0.7422214760356838,-0.6820683839804133,paired held-out trial IDs,paired percentile bootstrap (10000 draws)
crossattn1,0,invalid,frame6,4,16,16-4,cue_mean_patch_mass,128,-0.02417246656750649,-0.044507625524443026,-0.006146083673547767,paired held-out trial IDs,paired percentile bootstrap (10000 draws)
crossattn1,0,invalid,frame6,4,16,16-4,target_peak_patch_raw,128,-0.5917821394396015,-0.6197942563914693,-0.5628580554024666,paired held-out trial IDs,paired percentile bootstrap (10000 draws)
crossattn1,0,invalid,frame6,4,16,16-4,cue_peak_patch_raw,128,0.031555600352476176,0.009663142566387251,0.05169032412484285,paired held-out trial IDs,paired percentile bootstrap (10000 draws)
crossattn1,0,invalid,frame6,4,16,16-4,target_peak_patch_uniform_ratio,128,0.657545315567404,0.45131540700094774,0.8669183933292516,paired held-out trial IDs,paired percentile bootstrap (10000 draws)
crossattn1,0,invalid,frame6,4,16,16-4,cue_peak_patch_uniform_ratio,128,1.605348182394664,1.4276249748540977,1.7934576287974777,paired held-out trial IDs,paired percentile bootstrap (10000 draws)
crossattn1,0,invalid,frame6,4,16,16-4,target_peak_patch_quadrant_share,128,-0.2872481469006706,-0.31575642942296595,-0.25856279690537964,paired held-out trial IDs,paired percentile bootstrap (10000 draws)
crossattn1,0,invalid,frame6,4,16,16-4,cue_peak_patch_quadrant_share,128,0.17911651948918653,0.1551368233065293,0.20324248044108026,paired held-out trial IDs,paired percentile bootstrap (10000 draws)
crossattn1,0,invalid,frame6,4,16,16-4,target_within_quadrant_peak_ratio,128,0.9199340383185496,0.8544757921223975,0.9867000642728664,paired held-out trial IDs,paired percentile bootstrap (10000 draws)
crossattn1,0,invalid,frame6,4,16,16-4,cue_within_quadrant_peak_ratio,128,0.7773210265738217,0.6831240522817852,0.8763771412892551,paired held-out trial IDs,paired percentile bootstrap (10000 draws)
crossattn1,0,invalid,frame6,4,16,16-4,target_minus_cue_total_mass,128,-0.5029777723220832,-0.5461631117204433,-0.45731562208020476,paired held-out trial IDs,paired percentile bootstrap (10000 draws)
crossattn1,0,invalid,frame6,4,16,16-4,target_minus_other_total_mass,128,-0.4327373258626419,-0.46597924769708926,-0.39757912513194166,paired held-out trial IDs,paired percentile bootstrap (10000 draws)
crossattn1,0,invalid,frame6,4,16,16-4,target_minus_cue_peak_share,128,-0.4663646663898571,-0.5174856418634727,-0.4152413810422762,paired held-out trial IDs,paired percentile bootstrap (10000 draws)
crossattn1,0,invalid,frame6,4,16,16-4,target_minus_other_peak_share,128,-0.38299752920089414,-0.42117527625166074,-0.3447418235559345,paired held-out trial IDs,paired percentile bootstrap (10000 draws)
crossattn1,0,invalid,frame6,4,16,16-4,target_argmax_total,128,-0.078125,-0.1328125,-0.03125,paired held-out trial IDs,paired percentile bootstrap (10000 draws)
crossattn1,0,invalid,frame6,4,16,16-4,target_argmax_peak,128,-0.0859375,-0.1484375,-0.0234375,paired held-out trial IDs,paired percentile bootstrap (10000 draws)
crossattn1,0,invalid,frame6,16,100,100-16,target_total_quadrant_mass,128,-0.218403253784345,-0.23736959879397546,-0.19903201289484967,paired held-out trial IDs,paired percentile bootstrap (10000 draws)
crossattn1,0,invalid,frame6,16,100,100-16,cue_total_quadrant_mass,128,-0.007705536992943962,-0.022906128383601752,0.00716138890206821,paired held-out trial IDs,paired percentile bootstrap (10000 draws)
crossattn1,0,invalid,frame6,16,100,100-16,target_mean_patch_mass,128,-0.11778604339218873,-0.12321622990476316,-0.11227598732296247,paired held-out trial IDs,paired percentile bootstrap (10000 draws)
crossattn1,0,invalid,frame6,16,100,100-16,cue_mean_patch_mass,128,-0.05703544993586547,-0.061209022794419074,-0.05300994420950883,paired held-out trial IDs,paired percentile bootstrap (10000 draws)
crossattn1,0,invalid,frame6,16,100,100-16,target_peak_patch_raw,128,-0.20700818171462743,-0.22120322902555928,-0.19338358431468805,paired held-out trial IDs,paired percentile bootstrap (10000 draws)
crossattn1,0,invalid,frame6,16,100,100-16,cue_peak_patch_raw,128,-0.10384192545461701,-0.11431306638332898,-0.09340092171569268,paired held-out trial IDs,paired percentile bootstrap (10000 draws)
crossattn1,0,invalid,frame6,16,100,100-16,target_peak_patch_uniform_ratio,128,0.47189894181792624,0.15581732416903835,0.7964270720236527,paired held-out trial IDs,paired percentile bootstrap (10000 draws)
crossattn1,0,invalid,frame6,16,100,100-16,cue_peak_patch_uniform_ratio,128,-0.030312078568385914,-0.18509832826530329,0.1232356697488285,paired held-out trial IDs,paired percentile bootstrap (10000 draws)
crossattn1,0,invalid,frame6,16,100,100-16,target_peak_patch_quadrant_share,128,-0.061081414100335345,-0.08210019926235465,-0.0389716952952713,paired held-out trial IDs,paired percentile bootstrap (10000 draws)
crossattn1,0,invalid,frame6,16,100,100-16,cue_peak_patch_quadrant_share,128,-0.049405126369132205,-0.06608501136465585,-0.03283535039872008,paired held-out trial IDs,paired percentile bootstrap (10000 draws)
crossattn1,0,invalid,frame6,16,100,100-16,target_within_quadrant_peak_ratio,128,1.7419429057448657,1.5283352888580521,1.9547482496411352,paired held-out trial IDs,paired percentile bootstrap (10000 draws)
crossattn1,0,invalid,frame6,16,100,100-16,cue_within_quadrant_peak_ratio,128,0.036849511778013364,-0.08573774829366237,0.16765889704771508,paired held-out trial IDs,paired percentile bootstrap (10000 draws)
crossattn1,0,invalid,frame6,16,100,100-16,target_minus_cue_total_mass,128,-0.21069771679140104,-0.2417200793869597,-0.17701529018918338,paired held-out trial IDs,paired percentile bootstrap (10000 draws)
crossattn1,0,invalid,frame6,16,100,100-16,target_minus_other_total_mass,128,-0.29120433940624935,-0.31685012999138656,-0.26538674568876863,paired held-out trial IDs,paired percentile bootstrap (10000 draws)
crossattn1,0,invalid,frame6,16,100,100-16,target_minus_cue_peak_share,128,-0.011676287731203147,-0.04722680320116645,0.024379470324165473,paired held-out trial IDs,paired percentile bootstrap (10000 draws)
crossattn1,0,invalid,frame6,16,100,100-16,target_minus_other_peak_share,128,-0.08144188546711381,-0.10913822858965788,-0.05290100300493825,paired held-out trial IDs,paired percentile bootstrap (10000 draws)
crossattn1,0,invalid,frame6,16,100,100-16,target_argmax_total,128,0.0078125,-0.0546875,0.0703125,paired held-out trial IDs,paired percentile bootstrap (10000 draws)
crossattn1,0,invalid,frame6,16,100,100-16,target_argmax_peak,128,0.046875,-0.015625,0.109375,paired held-out trial IDs,paired percentile bootstrap (10000 draws)
crossattn1,0,invalid,frame6,4,100,100-4,target_total_quadrant_mass,128,-0.5429562481876928,-0.5727183558617526,-0.5096677596076007,paired held-out trial IDs,paired percentile bootstrap (10000 draws)
crossattn1,0,invalid,frame6,4,100,100-4,cue_total_quadrant_mass,128,0.17071924092579138,0.14930749625796125,0.18998921031147803,paired held-out trial IDs,paired percentile bootstrap (10000 draws)
crossattn1,0,invalid,frame6,4,100,100-4,target_mean_patch_mass,128,-0.8318030136555898,-0.8631582974046141,-0.7966840424219462,paired held-out trial IDs,paired percentile bootstrap (10000 draws)
crossattn1,0,invalid,frame6,4,100,100-4,cue_mean_patch_mass,128,-0.08120791650337197,-0.10319861477644646,-0.06107929572528065,paired held-out trial IDs,paired percentile bootstrap (10000 draws)
crossattn1,0,invalid,frame6,4,100,100-4,target_peak_patch_raw,128,-0.7987903211542289,-0.8290496609648471,-0.7653957565928067,paired held-out trial IDs,paired percentile bootstrap (10000 draws)
crossattn1,0,invalid,frame6,4,100,100-4,cue_peak_patch_raw,128,-0.07228632510214084,-0.09444019558357013,-0.05261927630754144,paired held-out trial IDs,paired percentile bootstrap (10000 draws)
crossattn1,0,invalid,frame6,4,100,100-4,target_peak_patch_uniform_ratio,128,1.1294442573853303,0.8478839563424116,1.4150592548605345,paired held-out trial IDs,paired percentile bootstrap (10000 draws)
crossattn1,0,invalid,frame6,4,100,100-4,cue_peak_patch_uniform_ratio,128,1.5750361038262781,1.4009410285872945,1.7797710682910293,paired held-out trial IDs,paired percentile bootstrap (10000 draws)
crossattn1,0,invalid,frame6,4,100,100-4,target_peak_patch_quadrant_share,128,-0.3483295610010059,-0.3769034800544294,-0.31901424211675417,paired held-out trial IDs,paired percentile bootstrap (10000 draws)
crossattn1,0,invalid,frame6,4,100,100-4,cue_peak_patch_quadrant_share,128,0.1297113931200543,0.10840250215821096,0.15058959476079756,paired held-out trial IDs,paired percentile bootstrap (10000 draws)
crossattn1,0,invalid,frame6,4,100,100-4,target_within_quadrant_peak_ratio,128,2.6618769440634154,2.4521015182850774,2.8694994414299413,paired held-out trial IDs,paired percentile bootstrap (10000 draws)
crossattn1,0,invalid,frame6,4,100,100-4,cue_within_quadrant_peak_ratio,128,0.814170538351835,0.6900284324230264,0.9559043398915263,paired held-out trial IDs,paired percentile bootstrap (10000 draws)
crossattn1,0,invalid,frame6,4,100,100-4,target_minus_cue_total_mass,128,-0.7136754891134842,-0.7617203290962152,-0.66150313042574,paired held-out trial IDs,paired percentile bootstrap (10000 draws)
crossattn1,0,invalid,frame6,4,100,100-4,target_minus_other_total_mass,128,-0.7239416652688913,-0.7636830472830713,-0.6794155876528559,paired held-out trial IDs,paired percentile bootstrap (10000 draws)
crossattn1,0,invalid,frame6,4,100,100-4,target_minus_cue_peak_share,128,-0.47804095412106024,-0.5261921875070488,-0.4281493138331499,paired held-out trial IDs,paired percentile bootstrap (10000 draws)
crossattn1,0,invalid,frame6,4,100,100-4,target_minus_other_peak_share,128,-0.4644394146680079,-0.5028083746248909,-0.42544765529501977,paired held-out trial IDs,paired percentile bootstrap (10000 draws)
crossattn1,0,invalid,frame6,4,100,100-4,target_argmax_total,128,-0.0703125,-0.125,-0.0234375,paired held-out trial IDs,paired percentile bootstrap (10000 draws)
crossattn1,0,invalid,frame6,4,100,100-4,target_argmax_peak,128,-0.0390625,-0.0859375,0.0078125,paired held-out trial IDs,paired percentile bootstrap (10000 draws)
crossattn1,0,invalid,frames5_6_mean,4,16,16-4,target_total_quadrant_mass,128,-0.1549667676044919,-0.1712854300551953,-0.13892090310437197,paired held-out trial IDs,paired percentile bootstrap (10000 draws)
crossattn1,0,invalid,frames5_6_mean,4,16,16-4,cue_total_quadrant_mass,128,0.07209260007448393,0.051240082543984045,0.09191844345950811,paired held-out trial IDs,paired percentile bootstrap (10000 draws)
crossattn1,0,invalid,frames5_6_mean,4,16,16-4,target_mean_patch_mass,128,-0.41903099039791414,-0.4351444960670278,-0.40182496292352426,paired held-out trial IDs,paired percentile bootstrap (10000 draws)
crossattn1,0,invalid,frames5_6_mean,4,16,16-4,cue_mean_patch_mass,128,-0.19609959026956858,-0.2134584020611328,-0.17981507037404754,paired held-out trial IDs,paired percentile bootstrap (10000 draws)
crossattn1,0,invalid,frames5_6_mean,4,16,16-4,target_peak_patch_raw,128,-0.34866031087585725,-0.36468148258172733,-0.3318775549993006,paired held-out trial IDs,paired percentile bootstrap (10000 draws)
crossattn1,0,invalid,frames5_6_mean,4,16,16-4,cue_peak_patch_raw,128,-0.12856417763168793,-0.148118051848337,-0.10998607806354813,paired held-out trial IDs,paired percentile bootstrap (10000 draws)
crossattn1,0,invalid,frames5_6_mean,4,16,16-4,target_peak_patch_uniform_ratio,128,0.5060638019349426,0.38536274919169955,0.6257794013537932,paired held-out trial IDs,paired percentile bootstrap (10000 draws)
crossattn1,0,invalid,frames5_6_mean,4,16,16-4,cue_peak_patch_uniform_ratio,128,1.3689370025040262,1.1789345635441806,1.5665268019527958,paired held-out trial IDs,paired percentile bootstrap (10000 draws)
crossattn1,0,invalid,frames5_6_mean,4,16,16-4,target_peak_patch_quadrant_share,128,-0.14066805219546952,-0.15926654587827085,-0.12191371655234547,paired held-out trial IDs,paired percentile bootstrap (10000 draws)
crossattn1,0,invalid,frames5_6_mean,4,16,16-4,cue_peak_patch_quadrant_share,128,0.09108800566896921,0.06683685975372242,0.11463491672132411,paired held-out trial IDs,paired percentile bootstrap (10000 draws)
crossattn1,0,invalid,frames5_6_mean,4,16,16-4,target_within_quadrant_peak_ratio,128,0.6500600651271918,0.6136260158482542,0.6867241123709008,paired held-out trial IDs,paired percentile bootstrap (10000 draws)
crossattn1,0,invalid,frames5_6_mean,4,16,16-4,cue_within_quadrant_peak_ratio,128,0.7209483322360977,0.634691638542659,0.8120371817725422,paired held-out trial IDs,paired percentile bootstrap (10000 draws)
crossattn1,0,invalid,frames5_6_mean,4,16,16-4,target_minus_cue_total_mass,128,-0.22705936767897583,-0.25961096110089554,-0.19447876986334905,paired held-out trial IDs,paired percentile bootstrap (10000 draws)
crossattn1,0,invalid,frames5_6_mean,4,16,16-4,target_minus_other_total_mass,128,-0.20662235774883206,-0.22806882147306357,-0.18489154507199335,paired held-out trial IDs,paired percentile bootstrap (10000 draws)
crossattn1,0,invalid,frames5_6_mean,4,16,16-4,target_minus_cue_peak_share,128,-0.2317560578644387,-0.27018887168502037,-0.19093180823136113,paired held-out trial IDs,paired percentile bootstrap (10000 draws)
crossattn1,0,invalid,frames5_6_mean,4,16,16-4,target_minus_other_peak_share,128,-0.18755740292729267,-0.2115982038878829,-0.16249503763664525,paired held-out trial IDs,paired percentile bootstrap (10000 draws)
crossattn1,0,invalid,frames5_6_mean,4,16,16-4,target_argmax_total,128,-0.375,-0.4609375,-0.2890625,paired held-out trial IDs,paired percentile bootstrap (10000 draws)
crossattn1,0,invalid,frames5_6_mean,4,16,16-4,target_argmax_peak,128,-0.40625,-0.5,-0.3125,paired held-out trial IDs,paired percentile bootstrap (10000 draws)
crossattn1,0,invalid,frames5_6_mean,16,100,100-16,target_total_quadrant_mass,128,-0.08363454455684405,-0.09561311519992159,-0.07138700259456528,paired held-out trial IDs,paired percentile bootstrap (10000 draws)
crossattn1,0,invalid,frames5_6_mean,16,100,100-16,cue_total_quadrant_mass,128,-0.08504316191647376,-0.09866782002975469,-0.07160686931079,paired held-out trial IDs,paired percentile bootstrap (10000 draws)
crossattn1,0,invalid,frames5_6_mean,16,100,100-16,target_mean_patch_mass,128,-0.07728336416443199,-0.08055949424777281,-0.07406563185021606,paired held-out trial IDs,paired percentile bootstrap (10000 draws)
crossattn1,0,invalid,frames5_6_mean,16,100,100-16,cue_mean_patch_mass,128,-0.07849553977299364,-0.08202421929618321,-0.07497086626254076,paired held-out trial IDs,paired percentile bootstrap (10000 draws)
crossattn1,0,invalid,frames5_6_mean,16,100,100-16,target_peak_patch_raw,128,-0.1290471280553902,-0.13688242753696614,-0.12148975904337932,paired held-out trial IDs,paired percentile bootstrap (10000 draws)
crossattn1,0,invalid,frames5_6_mean,16,100,100-16,cue_peak_patch_raw,128,-0.13769237174710725,-0.14974189015429146,-0.12615530805123853,paired held-out trial IDs,paired percentile bootstrap (10000 draws)
crossattn1,0,invalid,frames5_6_mean,16,100,100-16,target_peak_patch_uniform_ratio,128,0.40022251252958085,0.23185231176830712,0.5637013691008177,paired held-out trial IDs,paired percentile bootstrap (10000 draws)
crossattn1,0,invalid,frames5_6_mean,16,100,100-16,cue_peak_patch_uniform_ratio,128,-0.5868811834952794,-0.7671245297999121,-0.41542599019812776,paired held-out trial IDs,paired percentile bootstrap (10000 draws)
crossattn1,0,invalid,frames5_6_mean,16,100,100-16,target_peak_patch_quadrant_share,128,-0.0019278157251063099,-0.01639112064344243,0.012326484872653183,paired held-out trial IDs,paired percentile bootstrap (10000 draws)
crossattn1,0,invalid,frames5_6_mean,16,100,100-16,cue_peak_patch_quadrant_share,128,-0.10706063225163205,-0.12496964752611087,-0.08950871052758887,paired held-out trial IDs,paired percentile bootstrap (10000 draws)
crossattn1,0,invalid,frames5_6_mean,16,100,100-16,target_within_quadrant_peak_ratio,128,0.9034860999202553,0.7962709544203093,1.0112007924583306,paired held-out trial IDs,paired percentile bootstrap (10000 draws)
crossattn1,0,invalid,frames5_6_mean,16,100,100-16,cue_within_quadrant_peak_ratio,128,0.02402263867125451,-0.08033282269286758,0.12840939582869593,paired held-out trial IDs,paired percentile bootstrap (10000 draws)
crossattn1,0,invalid,frames5_6_mean,16,100,100-16,target_minus_cue_total_mass,128,0.0014086173596297158,-0.021882219248027468,0.024320494360836154,paired held-out trial IDs,paired percentile bootstrap (10000 draws)
crossattn1,0,invalid,frames5_6_mean,16,100,100-16,target_minus_other_total_mass,128,-0.11151272657692365,-0.12756311970392745,-0.09557955735825394,paired held-out trial IDs,paired percentile bootstrap (10000 draws)
crossattn1,0,invalid,frames5_6_mean,16,100,100-16,target_minus_cue_peak_share,128,0.10513281652652573,0.07598305461326815,0.13429417458420068,paired held-out trial IDs,paired percentile bootstrap (10000 draws)
crossattn1,0,invalid,frames5_6_mean,16,100,100-16,target_minus_other_peak_share,128,-0.002570420966808416,-0.02161921395427864,0.016649007349705067,paired held-out trial IDs,paired percentile bootstrap (10000 draws)
crossattn1,0,invalid,frames5_6_mean,16,100,100-16,target_argmax_total,128,-0.1015625,-0.1953125,-0.0078125,paired held-out trial IDs,paired percentile bootstrap (10000 draws)
crossattn1,0,invalid,frames5_6_mean,16,100,100-16,target_argmax_peak,128,0.3203125,0.2265625,0.4140625,paired held-out trial IDs,paired percentile bootstrap (10000 draws)
crossattn1,0,invalid,frames5_6_mean,4,100,100-4,target_total_quadrant_mass,128,-0.23860131216133595,-0.255402005790188,-0.22100116291564975,paired held-out trial IDs,paired percentile bootstrap (10000 draws)
crossattn1,0,invalid,frames5_6_mean,4,100,100-4,cue_total_quadrant_mass,128,-0.012950561841989838,-0.029460909492649987,0.0030081301934842463,paired held-out trial IDs,paired percentile bootstrap (10000 draws)
crossattn1,0,invalid,frames5_6_mean,4,100,100-4,target_mean_patch_mass,128,-0.49631435456234607,-0.5137977333394692,-0.4775974362579945,paired held-out trial IDs,paired percentile bootstrap (10000 draws)
crossattn1,0,invalid,frames5_6_mean,4,100,100-4,cue_mean_patch_mass,128,-0.27459513004256225,-0.2917134924201728,-0.25803878929564916,paired held-out trial IDs,paired percentile bootstrap (10000 draws)
crossattn1,0,invalid,frames5_6_mean,4,100,100-4,target_peak_patch_raw,128,-0.47770743893124745,-0.49426578524289655,-0.45929855976810363,paired held-out trial IDs,paired percentile bootstrap (10000 draws)
crossattn1,0,invalid,frames5_6_mean,4,100,100-4,cue_peak_patch_raw,128,-0.26625654937879517,-0.28341398004444046,-0.24984755617711016,paired held-out trial IDs,paired percentile bootstrap (10000 draws)
crossattn1,0,invalid,frames5_6_mean,4,100,100-4,target_peak_patch_uniform_ratio,128,0.9062863144645235,0.7623291042997152,1.0558318562158093,paired held-out trial IDs,paired percentile bootstrap (10000 draws)
crossattn1,0,invalid,frames5_6_mean,4,100,100-4,cue_peak_patch_uniform_ratio,128,0.7820558190087468,0.6498581553914391,0.9188605200718029,paired held-out trial IDs,paired percentile bootstrap (10000 draws)
crossattn1,0,invalid,frames5_6_mean,4,100,100-4,target_peak_patch_quadrant_share,128,-0.1425958679205758,-0.15902411761397098,-0.12576440864517974,paired held-out trial IDs,paired percentile bootstrap (10000 draws)
crossattn1,0,invalid,frames5_6_mean,4,100,100-4,cue_peak_patch_quadrant_share,128,-0.015972626582662845,-0.0352258869276589,0.002458784327110921,paired held-out trial IDs,paired percentile bootstrap (10000 draws)
crossattn1,0,invalid,frames5_6_mean,4,100,100-4,target_within_quadrant_peak_ratio,128,1.553546165047447,1.4492376112540482,1.6583536677928965,paired held-out trial IDs,paired percentile bootstrap (10000 draws)
crossattn1,0,invalid,frames5_6_mean,4,100,100-4,cue_within_quadrant_peak_ratio,128,0.7449709709073524,0.6553279636302812,0.8431466808227571,paired held-out trial IDs,paired percentile bootstrap (10000 draws)
crossattn1,0,invalid,frames5_6_mean,4,100,100-4,target_minus_cue_total_mass,128,-0.22565075031934612,-0.2561976757207276,-0.19266000139281234,paired held-out trial IDs,paired percentile bootstrap (10000 draws)
crossattn1,0,invalid,frames5_6_mean,4,100,100-4,target_minus_other_total_mass,128,-0.31813508432575566,-0.34083598975363244,-0.29466360683769605,paired held-out trial IDs,paired percentile bootstrap (10000 draws)
crossattn1,0,invalid,frames5_6_mean,4,100,100-4,target_minus_cue_peak_share,128,-0.12662324133791295,-0.15970831728650675,-0.09231620886967153,paired held-out trial IDs,paired percentile bootstrap (10000 draws)
crossattn1,0,invalid,frames5_6_mean,4,100,100-4,target_minus_other_peak_share,128,-0.1901278238941011,-0.21225219586914146,-0.1673268655408661,paired held-out trial IDs,paired percentile bootstrap (10000 draws)
crossattn1,0,invalid,frames5_6_mean,4,100,100-4,target_argmax_total,128,-0.4765625,-0.5625,-0.390625,paired held-out trial IDs,paired percentile bootstrap (10000 draws)
crossattn1,0,invalid,frames5_6_mean,4,100,100-4,target_argmax_peak,128,-0.0859375,-0.1640625,-0.0078125,paired held-out trial IDs,paired percentile bootstrap (10000 draws)
crossattn1,0,valid,frame5,4,16,16-4,target_total_quadrant_mass,128,-0.051338112229132093,-0.07806240912505018,-0.025324280485074284,paired held-out trial IDs,paired percentile bootstrap (10000 draws)
crossattn1,0,valid,frame5,4,16,16-4,cue_total_quadrant_mass,128,-0.051338112229132093,-0.07812985433993162,-0.024725440437396187,paired held-out trial IDs,paired percentile bootstrap (10000 draws)
crossattn1,0,valid,frame5,4,16,16-4,target_mean_patch_mass,128,-0.392619137714064,-0.41375393299713326,-0.3720363737654225,paired held-out trial IDs,paired percentile bootstrap (10000 draws)
crossattn1,0,valid,frame5,4,16,16-4,cue_mean_patch_mass,128,-0.392619137714064,-0.4137712295406345,-0.3716793587009306,paired held-out trial IDs,paired percentile bootstrap (10000 draws)
crossattn1,0,valid,frame5,4,16,16-4,target_peak_patch_raw,128,-0.31890018365811557,-0.34466514925297814,-0.2930122358695371,paired held-out trial IDs,paired percentile bootstrap (10000 draws)
crossattn1,0,valid,frame5,4,16,16-4,cue_peak_patch_raw,128,-0.31890018365811557,-0.34426824952824975,-0.2930345924643916,paired held-out trial IDs,paired percentile bootstrap (10000 draws)
crossattn1,0,valid,frame5,4,16,16-4,target_peak_patch_uniform_ratio,128,0.9741508159786463,0.7337293662829325,1.2217014322290196,paired held-out trial IDs,paired percentile bootstrap (10000 draws)
crossattn1,0,valid,frame5,4,16,16-4,cue_peak_patch_uniform_ratio,128,0.9741508159786463,0.7343829894438386,1.2254919235361739,paired held-out trial IDs,paired percentile bootstrap (10000 draws)
crossattn1,0,valid,frame5,4,16,16-4,target_peak_patch_quadrant_share,128,-0.023573707834185862,-0.05638410859438124,0.008803709261156294,paired held-out trial IDs,paired percentile bootstrap (10000 draws)
crossattn1,0,valid,frame5,4,16,16-4,cue_peak_patch_quadrant_share,128,-0.023573707834185862,-0.0566511571488077,0.008427002284482404,paired held-out trial IDs,paired percentile bootstrap (10000 draws)
crossattn1,0,valid,frame5,4,16,16-4,target_within_quadrant_peak_ratio,128,0.6049731311741309,0.5278940792842425,0.6882293337372187,paired held-out trial IDs,paired percentile bootstrap (10000 draws)
crossattn1,0,valid,frame5,4,16,16-4,cue_within_quadrant_peak_ratio,128,0.6049731311741309,0.525698430840884,0.6854535004958632,paired held-out trial IDs,paired percentile bootstrap (10000 draws)
crossattn1,0,valid,frame5,4,16,16-4,target_minus_cue_total_mass,128,0.0,0.0,0.0,paired held-out trial IDs,paired percentile bootstrap (10000 draws)
crossattn1,0,valid,frame5,4,16,16-4,target_minus_other_total_mass,128,-0.0684508187599325,-0.10416900734162483,-0.033143448592939766,paired held-out trial IDs,paired percentile bootstrap (10000 draws)
crossattn1,0,valid,frame5,4,16,16-4,target_minus_cue_peak_share,128,0.0,0.0,0.0,paired held-out trial IDs,paired percentile bootstrap (10000 draws)
crossattn1,0,valid,frame5,4,16,16-4,target_minus_other_peak_share,128,-0.031431610445581154,-0.07549988918906306,0.012073995527263254,paired held-out trial IDs,paired percentile bootstrap (10000 draws)
crossattn1,0,valid,frame5,4,16,16-4,target_argmax_total,128,0.0078125,-0.0234375,0.046875,paired held-out trial IDs,paired percentile bootstrap (10000 draws)
crossattn1,0,valid,frame5,4,16,16-4,target_argmax_peak,128,-0.078125,-0.140625,-0.0234375,paired held-out trial IDs,paired percentile bootstrap (10000 draws)
crossattn1,0,valid,frame5,16,100,100-16,target_total_quadrant_mass,128,-0.1726125645764114,-0.18712263734773843,-0.15781769926325068,paired held-out trial IDs,paired percentile bootstrap (10000 draws)
crossattn1,0,valid,frame5,16,100,100-16,cue_total_quadrant_mass,128,-0.1726125645764114,-0.18715652313148895,-0.15822973229205672,paired held-out trial IDs,paired percentile bootstrap (10000 draws)
crossattn1,0,valid,frame5,16,100,100-16,target_mean_patch_mass,128,-0.10246318971883737,-0.10617949726878215,-0.09875930040471757,paired held-out trial IDs,paired percentile bootstrap (10000 draws)
crossattn1,0,valid,frame5,16,100,100-16,cue_mean_patch_mass,128,-0.10246318971883737,-0.1062101215180719,-0.09870387041418689,paired held-out trial IDs,paired percentile bootstrap (10000 draws)
crossattn1,0,valid,frame5,16,100,100-16,target_peak_patch_raw,128,-0.16898226921330206,-0.18296570542661356,-0.1556169979454353,paired held-out trial IDs,paired percentile bootstrap (10000 draws)
crossattn1,0,valid,frame5,16,100,100-16,cue_peak_patch_raw,128,-0.16898226921330206,-0.18279785432805512,-0.1556814538043909,paired held-out trial IDs,paired percentile bootstrap (10000 draws)
crossattn1,0,valid,frame5,16,100,100-16,target_peak_patch_uniform_ratio,128,-1.1499660670524463,-1.3598536973484443,-0.9404340533226788,paired held-out trial IDs,paired percentile bootstrap (10000 draws)
crossattn1,0,valid,frame5,16,100,100-16,cue_peak_patch_uniform_ratio,128,-1.1499660670524463,-1.370250314426812,-0.9395659805086325,paired held-out trial IDs,paired percentile bootstrap (10000 draws)
crossattn1,0,valid,frame5,16,100,100-16,target_peak_patch_quadrant_share,128,-0.17124228136285347,-0.19280712905440905,-0.14927967827543262,paired held-out trial IDs,paired percentile bootstrap (10000 draws)
crossattn1,0,valid,frame5,16,100,100-16,cue_peak_patch_quadrant_share,128,-0.17124228136285347,-0.19284518051803104,-0.14882858540991237,paired held-out trial IDs,paired percentile bootstrap (10000 draws)
crossattn1,0,valid,frame5,16,100,100-16,target_within_quadrant_peak_ratio,128,0.02272521673394574,-0.07628560512215897,0.12532464364398144,paired held-out trial IDs,paired percentile bootstrap (10000 draws)
crossattn1,0,valid,frame5,16,100,100-16,cue_within_quadrant_peak_ratio,128,0.02272521673394574,-0.07875596998700304,0.1241472174303935,paired held-out trial IDs,paired percentile bootstrap (10000 draws)
crossattn1,0,valid,frame5,16,100,100-16,target_minus_cue_total_mass,128,0.0,0.0,0.0,paired held-out trial IDs,paired percentile bootstrap (10000 draws)
crossattn1,0,valid,frame5,16,100,100-16,target_minus_other_total_mass,128,-0.2301500858290334,-0.24970196688618668,-0.2102940256235494,paired held-out trial IDs,paired percentile bootstrap (10000 draws)
crossattn1,0,valid,frame5,16,100,100-16,target_minus_cue_peak_share,128,0.0,0.0,0.0,paired held-out trial IDs,paired percentile bootstrap (10000 draws)
crossattn1,0,valid,frame5,16,100,100-16,target_minus_other_peak_share,128,-0.22832304181713797,-0.2585302538786606,-0.19893182311285945,paired held-out trial IDs,paired percentile bootstrap (10000 draws)
crossattn1,0,valid,frame5,16,100,100-16,target_argmax_total,128,0.015625,0.0,0.0390625,paired held-out trial IDs,paired percentile bootstrap (10000 draws)
crossattn1,0,valid,frame5,16,100,100-16,target_argmax_peak,128,0.0625,0.0078125,0.1171875,paired held-out trial IDs,paired percentile bootstrap (10000 draws)
crossattn1,0,valid,frame5,4,100,100-4,target_total_quadrant_mass,128,-0.22395067680554348,-0.24396221431675258,-0.20353641538599732,paired held-out trial IDs,paired percentile bootstrap (10000 draws)
crossattn1,0,valid,frame5,4,100,100-4,cue_total_quadrant_mass,128,-0.22395067680554348,-0.24367107701832538,-0.20441630114219153,paired held-out trial IDs,paired percentile bootstrap (10000 draws)
crossattn1,0,valid,frame5,4,100,100-4,target_mean_patch_mass,128,-0.49508232743290137,-0.5156452556971489,-0.47473028410520235,paired held-out trial IDs,paired percentile bootstrap (10000 draws)
crossattn1,0,valid,frame5,4,100,100-4,cue_mean_patch_mass,128,-0.49508232743290137,-0.5159018262674235,-0.47486249649199824,paired held-out trial IDs,paired percentile bootstrap (10000 draws)
crossattn1,0,valid,frame5,4,100,100-4,target_peak_patch_raw,128,-0.4878824528714176,-0.5089498398869182,-0.4673267945569023,paired held-out trial IDs,paired percentile bootstrap (10000 draws)
crossattn1,0,valid,frame5,4,100,100-4,cue_peak_patch_raw,128,-0.4878824528714176,-0.5083357756242549,-0.46787296308302756,paired held-out trial IDs,paired percentile bootstrap (10000 draws)
crossattn1,0,valid,frame5,4,100,100-4,target_peak_patch_uniform_ratio,128,-0.17581525107380003,-0.3003600678137445,-0.05068170308804839,paired held-out trial IDs,paired percentile bootstrap (10000 draws)
crossattn1,0,valid,frame5,4,100,100-4,cue_peak_patch_uniform_ratio,128,-0.17581525107380003,-0.2994353422909626,-0.050043809921044194,paired held-out trial IDs,paired percentile bootstrap (10000 draws)
crossattn1,0,valid,frame5,4,100,100-4,target_peak_patch_quadrant_share,128,-0.19481598919703932,-0.21758688649265562,-0.17221289245856963,paired held-out trial IDs,paired percentile bootstrap (10000 draws)
crossattn1,0,valid,frame5,4,100,100-4,cue_peak_patch_quadrant_share,128,-0.19481598919703932,-0.21773847130792717,-0.1718038261720177,paired held-out trial IDs,paired percentile bootstrap (10000 draws)
crossattn1,0,valid,frame5,4,100,100-4,target_within_quadrant_peak_ratio,128,0.6276983479080764,0.5540127115634362,0.7064988839634021,paired held-out trial IDs,paired percentile bootstrap (10000 draws)
crossattn1,0,valid,frame5,4,100,100-4,cue_within_quadrant_peak_ratio,128,0.6276983479080764,0.5546823855565081,0.7069846324004236,paired held-out trial IDs,paired percentile bootstrap (10000 draws)
crossattn1,0,valid,frame5,4,100,100-4,target_minus_cue_total_mass,128,0.0,0.0,0.0,paired held-out trial IDs,paired percentile bootstrap (10000 draws)
crossattn1,0,valid,frame5,4,100,100-4,target_minus_other_total_mass,128,-0.29860090458896593,-0.326087818411573,-0.2717682265921061,paired held-out trial IDs,paired percentile bootstrap (10000 draws)
crossattn1,0,valid,frame5,4,100,100-4,target_minus_cue_peak_share,128,0.0,0.0,0.0,paired held-out trial IDs,paired percentile bootstrap (10000 draws)
crossattn1,0,valid,frame5,4,100,100-4,target_minus_other_peak_share,128,-0.2597546522627191,-0.2896041346161216,-0.22907910246990795,paired held-out trial IDs,paired percentile bootstrap (10000 draws)
crossattn1,0,valid,frame5,4,100,100-4,target_argmax_total,128,0.0234375,0.0,0.0546875,paired held-out trial IDs,paired percentile bootstrap (10000 draws)
crossattn1,0,valid,frame5,4,100,100-4,target_argmax_peak,128,-0.015625,-0.0625,0.0234375,paired held-out trial IDs,paired percentile bootstrap (10000 draws)
crossattn1,0,valid,frame6,4,16,16-4,target_total_quadrant_mass,128,-0.11164521643513581,-0.12259486481980275,-0.10091174192020845,paired held-out trial IDs,paired percentile bootstrap (10000 draws)
crossattn1,0,valid,frame6,4,16,16-4,cue_total_quadrant_mass,128,-0.11164521643513581,-0.12279719164926065,-0.10079093269378063,paired held-out trial IDs,paired percentile bootstrap (10000 draws)
crossattn1,0,valid,frame6,4,16,16-4,target_mean_patch_mass,128,-0.7702336697457213,-0.7760636830239036,-0.7618084908821402,paired held-out trial IDs,paired percentile bootstrap (10000 draws)
crossattn1,0,valid,frame6,4,16,16-4,cue_mean_patch_mass,128,-0.7702336697457213,-0.7760441038533372,-0.7616674288925424,paired held-out trial IDs,paired percentile bootstrap (10000 draws)
crossattn1,0,valid,frame6,4,16,16-4,target_peak_patch_raw,128,-0.47206760314293206,-0.49611179347266443,-0.44766310994746167,paired held-out trial IDs,paired percentile bootstrap (10000 draws)
crossattn1,0,valid,frame6,4,16,16-4,cue_peak_patch_raw,128,-0.47206760314293206,-0.49639661479741337,-0.44746282274136323,paired held-out trial IDs,paired percentile bootstrap (10000 draws)
crossattn1,0,valid,frame6,4,16,16-4,target_peak_patch_uniform_ratio,128,4.324076199904084,3.9401118118315934,4.706230702158064,paired held-out trial IDs,paired percentile bootstrap (10000 draws)
crossattn1,0,valid,frame6,4,16,16-4,cue_peak_patch_uniform_ratio,128,4.324076199904084,3.937152921129018,4.710267959162593,paired held-out trial IDs,paired percentile bootstrap (10000 draws)
crossattn1,0,valid,frame6,4,16,16-4,target_peak_patch_quadrant_share,128,-0.07822413758772981,-0.08910904123196624,-0.06819663495138567,paired held-out trial IDs,paired percentile bootstrap (10000 draws)
crossattn1,0,valid,frame6,4,16,16-4,cue_peak_patch_quadrant_share,128,-0.07822413758772981,-0.0893171117266524,-0.06795271543964654,paired held-out trial IDs,paired percentile bootstrap (10000 draws)
crossattn1,0,valid,frame6,4,16,16-4,target_within_quadrant_peak_ratio,128,1.3463575132697219,1.2485415229641028,1.4454615249942713,paired held-out trial IDs,paired percentile bootstrap (10000 draws)
crossattn1,0,valid,frame6,4,16,16-4,cue_within_quadrant_peak_ratio,128,1.3463575132697219,1.2493486425731537,1.4442897075295256,paired held-out trial IDs,paired percentile bootstrap (10000 draws)
crossattn1,0,valid,frame6,4,16,16-4,target_minus_cue_total_mass,128,0.0,0.0,0.0,paired held-out trial IDs,paired percentile bootstrap (10000 draws)
crossattn1,0,valid,frame6,4,16,16-4,target_minus_other_total_mass,128,-0.14886028836592877,-0.163852677591909,-0.1343233399290516,paired held-out trial IDs,paired percentile bootstrap (10000 draws)
crossattn1,0,valid,frame6,4,16,16-4,target_minus_cue_peak_share,128,0.0,0.0,0.0,paired held-out trial IDs,paired percentile bootstrap (10000 draws)
crossattn1,0,valid,frame6,4,16,16-4,target_minus_other_peak_share,128,-0.10429885011697307,-0.11887150303598887,-0.09077024808227309,paired held-out trial IDs,paired percentile bootstrap (10000 draws)
crossattn1,0,valid,frame6,4,16,16-4,target_argmax_total,128,0.0,0.0,0.0,paired held-out trial IDs,paired percentile bootstrap (10000 draws)
crossattn1,0,valid,frame6,4,16,16-4,target_argmax_peak,128,0.0,0.0,0.0,paired held-out trial IDs,paired percentile bootstrap (10000 draws)
crossattn1,0,valid,frame6,16,100,100-16,target_total_quadrant_mass,128,-0.451286766823614,-0.46297635851910857,-0.4394731517976652,paired held-out trial IDs,paired percentile bootstrap (10000 draws)
crossattn1,0,valid,frame6,16,100,100-16,cue_total_quadrant_mass,128,-0.451286766823614,-0.4631010175722622,-0.43952419874049153,paired held-out trial IDs,paired percentile bootstrap (10000 draws)
crossattn1,0,valid,frame6,16,100,100-16,target_mean_patch_mass,128,-0.2024562375999085,-0.20529449957808718,-0.19941867756204373,paired held-out trial IDs,paired percentile bootstrap (10000 draws)
crossattn1,0,valid,frame6,16,100,100-16,cue_mean_patch_mass,128,-0.2024562375999085,-0.20529047740675926,-0.19948185885801464,paired held-out trial IDs,paired percentile bootstrap (10000 draws)
crossattn1,0,valid,frame6,16,100,100-16,target_peak_patch_raw,128,-0.4191516499267891,-0.44430964433267944,-0.3944349535398942,paired held-out trial IDs,paired percentile bootstrap (10000 draws)
crossattn1,0,valid,frame6,16,100,100-16,cue_peak_patch_raw,128,-0.4191516499267891,-0.44447503292176405,-0.39294539118927785,paired held-out trial IDs,paired percentile bootstrap (10000 draws)
crossattn1,0,valid,frame6,16,100,100-16,target_peak_patch_uniform_ratio,128,1.5712612946517766,0.8778137370827608,2.2403699329559457,paired held-out trial IDs,paired percentile bootstrap (10000 draws)
crossattn1,0,valid,frame6,16,100,100-16,cue_peak_patch_uniform_ratio,128,1.5712612946517766,0.8743829947488848,2.2326395192882047,paired held-out trial IDs,paired percentile bootstrap (10000 draws)
crossattn1,0,valid,frame6,16,100,100-16,target_peak_patch_quadrant_share,128,-0.17350123745345503,-0.18874102082747815,-0.1578534129737091,paired held-out trial IDs,paired percentile bootstrap (10000 draws)
crossattn1,0,valid,frame6,16,100,100-16,cue_peak_patch_quadrant_share,128,-0.17350123745345503,-0.18893310139164382,-0.15838566642845706,paired held-out trial IDs,paired percentile bootstrap (10000 draws)
crossattn1,0,valid,frame6,16,100,100-16,target_within_quadrant_peak_ratio,128,3.3586789449208787,3.0634315089104533,3.659836866410724,paired held-out trial IDs,paired percentile bootstrap (10000 draws)
crossattn1,0,valid,frame6,16,100,100-16,cue_within_quadrant_peak_ratio,128,3.3586789449208787,3.0587789972928925,3.655686217166888,paired held-out trial IDs,paired percentile bootstrap (10000 draws)
crossattn1,0,valid,frame6,16,100,100-16,target_minus_cue_total_mass,128,0.0,0.0,0.0,paired held-out trial IDs,paired percentile bootstrap (10000 draws)
crossattn1,0,valid,frame6,16,100,100-16,target_minus_other_total_mass,128,-0.6017156885272925,-0.6175186499225599,-0.5858613486451835,paired held-out trial IDs,paired percentile bootstrap (10000 draws)
crossattn1,0,valid,frame6,16,100,100-16,target_minus_cue_peak_share,128,0.0,0.0,0.0,paired held-out trial IDs,paired percentile bootstrap (10000 draws)
crossattn1,0,valid,frame6,16,100,100-16,target_minus_other_peak_share,128,-0.2313349832712734,-0.25189818555244714,-0.21147261959747402,paired held-out trial IDs,paired percentile bootstrap (10000 draws)
crossattn1,0,valid,frame6,16,100,100-16,target_argmax_total,128,0.0,0.0,0.0,paired held-out trial IDs,paired percentile bootstrap (10000 draws)
crossattn1,0,valid,frame6,16,100,100-16,target_argmax_peak,128,0.0,0.0,0.0,paired held-out trial IDs,paired percentile bootstrap (10000 draws)
crossattn1,0,valid,frame6,4,100,100-4,target_total_quadrant_mass,128,-0.5629319832587498,-0.5712828339261705,-0.5530174256558894,paired held-out trial IDs,paired percentile bootstrap (10000 draws)
crossattn1,0,valid,frame6,4,100,100-4,cue_total_quadrant_mass,128,-0.5629319832587498,-0.570899908203819,-0.5531348586669083,paired held-out trial IDs,paired percentile bootstrap (10000 draws)
crossattn1,0,valid,frame6,4,100,100-4,target_mean_patch_mass,128,-0.9726899073456299,-0.978767555817636,-0.9634440048922116,paired held-out trial IDs,paired percentile bootstrap (10000 draws)
crossattn1,0,valid,frame6,4,100,100-4,cue_mean_patch_mass,128,-0.9726899073456299,-0.9787846730415095,-0.9633254384243118,paired held-out trial IDs,paired percentile bootstrap (10000 draws)
crossattn1,0,valid,frame6,4,100,100-4,target_peak_patch_raw,128,-0.8912192530697212,-0.8997881027724361,-0.8811865672796557,paired held-out trial IDs,paired percentile bootstrap (10000 draws)
crossattn1,0,valid,frame6,4,100,100-4,cue_peak_patch_raw,128,-0.8912192530697212,-0.8996333454517298,-0.8807877255036146,paired held-out trial IDs,paired percentile bootstrap (10000 draws)
crossattn1,0,valid,frame6,4,100,100-4,target_peak_patch_uniform_ratio,128,5.895337494555861,5.374824684168561,6.425016845591017,paired held-out trial IDs,paired percentile bootstrap (10000 draws)
crossattn1,0,valid,frame6,4,100,100-4,cue_peak_patch_uniform_ratio,128,5.895337494555861,5.368959371079109,6.430223492308868,paired held-out trial IDs,paired percentile bootstrap (10000 draws)
crossattn1,0,valid,frame6,4,100,100-4,target_peak_patch_quadrant_share,128,-0.25172537504118486,-0.26504494072510565,-0.2385516917647109,paired held-out trial IDs,paired percentile bootstrap (10000 draws)
crossattn1,0,valid,frame6,4,100,100-4,cue_peak_patch_quadrant_share,128,-0.25172537504118486,-0.26492035529540864,-0.23808994046431306,paired held-out trial IDs,paired percentile bootstrap (10000 draws)
crossattn1,0,valid,frame6,4,100,100-4,target_within_quadrant_peak_ratio,128,4.7050364581906,4.443697665090192,4.967030093724244,paired held-out trial IDs,paired percentile bootstrap (10000 draws)
crossattn1,0,valid,frame6,4,100,100-4,cue_within_quadrant_peak_ratio,128,4.7050364581906,4.4447990209638055,4.968663642843979,paired held-out trial IDs,paired percentile bootstrap (10000 draws)
crossattn1,0,valid,frame6,4,100,100-4,target_minus_cue_total_mass,128,0.0,0.0,0.0,paired held-out trial IDs,paired percentile bootstrap (10000 draws)
crossattn1,0,valid,frame6,4,100,100-4,target_minus_other_total_mass,128,-0.7505759768932212,-0.7614295896634806,-0.7375631289276571,paired held-out trial IDs,paired percentile bootstrap (10000 draws)
crossattn1,0,valid,frame6,4,100,100-4,target_minus_cue_peak_share,128,0.0,0.0,0.0,paired held-out trial IDs,paired percentile bootstrap (10000 draws)
crossattn1,0,valid,frame6,4,100,100-4,target_minus_other_peak_share,128,-0.3356338333882465,-0.3531597315037838,-0.3177608055937399,paired held-out trial IDs,paired percentile bootstrap (10000 draws)
crossattn1,0,valid,frame6,4,100,100-4,target_argmax_total,128,0.0,0.0,0.0,paired held-out trial IDs,paired percentile bootstrap (10000 draws)
crossattn1,0,valid,frame6,4,100,100-4,target_argmax_peak,128,0.0,0.0,0.0,paired held-out trial IDs,paired percentile bootstrap (10000 draws)
crossattn1,0,valid,frames5_6_mean,4,16,16-4,target_total_quadrant_mass,128,-0.08149166433213395,-0.09689138886715228,-0.06640377893609184,paired held-out trial IDs,paired percentile bootstrap (10000 draws)
crossattn1,0,valid,frames5_6_mean,4,16,16-4,cue_total_quadrant_mass,128,-0.08149166433213395,-0.09678595537889123,-0.06577221629595442,paired held-out trial IDs,paired percentile bootstrap (10000 draws)
crossattn1,0,valid,frames5_6_mean,4,16,16-4,target_mean_patch_mass,128,-0.5814264037298926,-0.5932372164965273,-0.5694657417439203,paired held-out trial IDs,paired percentile bootstrap (10000 draws)
crossattn1,0,valid,frames5_6_mean,4,16,16-4,cue_mean_patch_mass,128,-0.5814264037298926,-0.593017626508481,-0.5694900059359043,paired held-out trial IDs,paired percentile bootstrap (10000 draws)
crossattn1,0,valid,frames5_6_mean,4,16,16-4,target_peak_patch_raw,128,-0.3954838934005238,-0.412562055842136,-0.3779952862263599,paired held-out trial IDs,paired percentile bootstrap (10000 draws)
crossattn1,0,valid,frames5_6_mean,4,16,16-4,cue_peak_patch_raw,128,-0.3954838934005238,-0.4126750917013851,-0.3784458485133655,paired held-out trial IDs,paired percentile bootstrap (10000 draws)
crossattn1,0,valid,frames5_6_mean,4,16,16-4,target_peak_patch_uniform_ratio,128,2.6491135079413652,2.4314469399279917,2.8558655134169384,paired held-out trial IDs,paired percentile bootstrap (10000 draws)
crossattn1,0,valid,frames5_6_mean,4,16,16-4,cue_peak_patch_uniform_ratio,128,2.6491135079413652,2.4315274522057733,2.8619024879415518,paired held-out trial IDs,paired percentile bootstrap (10000 draws)
crossattn1,0,valid,frames5_6_mean,4,16,16-4,target_peak_patch_quadrant_share,128,-0.050898922710957833,-0.06894274318067982,-0.033038528074348324,paired held-out trial IDs,paired percentile bootstrap (10000 draws)
crossattn1,0,valid,frames5_6_mean,4,16,16-4,cue_peak_patch_quadrant_share,128,-0.050898922710957833,-0.06905132967567922,-0.033414743092454166,paired held-out trial IDs,paired percentile bootstrap (10000 draws)
crossattn1,0,valid,frames5_6_mean,4,16,16-4,target_within_quadrant_peak_ratio,128,0.9756653222219263,0.9188562237858588,1.0352096845007546,paired held-out trial IDs,paired percentile bootstrap (10000 draws)
crossattn1,0,valid,frames5_6_mean,4,16,16-4,cue_within_quadrant_peak_ratio,128,0.9756653222219263,0.9181002738852245,1.0342223000312665,paired held-out trial IDs,paired percentile bootstrap (10000 draws)
crossattn1,0,valid,frames5_6_mean,4,16,16-4,target_minus_cue_total_mass,128,0.0,0.0,0.0,paired held-out trial IDs,paired percentile bootstrap (10000 draws)
crossattn1,0,valid,frames5_6_mean,4,16,16-4,target_minus_other_total_mass,128,-0.10865555356293063,-0.13004556894155972,-0.0884307056540083,paired held-out trial IDs,paired percentile bootstrap (10000 draws)
crossattn1,0,valid,frames5_6_mean,4,16,16-4,target_minus_cue_peak_share,128,0.0,0.0,0.0,paired held-out trial IDs,paired percentile bootstrap (10000 draws)
crossattn1,0,valid,frames5_6_mean,4,16,16-4,target_minus_other_peak_share,128,-0.06786523028127711,-0.09149723736994533,-0.04398869893803613,paired held-out trial IDs,paired percentile bootstrap (10000 draws)
crossattn1,0,valid,frames5_6_mean,4,16,16-4,target_argmax_total,128,0.0,0.0,0.0,paired held-out trial IDs,paired percentile bootstrap (10000 draws)
crossattn1,0,valid,frames5_6_mean,4,16,16-4,target_argmax_peak,128,0.0,0.0,0.0,paired held-out trial IDs,paired percentile bootstrap (10000 draws)
crossattn1,0,valid,frames5_6_mean,16,100,100-16,target_total_quadrant_mass,128,-0.3119496657000127,-0.3224142560226255,-0.30138611793779546,paired held-out trial IDs,paired percentile bootstrap (10000 draws)
crossattn1,0,valid,frames5_6_mean,16,100,100-16,cue_total_quadrant_mass,128,-0.3119496657000127,-0.32229459390700865,-0.30139624787486813,paired held-out trial IDs,paired percentile bootstrap (10000 draws)
crossattn1,0,valid,frames5_6_mean,16,100,100-16,target_mean_patch_mass,128,-0.15245971365937294,-0.1550928948446044,-0.14976380571290612,paired held-out trial IDs,paired percentile bootstrap (10000 draws)
crossattn1,0,valid,frames5_6_mean,16,100,100-16,cue_mean_patch_mass,128,-0.15245971365937294,-0.15506912576358808,-0.1498527585593347,paired held-out trial IDs,paired percentile bootstrap (10000 draws)
crossattn1,0,valid,frames5_6_mean,16,100,100-16,target_peak_patch_raw,128,-0.2940669595700456,-0.307707355504499,-0.2808003286712847,paired held-out trial IDs,paired percentile bootstrap (10000 draws)
crossattn1,0,valid,frames5_6_mean,16,100,100-16,cue_peak_patch_raw,128,-0.2940669595700456,-0.3074353255120513,-0.28087980647260335,paired held-out trial IDs,paired percentile bootstrap (10000 draws)
crossattn1,0,valid,frames5_6_mean,16,100,100-16,target_peak_patch_uniform_ratio,128,0.21064761379966512,-0.13684547686243603,0.5538234757837927,paired held-out trial IDs,paired percentile bootstrap (10000 draws)
crossattn1,0,valid,frames5_6_mean,16,100,100-16,cue_peak_patch_uniform_ratio,128,0.21064761379966512,-0.13673039081113528,0.5559320287502486,paired held-out trial IDs,paired percentile bootstrap (10000 draws)
crossattn1,0,valid,frames5_6_mean,16,100,100-16,target_peak_patch_quadrant_share,128,-0.17237175940815425,-0.18711426783391538,-0.15796260434757575,paired held-out trial IDs,paired percentile bootstrap (10000 draws)
crossattn1,0,valid,frames5_6_mean,16,100,100-16,cue_peak_patch_quadrant_share,128,-0.17237175940815425,-0.18686646448202915,-0.15777494052909272,paired held-out trial IDs,paired percentile bootstrap (10000 draws)
crossattn1,0,valid,frames5_6_mean,16,100,100-16,target_within_quadrant_peak_ratio,128,1.690702080827412,1.5287149157364306,1.8465494602938992,paired held-out trial IDs,paired percentile bootstrap (10000 draws)
crossattn1,0,valid,frames5_6_mean,16,100,100-16,cue_within_quadrant_peak_ratio,128,1.690702080827412,1.5293829109062063,1.8463555357056518,paired held-out trial IDs,paired percentile bootstrap (10000 draws)
crossattn1,0,valid,frames5_6_mean,16,100,100-16,target_minus_cue_total_mass,128,0.0,0.0,0.0,paired held-out trial IDs,paired percentile bootstrap (10000 draws)
crossattn1,0,valid,frames5_6_mean,16,100,100-16,target_minus_other_total_mass,128,-0.415932887178163,-0.42965351049295275,-0.40206819376019587,paired held-out trial IDs,paired percentile bootstrap (10000 draws)
crossattn1,0,valid,frames5_6_mean,16,100,100-16,target_minus_cue_peak_share,128,0.0,0.0,0.0,paired held-out trial IDs,paired percentile bootstrap (10000 draws)
crossattn1,0,valid,frames5_6_mean,16,100,100-16,target_minus_other_peak_share,128,-0.22982901254420568,-0.24954996201490176,-0.21052284098928709,paired held-out trial IDs,paired percentile bootstrap (10000 draws)
crossattn1,0,valid,frames5_6_mean,16,100,100-16,target_argmax_total,128,0.0,0.0,0.0,paired held-out trial IDs,paired percentile bootstrap (10000 draws)
crossattn1,0,valid,frames5_6_mean,16,100,100-16,target_argmax_peak,128,0.0,0.0,0.0,paired held-out trial IDs,paired percentile bootstrap (10000 draws)
crossattn1,0,valid,frames5_6_mean,4,100,100-4,target_total_quadrant_mass,128,-0.39344133003214665,-0.40524513549985386,-0.3815199942313484,paired held-out trial IDs,paired percentile bootstrap (10000 draws)
crossattn1,0,valid,frames5_6_mean,4,100,100-4,cue_total_quadrant_mass,128,-0.39344133003214665,-0.405145684528793,-0.38162889424561397,paired held-out trial IDs,paired percentile bootstrap (10000 draws)
crossattn1,0,valid,frames5_6_mean,4,100,100-4,target_mean_patch_mass,128,-0.7338861173892657,-0.7452249226105759,-0.7224776443513629,paired held-out trial IDs,paired percentile bootstrap (10000 draws)
crossattn1,0,valid,frames5_6_mean,4,100,100-4,cue_mean_patch_mass,128,-0.7338861173892657,-0.7452905522302735,-0.722115806589697,paired held-out trial IDs,paired percentile bootstrap (10000 draws)
crossattn1,0,valid,frames5_6_mean,4,100,100-4,target_peak_patch_raw,128,-0.6895508529705694,-0.7016226628627009,-0.6771287043411576,paired held-out trial IDs,paired percentile bootstrap (10000 draws)
crossattn1,0,valid,frames5_6_mean,4,100,100-4,cue_peak_patch_raw,128,-0.6895508529705694,-0.7009717005424136,-0.6771322523583876,paired held-out trial IDs,paired percentile bootstrap (10000 draws)
crossattn1,0,valid,frames5_6_mean,4,100,100-4,target_peak_patch_uniform_ratio,128,2.8597611217410304,2.5728780125340562,3.139711534376693,paired held-out trial IDs,paired percentile bootstrap (10000 draws)
crossattn1,0,valid,frames5_6_mean,4,100,100-4,cue_peak_patch_uniform_ratio,128,2.8597611217410304,2.573572168283863,3.1411007577131382,paired held-out trial IDs,paired percentile bootstrap (10000 draws)
crossattn1,0,valid,frames5_6_mean,4,100,100-4,target_peak_patch_quadrant_share,128,-0.22327068211911208,-0.23805613771215567,-0.20835796169631474,paired held-out trial IDs,paired percentile bootstrap (10000 draws)
crossattn1,0,valid,frames5_6_mean,4,100,100-4,cue_peak_patch_quadrant_share,128,-0.22327068211911208,-0.2380919180111731,-0.20849352971083226,paired held-out trial IDs,paired percentile bootstrap (10000 draws)
crossattn1,0,valid,frames5_6_mean,4,100,100-4,target_within_quadrant_peak_ratio,128,2.666367403049338,2.5246831127899365,2.8084442825626406,paired held-out trial IDs,paired percentile bootstrap (10000 draws)
crossattn1,0,valid,frames5_6_mean,4,100,100-4,cue_within_quadrant_peak_ratio,128,2.666367403049338,2.5243592554466177,2.808750775870874,paired held-out trial IDs,paired percentile bootstrap (10000 draws)
crossattn1,0,valid,frames5_6_mean,4,100,100-4,target_minus_cue_total_mass,128,0.0,0.0,0.0,paired held-out trial IDs,paired percentile bootstrap (10000 draws)
crossattn1,0,valid,frames5_6_mean,4,100,100-4,target_minus_other_total_mass,128,-0.5245884407410937,-0.5396669165259371,-0.5083398581785732,paired held-out trial IDs,paired percentile bootstrap (10000 draws)
crossattn1,0,valid,frames5_6_mean,4,100,100-4,target_minus_cue_peak_share,128,0.0,0.0,0.0,paired held-out trial IDs,paired percentile bootstrap (10000 draws)
crossattn1,0,valid,frames5_6_mean,4,100,100-4,target_minus_other_peak_share,128,-0.2976942428254828,-0.3171480158485545,-0.27817478858083533,paired held-out trial IDs,paired percentile bootstrap (10000 draws)
crossattn1,0,valid,frames5_6_mean,4,100,100-4,target_argmax_total,128,0.0,0.0,0.0,paired held-out trial IDs,paired percentile bootstrap (10000 draws)
crossattn1,0,valid,frames5_6_mean,4,100,100-4,target_argmax_peak,128,0.0,0.0,0.0,paired held-out trial IDs,paired percentile bootstrap (10000 draws)
crossattn1,1,invalid,frame5,4,100,100-4,target_total_quadrant_mass,128,-0.10318753758656385,-0.11757012759933332,-0.08920194390693724,paired held-out trial IDs,paired percentile bootstrap (10000 draws)
crossattn1,1,invalid,frame5,4,100,100-4,cue_total_quadrant_mass,128,0.27602569759801554,0.2526896800324721,0.29929404050913033,paired held-out trial IDs,paired percentile bootstrap (10000 draws)
crossattn1,1,invalid,frame5,4,100,100-4,target_mean_patch_mass,128,-0.2506332210385153,-0.264287110233894,-0.2377341987352329,paired held-out trial IDs,paired percentile bootstrap (10000 draws)
crossattn1,1,invalid,frame5,4,100,100-4,cue_mean_patch_mass,128,-0.2408446653556166,-0.2563257343962978,-0.22597635249550785,paired held-out trial IDs,paired percentile bootstrap (10000 draws)
crossattn1,1,invalid,frame5,4,100,100-4,target_peak_patch_raw,128,-0.2325082365932758,-0.24603449331971206,-0.21962704275556463,paired held-out trial IDs,paired percentile bootstrap (10000 draws)
crossattn1,1,invalid,frame5,4,100,100-4,cue_peak_patch_raw,128,-0.05300998449092731,-0.08154209884160081,-0.02389793591501075,paired held-out trial IDs,paired percentile bootstrap (10000 draws)
crossattn1,1,invalid,frame5,4,100,100-4,target_peak_patch_uniform_ratio,128,1.399748294177698,1.1620936226277991,1.6518635607371834,paired held-out trial IDs,paired percentile bootstrap (10000 draws)
crossattn1,1,invalid,frame5,4,100,100-4,cue_peak_patch_uniform_ratio,128,19.88757087686099,17.135569095535903,22.814147111980127,paired held-out trial IDs,paired percentile bootstrap (10000 draws)
crossattn1,1,invalid,frame5,4,100,100-4,target_peak_patch_quadrant_share,128,-0.14560173248319214,-0.16370403738602002,-0.1271857502284742,paired held-out trial IDs,paired percentile bootstrap (10000 draws)
crossattn1,1,invalid,frame5,4,100,100-4,cue_peak_patch_quadrant_share,128,0.39418756560280505,0.35515414174000964,0.4317666764198373,paired held-out trial IDs,paired percentile bootstrap (10000 draws)
crossattn1,1,invalid,frame5,4,100,100-4,target_within_quadrant_peak_ratio,128,2.7795764654362536,2.528944539458389,3.034503391111273,paired held-out trial IDs,paired percentile bootstrap (10000 draws)
crossattn1,1,invalid,frame5,4,100,100-4,cue_within_quadrant_peak_ratio,128,7.732291512428255,6.87843579016256,8.610150551869022,paired held-out trial IDs,paired percentile bootstrap (10000 draws)
crossattn1,1,invalid,frame5,4,100,100-4,target_minus_cue_total_mass,128,-0.3792132351845794,-0.4108832260726558,-0.34704169407241353,paired held-out trial IDs,paired percentile bootstrap (10000 draws)
crossattn1,1,invalid,frame5,4,100,100-4,target_minus_other_total_mass,128,-0.1375833828396935,-0.1560224409946538,-0.11870676653172722,paired held-out trial IDs,paired percentile bootstrap (10000 draws)
crossattn1,1,invalid,frame5,4,100,100-4,target_minus_cue_peak_share,128,-0.5397892980859973,-0.589804955922859,-0.4887916524348357,paired held-out trial IDs,paired percentile bootstrap (10000 draws)
crossattn1,1,invalid,frame5,4,100,100-4,target_minus_other_peak_share,128,-0.19413564331092287,-0.2175594730408037,-0.16942908310856258,paired held-out trial IDs,paired percentile bootstrap (10000 draws)
crossattn1,1,invalid,frame5,4,100,100-4,target_argmax_total,128,-0.21875,-0.2890625,-0.1484375,paired held-out trial IDs,paired percentile bootstrap (10000 draws)
crossattn1,1,invalid,frame5,4,100,100-4,target_argmax_peak,128,-0.1875,-0.265625,-0.109375,paired held-out trial IDs,paired percentile bootstrap (10000 draws)
crossattn1,1,invalid,frame6,4,100,100-4,target_total_quadrant_mass,128,-0.6450062092362714,-0.6659034800904351,-0.6238158117187368,paired held-out trial IDs,paired percentile bootstrap (10000 draws)
crossattn1,1,invalid,frame6,4,100,100-4,cue_total_quadrant_mass,128,0.414121739026001,0.39094727901349735,0.4377107009240202,paired held-out trial IDs,paired percentile bootstrap (10000 draws)
crossattn1,1,invalid,frame6,4,100,100-4,target_mean_patch_mass,128,-0.9396428207530334,-0.9574652617649303,-0.9191721413854289,paired held-out trial IDs,paired percentile bootstrap (10000 draws)
crossattn1,1,invalid,frame6,4,100,100-4,cue_mean_patch_mass,128,-0.004030405333045338,-0.015484457749965298,0.005546698694162671,paired held-out trial IDs,paired percentile bootstrap (10000 draws)
crossattn1,1,invalid,frame6,4,100,100-4,target_peak_patch_raw,128,-0.7971456339146243,-0.8161146157348412,-0.7766023269425204,paired held-out trial IDs,paired percentile bootstrap (10000 draws)
crossattn1,1,invalid,frame6,4,100,100-4,cue_peak_patch_raw,128,0.17414139890698266,0.14587739994661925,0.203429219926284,paired held-out trial IDs,paired percentile bootstrap (10000 draws)
crossattn1,1,invalid,frame6,4,100,100-4,target_peak_patch_uniform_ratio,128,11.669693846895825,10.251682568523393,13.103734096491824,paired held-out trial IDs,paired percentile bootstrap (10000 draws)
crossattn1,1,invalid,frame6,4,100,100-4,cue_peak_patch_uniform_ratio,128,19.473667380106804,16.73894214445509,22.342610493025514,paired held-out trial IDs,paired percentile bootstrap (10000 draws)
crossattn1,1,invalid,frame6,4,100,100-4,target_peak_patch_quadrant_share,128,-0.5553102485886707,-0.588511376562644,-0.5229752897987545,paired held-out trial IDs,paired percentile bootstrap (10000 draws)
crossattn1,1,invalid,frame6,4,100,100-4,cue_peak_patch_quadrant_share,128,0.4198388281448384,0.38099806063850783,0.45856325839722845,paired held-out trial IDs,paired percentile bootstrap (10000 draws)
crossattn1,1,invalid,frame6,4,100,100-4,target_within_quadrant_peak_ratio,128,10.906326145944881,10.203093631096424,11.599370254682043,paired held-out trial IDs,paired percentile bootstrap (10000 draws)
crossattn1,1,invalid,frame6,4,100,100-4,cue_within_quadrant_peak_ratio,128,8.86823817616255,7.962438741813049,9.827130757407588,paired held-out trial IDs,paired percentile bootstrap (10000 draws)
crossattn1,1,invalid,frame6,4,100,100-4,target_minus_cue_total_mass,128,-1.0591279482622724,-1.1000310012784493,-1.017787481770013,paired held-out trial IDs,paired percentile bootstrap (10000 draws)
crossattn1,1,invalid,frame6,4,100,100-4,target_minus_other_total_mass,128,-0.8600082785682233,-0.888137347639825,-0.8310752718953309,paired held-out trial IDs,paired percentile bootstrap (10000 draws)
crossattn1,1,invalid,frame6,4,100,100-4,target_minus_cue_peak_share,128,-0.9751490767335091,-1.0431704987072126,-0.9084949316800939,paired held-out trial IDs,paired percentile bootstrap (10000 draws)
crossattn1,1,invalid,frame6,4,100,100-4,target_minus_other_peak_share,128,-0.7404136647848941,-0.784019110251275,-0.697434887459091,paired held-out trial IDs,paired percentile bootstrap (10000 draws)
crossattn1,1,invalid,frame6,4,100,100-4,target_argmax_total,128,-0.6796875,-0.7578125,-0.59375,paired held-out trial IDs,paired percentile bootstrap (10000 draws)
crossattn1,1,invalid,frame6,4,100,100-4,target_argmax_peak,128,-0.5234375,-0.609375,-0.4375,paired held-out trial IDs,paired percentile bootstrap (10000 draws)
crossattn1,1,invalid,frames5_6_mean,4,100,100-4,target_total_quadrant_mass,128,-0.3740968734114176,-0.38697972289327254,-0.3603290019655219,paired held-out trial IDs,paired percentile bootstrap (10000 draws)
crossattn1,1,invalid,frames5_6_mean,4,100,100-4,cue_total_quadrant_mass,128,0.3450737183120083,0.3240617661971131,0.36639936302103915,paired held-out trial IDs,paired percentile bootstrap (10000 draws)
crossattn1,1,invalid,frames5_6_mean,4,100,100-4,target_mean_patch_mass,128,-0.5951380208957744,-0.6061360858712519,-0.583389335583603,paired held-out trial IDs,paired percentile bootstrap (10000 draws)
crossattn1,1,invalid,frames5_6_mean,4,100,100-4,cue_mean_patch_mass,128,-0.12243753534433097,-0.13174203073066093,-0.11329054810376142,paired held-out trial IDs,paired percentile bootstrap (10000 draws)
crossattn1,1,invalid,frames5_6_mean,4,100,100-4,target_peak_patch_raw,128,-0.5148269352539501,-0.5258742381939555,-0.5031461679255245,paired held-out trial IDs,paired percentile bootstrap (10000 draws)
crossattn1,1,invalid,frames5_6_mean,4,100,100-4,cue_peak_patch_raw,128,0.060565707208027675,0.03394701247660503,0.08876597631478712,paired held-out trial IDs,paired percentile bootstrap (10000 draws)
crossattn1,1,invalid,frames5_6_mean,4,100,100-4,target_peak_patch_uniform_ratio,128,6.5347210705367615,5.8088587433801875,7.268097644350928,paired held-out trial IDs,paired percentile bootstrap (10000 draws)
crossattn1,1,invalid,frames5_6_mean,4,100,100-4,cue_peak_patch_uniform_ratio,128,19.680619128483897,17.03902964674147,22.47834450112827,paired held-out trial IDs,paired percentile bootstrap (10000 draws)
crossattn1,1,invalid,frames5_6_mean,4,100,100-4,target_peak_patch_quadrant_share,128,-0.3504559905359314,-0.37009394032256093,-0.3311388148836073,paired held-out trial IDs,paired percentile bootstrap (10000 draws)
crossattn1,1,invalid,frames5_6_mean,4,100,100-4,cue_peak_patch_quadrant_share,128,0.40701319687382176,0.37222251628323977,0.44283090013727294,paired held-out trial IDs,paired percentile bootstrap (10000 draws)
crossattn1,1,invalid,frames5_6_mean,4,100,100-4,target_within_quadrant_peak_ratio,128,6.842951305690567,6.511236076755755,7.168849497223214,paired held-out trial IDs,paired percentile bootstrap (10000 draws)
crossattn1,1,invalid,frames5_6_mean,4,100,100-4,cue_within_quadrant_peak_ratio,128,8.300264844295402,7.426700466070099,9.18575638369227,paired held-out trial IDs,paired percentile bootstrap (10000 draws)
crossattn1,1,invalid,frames5_6_mean,4,100,100-4,target_minus_cue_total_mass,128,-0.7191705917234259,-0.7498587023309924,-0.6879296977208718,paired held-out trial IDs,paired percentile bootstrap (10000 draws)
crossattn1,1,invalid,frames5_6_mean,4,100,100-4,target_minus_other_total_mass,128,-0.4987958307039583,-0.516911265880936,-0.48103061878260467,paired held-out trial IDs,paired percentile bootstrap (10000 draws)
crossattn1,1,invalid,frames5_6_mean,4,100,100-4,target_minus_cue_peak_share,128,-0.7574691874097531,-0.8090701942557047,-0.7053242853050528,paired held-out trial IDs,paired percentile bootstrap (10000 draws)
crossattn1,1,invalid,frames5_6_mean,4,100,100-4,target_minus_other_peak_share,128,-0.4672746540479086,-0.49343441036492103,-0.4411751921153533,paired held-out trial IDs,paired percentile bootstrap (10000 draws)
crossattn1,1,invalid,frames5_6_mean,4,100,100-4,target_argmax_total,128,-0.9375,-0.9765625,-0.890625,paired held-out trial IDs,paired percentile bootstrap (10000 draws)
crossattn1,1,invalid,frames5_6_mean,4,100,100-4,target_argmax_peak,128,-0.796875,-0.8671875,-0.7265625,paired held-out trial IDs,paired percentile bootstrap (10000 draws)
crossattn1,1,valid,frame5,4,100,100-4,target_total_quadrant_mass,128,0.2543424030236565,0.22884138157646702,0.28004655813770113,paired held-out trial IDs,paired percentile bootstrap (10000 draws)
crossattn1,1,valid,frame5,4,100,100-4,cue_total_quadrant_mass,128,0.2543424030236565,0.229126657411598,0.27971512171341145,paired held-out trial IDs,paired percentile bootstrap (10000 draws)
crossattn1,1,valid,frame5,4,100,100-4,target_mean_patch_mass,128,-0.2688721611260189,-0.2832140797278371,-0.25400645950966644,paired held-out trial IDs,paired percentile bootstrap (10000 draws)
crossattn1,1,valid,frame5,4,100,100-4,cue_mean_patch_mass,128,-0.2688721611260189,-0.28365471047487056,-0.2542103253968962,paired held-out trial IDs,paired percentile bootstrap (10000 draws)
crossattn1,1,valid,frame5,4,100,100-4,target_peak_patch_raw,128,-0.06992601152160205,-0.10266426184971351,-0.036158453938696766,paired held-out trial IDs,paired percentile bootstrap (10000 draws)
crossattn1,1,valid,frame5,4,100,100-4,cue_peak_patch_raw,128,-0.06992601152160205,-0.10338459807899199,-0.036210405195015484,paired held-out trial IDs,paired percentile bootstrap (10000 draws)
crossattn1,1,valid,frame5,4,100,100-4,target_peak_patch_uniform_ratio,128,20.911984572536312,17.636284224549307,24.207912843409577,paired held-out trial IDs,paired percentile bootstrap (10000 draws)
crossattn1,1,valid,frame5,4,100,100-4,cue_peak_patch_uniform_ratio,128,20.911984572536312,17.670958900902768,24.28149623196805,paired held-out trial IDs,paired percentile bootstrap (10000 draws)
crossattn1,1,valid,frame5,4,100,100-4,target_peak_patch_quadrant_share,128,0.34065504067499186,0.29860577289888,0.3825949054009841,paired held-out trial IDs,paired percentile bootstrap (10000 draws)
crossattn1,1,valid,frame5,4,100,100-4,cue_peak_patch_quadrant_share,128,0.34065504067499186,0.29818233041763764,0.3829003392554228,paired held-out trial IDs,paired percentile bootstrap (10000 draws)
crossattn1,1,valid,frame5,4,100,100-4,target_within_quadrant_peak_ratio,128,7.837241958698871,6.880182888637646,8.821422998593883,paired held-out trial IDs,paired percentile bootstrap (10000 draws)
crossattn1,1,valid,frame5,4,100,100-4,cue_within_quadrant_peak_ratio,128,7.837241958698871,6.891987349705324,8.84417398556228,paired held-out trial IDs,paired percentile bootstrap (10000 draws)
crossattn1,1,valid,frame5,4,100,100-4,target_minus_cue_total_mass,128,0.0,0.0,0.0,paired held-out trial IDs,paired percentile bootstrap (10000 draws)
crossattn1,1,valid,frame5,4,100,100-4,target_minus_other_total_mass,128,0.33912320352995573,0.3053757084826543,0.37290554168196194,paired held-out trial IDs,paired percentile bootstrap (10000 draws)
crossattn1,1,valid,frame5,4,100,100-4,target_minus_cue_peak_share,128,0.0,0.0,0.0,paired held-out trial IDs,paired percentile bootstrap (10000 draws)
crossattn1,1,valid,frame5,4,100,100-4,target_minus_other_peak_share,128,0.45420672089998915,0.3961884068109404,0.509973428280966,paired held-out trial IDs,paired percentile bootstrap (10000 draws)
crossattn1,1,valid,frame5,4,100,100-4,target_argmax_total,128,0.53125,0.4453125,0.6171875,paired held-out trial IDs,paired percentile bootstrap (10000 draws)
crossattn1,1,valid,frame5,4,100,100-4,target_argmax_peak,128,0.4453125,0.34375,0.546875,paired held-out trial IDs,paired percentile bootstrap (10000 draws)
crossattn1,1,valid,frame6,4,100,100-4,target_total_quadrant_mass,128,-0.27436229834938786,-0.28922622017082633,-0.2590406948945656,paired held-out trial IDs,paired percentile bootstrap (10000 draws)
crossattn1,1,valid,frame6,4,100,100-4,cue_total_quadrant_mass,128,-0.27436229834938786,-0.2887992442995255,-0.25847277945103997,paired held-out trial IDs,paired percentile bootstrap (10000 draws)
crossattn1,1,valid,frame6,4,100,100-4,target_mean_patch_mass,128,-0.9562731378028729,-0.9653165244405295,-0.9424673881031863,paired held-out trial IDs,paired percentile bootstrap (10000 draws)
crossattn1,1,valid,frame6,4,100,100-4,cue_mean_patch_mass,128,-0.9562731378028729,-0.9652569744518892,-0.9429202510907176,paired held-out trial IDs,paired percentile bootstrap (10000 draws)
crossattn1,1,valid,frame6,4,100,100-4,target_peak_patch_raw,128,-0.6122964265523478,-0.6320320299360901,-0.5910800406476483,paired held-out trial IDs,paired percentile bootstrap (10000 draws)
crossattn1,1,valid,frame6,4,100,100-4,cue_peak_patch_raw,128,-0.6122964265523478,-0.6328014974074904,-0.5910226274369051,paired held-out trial IDs,paired percentile bootstrap (10000 draws)
crossattn1,1,valid,frame6,4,100,100-4,target_peak_patch_uniform_ratio,128,33.30022193165496,31.538179317861797,35.09730069213547,paired held-out trial IDs,paired percentile bootstrap (10000 draws)
crossattn1,1,valid,frame6,4,100,100-4,cue_peak_patch_uniform_ratio,128,33.30022193165496,31.551660210010596,35.08755402474198,paired held-out trial IDs,paired percentile bootstrap (10000 draws)
crossattn1,1,valid,frame6,4,100,100-4,target_peak_patch_quadrant_share,128,-0.14559209113624566,-0.1588170907668745,-0.1317648734409805,paired held-out trial IDs,paired percentile bootstrap (10000 draws)
crossattn1,1,valid,frame6,4,100,100-4,cue_peak_patch_quadrant_share,128,-0.14559209113624566,-0.15869184380510193,-0.13187279408709499,paired held-out trial IDs,paired percentile bootstrap (10000 draws)
crossattn1,1,valid,frame6,4,100,100-4,target_within_quadrant_peak_ratio,128,12.15111413358628,11.544568856223506,12.791444750030113,paired held-out trial IDs,paired percentile bootstrap (10000 draws)
crossattn1,1,valid,frame6,4,100,100-4,cue_within_quadrant_peak_ratio,128,12.15111413358628,11.5160685888552,12.789484963606066,paired held-out trial IDs,paired percentile bootstrap (10000 draws)
crossattn1,1,valid,frame6,4,100,100-4,target_minus_cue_total_mass,128,0.0,0.0,0.0,paired held-out trial IDs,paired percentile bootstrap (10000 draws)
crossattn1,1,valid,frame6,4,100,100-4,target_minus_other_total_mass,128,-0.3658163996954138,-0.3850918560501605,-0.34441146393993094,paired held-out trial IDs,paired percentile bootstrap (10000 draws)
crossattn1,1,valid,frame6,4,100,100-4,target_minus_cue_peak_share,128,0.0,0.0,0.0,paired held-out trial IDs,paired percentile bootstrap (10000 draws)
crossattn1,1,valid,frame6,4,100,100-4,target_minus_other_peak_share,128,-0.19412278818166084,-0.211702381295742,-0.17550795209483736,paired held-out trial IDs,paired percentile bootstrap (10000 draws)
crossattn1,1,valid,frame6,4,100,100-4,target_argmax_total,128,0.0078125,0.0,0.0234375,paired held-out trial IDs,paired percentile bootstrap (10000 draws)
crossattn1,1,valid,frame6,4,100,100-4,target_argmax_peak,128,0.0078125,0.0,0.0234375,paired held-out trial IDs,paired percentile bootstrap (10000 draws)
crossattn1,1,valid,frames5_6_mean,4,100,100-4,target_total_quadrant_mass,128,-0.01000994766286567,-0.02743286998815506,0.006901419203080646,paired held-out trial IDs,paired percentile bootstrap (10000 draws)
crossattn1,1,valid,frames5_6_mean,4,100,100-4,cue_total_quadrant_mass,128,-0.01000994766286567,-0.027180944949139984,0.0072007516474343275,paired held-out trial IDs,paired percentile bootstrap (10000 draws)
crossattn1,1,valid,frames5_6_mean,4,100,100-4,target_mean_patch_mass,128,-0.6125726494644459,-0.6221866033555591,-0.6013654806550827,paired held-out trial IDs,paired percentile bootstrap (10000 draws)
crossattn1,1,valid,frames5_6_mean,4,100,100-4,cue_mean_patch_mass,128,-0.6125726494644459,-0.6221042937155109,-0.6017451031467251,paired held-out trial IDs,paired percentile bootstrap (10000 draws)
crossattn1,1,valid,frames5_6_mean,4,100,100-4,target_peak_patch_raw,128,-0.34111121903697494,-0.35819126998067075,-0.32375407403887946,paired held-out trial IDs,paired percentile bootstrap (10000 draws)
crossattn1,1,valid,frames5_6_mean,4,100,100-4,cue_peak_patch_raw,128,-0.34111121903697494,-0.3582198910859006,-0.3232676896488556,paired held-out trial IDs,paired percentile bootstrap (10000 draws)
crossattn1,1,valid,frames5_6_mean,4,100,100-4,target_peak_patch_uniform_ratio,128,27.106103252095636,25.496228855843945,28.76499829651875,paired held-out trial IDs,paired percentile bootstrap (10000 draws)
crossattn1,1,valid,frames5_6_mean,4,100,100-4,cue_peak_patch_uniform_ratio,128,27.106103252095636,25.456118389431502,28.79368727470428,paired held-out trial IDs,paired percentile bootstrap (10000 draws)
crossattn1,1,valid,frames5_6_mean,4,100,100-4,target_peak_patch_quadrant_share,128,0.09753147476937311,0.07410529595120934,0.12068165339639177,paired held-out trial IDs,paired percentile bootstrap (10000 draws)
crossattn1,1,valid,frames5_6_mean,4,100,100-4,cue_peak_patch_quadrant_share,128,0.09753147476937311,0.07437291890799974,0.12048445532298033,paired held-out trial IDs,paired percentile bootstrap (10000 draws)
crossattn1,1,valid,frames5_6_mean,4,100,100-4,target_within_quadrant_peak_ratio,128,9.994178046142574,9.525792908475571,10.470655157107108,paired held-out trial IDs,paired percentile bootstrap (10000 draws)
crossattn1,1,valid,frames5_6_mean,4,100,100-4,cue_within_quadrant_peak_ratio,128,9.994178046142574,9.530374324581878,10.47139317428104,paired held-out trial IDs,paired percentile bootstrap (10000 draws)
crossattn1,1,valid,frames5_6_mean,4,100,100-4,target_minus_cue_total_mass,128,0.0,0.0,0.0,paired held-out trial IDs,paired percentile bootstrap (10000 draws)
crossattn1,1,valid,frames5_6_mean,4,100,100-4,target_minus_other_total_mass,128,-0.013346598082729057,-0.035652270103924494,0.009440590172272629,paired held-out trial IDs,paired percentile bootstrap (10000 draws)
crossattn1,1,valid,frames5_6_mean,4,100,100-4,target_minus_cue_peak_share,128,0.0,0.0,0.0,paired held-out trial IDs,paired percentile bootstrap (10000 draws)
crossattn1,1,valid,frames5_6_mean,4,100,100-4,target_minus_other_peak_share,128,0.13004196635916415,0.09979956535996039,0.16094183799814896,paired held-out trial IDs,paired percentile bootstrap (10000 draws)
crossattn1,1,valid,frames5_6_mean,4,100,100-4,target_argmax_total,128,0.0078125,0.0,0.0234375,paired held-out trial IDs,paired percentile bootstrap (10000 draws)
crossattn1,1,valid,frames5_6_mean,4,100,100-4,target_argmax_peak,128,0.0078125,0.0,0.0234375,paired held-out trial IDs,paired percentile bootstrap (10000 draws)
