label,grid,n_tokens,seed,condition,window,source,metric,n_trials,mean,ci95_low,ci95_high,interval_unit,interval_method
vda4_crossattn1_grid10x10_seed0,10x10,100,0,invalid,frame5,memory,source_total_share,128,0.6544338591229462,0.6534530209718923,0.6554430168969247,held-out trials,percentile bootstrap (10000 draws)
vda4_crossattn1_grid10x10_seed0,10x10,100,0,invalid,frame5,memory,target_raw_total_quadrant_mass,128,0.1530392195309105,0.1524498396106992,0.1536307225341261,held-out trials,percentile bootstrap (10000 draws)
vda4_crossattn1_grid10x10_seed0,10x10,100,0,invalid,frame5,memory,cue_raw_total_quadrant_mass,128,0.19730017356232565,0.1958551007578535,0.19878442727558648,held-out trials,percentile bootstrap (10000 draws)
vda4_crossattn1_grid10x10_seed0,10x10,100,0,invalid,frame5,memory,target_raw_peak_patch,128,0.008093565458693774,0.007915336354562897,0.008285070948841167,held-out trials,percentile bootstrap (10000 draws)
vda4_crossattn1_grid10x10_seed0,10x10,100,0,invalid,frame5,memory,cue_raw_peak_patch,128,0.017219591507455334,0.016142431775551812,0.018367042734280404,held-out trials,percentile bootstrap (10000 draws)
vda4_crossattn1_grid10x10_seed0,10x10,100,0,invalid,frame5,memory,target_raw_peak_patch_uniform_ratio,128,1.6187130917387549,1.5833917601048597,1.6556433385449054,held-out trials,percentile bootstrap (10000 draws)
vda4_crossattn1_grid10x10_seed0,10x10,100,0,invalid,frame5,memory,cue_raw_peak_patch_uniform_ratio,128,3.443918301491067,3.219824377229088,3.6741126547713066,held-out trials,percentile bootstrap (10000 draws)
vda4_crossattn1_grid10x10_seed0,10x10,100,0,invalid,frame5,memory,target_conditional_total_quadrant_mass,128,0.2338554512660019,0.2329863223120483,0.23474024257082854,held-out trials,percentile bootstrap (10000 draws)
vda4_crossattn1_grid10x10_seed0,10x10,100,0,invalid,frame5,memory,cue_conditional_total_quadrant_mass,128,0.3014686925863718,0.29929966598716473,0.3036850313896578,held-out trials,percentile bootstrap (10000 draws)
vda4_crossattn1_grid10x10_seed0,10x10,100,0,invalid,frame5,memory,target_conditional_peak_patch,128,0.012368548864563346,0.012102369426738693,0.012660893507216725,held-out trials,percentile bootstrap (10000 draws)
vda4_crossattn1_grid10x10_seed0,10x10,100,0,invalid,frame5,memory,cue_conditional_peak_patch,128,0.026299688634277674,0.024626653999569453,0.028030260318223345,held-out trials,percentile bootstrap (10000 draws)
vda4_crossattn1_grid10x10_seed0,10x10,100,0,invalid,frame5,memory,target_conditional_peak_patch_uniform_ratio,128,1.2368548864563347,1.209844860114793,1.2658165724822728,held-out trials,percentile bootstrap (10000 draws)
vda4_crossattn1_grid10x10_seed0,10x10,100,0,invalid,frame5,memory,cue_conditional_peak_patch_uniform_ratio,128,2.629968863427768,2.463540616116616,2.8016621473111205,held-out trials,percentile bootstrap (10000 draws)
vda4_crossattn1_grid10x10_seed0,10x10,100,0,invalid,frame5,memory,target_peak_patch_quadrant_share,128,0.2007975028369845,0.19438242111946444,0.2072235543277444,held-out trials,percentile bootstrap (10000 draws)
vda4_crossattn1_grid10x10_seed0,10x10,100,0,invalid,frame5,memory,cue_peak_patch_quadrant_share,128,0.40523768413043104,0.38919609081269446,0.4216141593449353,held-out trials,percentile bootstrap (10000 draws)
vda4_crossattn1_grid10x10_seed0,10x10,100,0,invalid,frame5,memory,target_within_quadrant_peak_ratio,128,1.3213067284496636,1.294047052359039,1.3501161081406667,held-out trials,percentile bootstrap (10000 draws)
vda4_crossattn1_grid10x10_seed0,10x10,100,0,invalid,frame5,memory,cue_within_quadrant_peak_ratio,128,2.157441790712342,2.030147718579193,2.288460750864152,held-out trials,percentile bootstrap (10000 draws)
vda4_crossattn1_grid10x10_seed0,10x10,100,0,invalid,frame5,memory,target_minus_cue_raw_total_mass,128,-0.04426095403141517,-0.046129848160535405,-0.04238246549148243,held-out trials,percentile bootstrap (10000 draws)
vda4_crossattn1_grid10x10_seed0,10x10,100,0,invalid,frame5,memory,target_minus_other_raw_total_mass,128,-0.014092326999768073,-0.014868966645387144,-0.013322726452527908,held-out trials,percentile bootstrap (10000 draws)
vda4_crossattn1_grid10x10_seed0,10x10,100,0,invalid,frame5,memory,target_minus_cue_raw_peak,128,-0.00912602604876156,-0.010314704038137279,-0.008021895305500949,held-out trials,percentile bootstrap (10000 draws)
vda4_crossattn1_grid10x10_seed0,10x10,100,0,invalid,frame5,memory,target_minus_other_raw_peak,128,-0.002947214428180208,-0.003395698023390044,-0.0025179266570072895,held-out trials,percentile bootstrap (10000 draws)
vda4_crossattn1_grid10x10_seed0,10x10,100,0,invalid,frame5,memory,target_minus_cue_peak_share,128,-0.2044401812934465,-0.22600887323234298,-0.18316479929124957,held-out trials,percentile bootstrap (10000 draws)
vda4_crossattn1_grid10x10_seed0,10x10,100,0,invalid,frame5,memory,target_minus_other_peak_share,128,-0.06560332955068729,-0.07415931355883612,-0.057154207190923935,held-out trials,percentile bootstrap (10000 draws)
vda4_crossattn1_grid10x10_seed0,10x10,100,0,invalid,frame5,memory,target_argmax_raw_total,128,0.0,0.0,0.0,held-out trials,percentile bootstrap (10000 draws)
vda4_crossattn1_grid10x10_seed0,10x10,100,0,invalid,frame5,memory,target_argmax_raw_peak,128,0.0078125,0.0,0.0234375,held-out trials,percentile bootstrap (10000 draws)
vda4_crossattn1_grid10x10_seed0,10x10,100,0,invalid,frame5,visual,source_total_share,128,0.3455661410197308,0.34457857629727895,0.3465794074207288,held-out trials,percentile bootstrap (10000 draws)
vda4_crossattn1_grid10x10_seed0,10x10,100,0,invalid,frame5,visual,target_raw_total_quadrant_mass,128,0.08298090476375819,0.08269986002560045,0.08326702856046139,held-out trials,percentile bootstrap (10000 draws)
vda4_crossattn1_grid10x10_seed0,10x10,100,0,invalid,frame5,visual,cue_raw_total_quadrant_mass,128,0.0853685547643579,0.08496903902631985,0.08577865189983953,held-out trials,percentile bootstrap (10000 draws)
vda4_crossattn1_grid10x10_seed0,10x10,100,0,invalid,frame5,visual,target_raw_peak_patch,128,0.007528953872679267,0.0074944366039744635,0.007562587147822342,held-out trials,percentile bootstrap (10000 draws)
vda4_crossattn1_grid10x10_seed0,10x10,100,0,invalid,frame5,visual,cue_raw_peak_patch,128,0.006374192013026914,0.006348911502391275,0.0064006906024587805,held-out trials,percentile bootstrap (10000 draws)
vda4_crossattn1_grid10x10_seed0,10x10,100,0,invalid,frame5,visual,target_raw_peak_patch_uniform_ratio,128,1.5057907745358534,1.4988760390951938,1.5124382794783742,held-out trials,percentile bootstrap (10000 draws)
vda4_crossattn1_grid10x10_seed0,10x10,100,0,invalid,frame5,visual,cue_raw_peak_patch_uniform_ratio,128,1.2748384026053827,1.2697460955860151,1.2800714436525595,held-out trials,percentile bootstrap (10000 draws)
vda4_crossattn1_grid10x10_seed0,10x10,100,0,invalid,frame5,visual,target_conditional_total_quadrant_mass,128,0.24014949094626487,0.23949462789707598,0.24083464056599665,held-out trials,percentile bootstrap (10000 draws)
vda4_crossattn1_grid10x10_seed0,10x10,100,0,invalid,frame5,visual,cue_conditional_total_quadrant_mass,128,0.2470315996017533,0.2461892750650789,0.2479159157636278,held-out trials,percentile bootstrap (10000 draws)
vda4_crossattn1_grid10x10_seed0,10x10,100,0,invalid,frame5,visual,target_conditional_peak_patch,128,0.021788786171353977,0.021700319637535898,0.021873951896965397,held-out trials,percentile bootstrap (10000 draws)
vda4_crossattn1_grid10x10_seed0,10x10,100,0,invalid,frame5,visual,cue_conditional_peak_patch,128,0.018445996984665675,0.018392105095976455,0.018505044648833957,held-out trials,percentile bootstrap (10000 draws)
vda4_crossattn1_grid10x10_seed0,10x10,100,0,invalid,frame5,visual,target_conditional_peak_patch_uniform_ratio,128,2.1788786171353975,2.170281948406584,2.1873665314072563,held-out trials,percentile bootstrap (10000 draws)
vda4_crossattn1_grid10x10_seed0,10x10,100,0,invalid,frame5,visual,cue_conditional_peak_patch_uniform_ratio,128,1.8445996984665678,1.8392728766067896,1.8505126734425836,held-out trials,percentile bootstrap (10000 draws)
vda4_crossattn1_grid10x10_seed0,10x10,100,0,invalid,frame5,visual,target_peak_patch_quadrant_share,128,0.27255444912576016,0.2720544891993212,0.27302233429847406,held-out trials,percentile bootstrap (10000 draws)
vda4_crossattn1_grid10x10_seed0,10x10,100,0,invalid,frame5,visual,cue_peak_patch_quadrant_share,128,0.2307884036148519,0.23012573035708075,0.23148275192889337,held-out trials,percentile bootstrap (10000 draws)
vda4_crossattn1_grid10x10_seed0,10x10,100,0,invalid,frame5,visual,target_within_quadrant_peak_ratio,128,2.268874561736783,2.2572132686364834,2.280112179062444,held-out trials,percentile bootstrap (10000 draws)
vda4_crossattn1_grid10x10_seed0,10x10,100,0,invalid,frame5,visual,cue_within_quadrant_peak_ratio,128,1.8673352616498977,1.8599268713543389,1.8743881523703982,held-out trials,percentile bootstrap (10000 draws)
vda4_crossattn1_grid10x10_seed0,10x10,100,0,invalid,frame5,visual,target_minus_cue_raw_total_mass,128,-0.002387650000599706,-0.0028502961873357437,-0.0019510440284591368,held-out trials,percentile bootstrap (10000 draws)
vda4_crossattn1_grid10x10_seed0,10x10,100,0,invalid,frame5,visual,target_minus_other_raw_total_mass,128,-0.0045475073215660205,-0.0048617644201326485,-0.0042403472685561385,held-out trials,percentile bootstrap (10000 draws)
vda4_crossattn1_grid10x10_seed0,10x10,100,0,invalid,frame5,visual,target_minus_cue_raw_peak,128,0.0011547618596523535,0.0011260747317464847,0.0011820157793408725,held-out trials,percentile bootstrap (10000 draws)
vda4_crossattn1_grid10x10_seed0,10x10,100,0,invalid,frame5,visual,target_minus_other_raw_peak,128,0.000830907544392782,0.0008114229008848876,0.0008484664239707247,held-out trials,percentile bootstrap (10000 draws)
vda4_crossattn1_grid10x10_seed0,10x10,100,0,invalid,frame5,visual,target_minus_cue_peak_share,128,0.041766045510908276,0.04079357077703003,0.04271183047797956,held-out trials,percentile bootstrap (10000 draws)
vda4_crossattn1_grid10x10_seed0,10x10,100,0,invalid,frame5,visual,target_minus_other_peak_share,128,0.030072598834346913,0.029398981606615006,0.03067731103031114,held-out trials,percentile bootstrap (10000 draws)
vda4_crossattn1_grid10x10_seed0,10x10,100,0,invalid,frame5,visual,target_argmax_raw_total,128,0.0,0.0,0.0,held-out trials,percentile bootstrap (10000 draws)
vda4_crossattn1_grid10x10_seed0,10x10,100,0,invalid,frame5,visual,target_argmax_raw_peak,128,0.96875,0.9375,0.9921875,held-out trials,percentile bootstrap (10000 draws)
vda4_crossattn1_grid10x10_seed0,10x10,100,0,invalid,frame6,memory,source_total_share,128,0.6664215819164383,0.6652956465344232,0.6675416579786543,held-out trials,percentile bootstrap (10000 draws)
vda4_crossattn1_grid10x10_seed0,10x10,100,0,invalid,frame6,memory,target_raw_total_quadrant_mass,128,0.2190682832897437,0.2145839776046614,0.22372342812159332,held-out trials,percentile bootstrap (10000 draws)
vda4_crossattn1_grid10x10_seed0,10x10,100,0,invalid,frame6,memory,cue_raw_total_quadrant_mass,128,0.18031923207672662,0.17751335343355096,0.1833646226073597,held-out trials,percentile bootstrap (10000 draws)
vda4_crossattn1_grid10x10_seed0,10x10,100,0,invalid,frame6,memory,target_raw_peak_patch,128,0.044395121389243286,0.041331805536174215,0.04754836625561438,held-out trials,percentile bootstrap (10000 draws)
vda4_crossattn1_grid10x10_seed0,10x10,100,0,invalid,frame6,memory,cue_raw_peak_patch,128,0.017745384273439413,0.01607084214929273,0.01975801345624859,held-out trials,percentile bootstrap (10000 draws)
vda4_crossattn1_grid10x10_seed0,10x10,100,0,invalid,frame6,memory,target_raw_peak_patch_uniform_ratio,128,8.879024277848657,8.269794374027697,9.49770483381144,held-out trials,percentile bootstrap (10000 draws)
vda4_crossattn1_grid10x10_seed0,10x10,100,0,invalid,frame6,memory,cue_raw_peak_patch_uniform_ratio,128,3.5490768546878826,3.2111246729073173,3.944616908502212,held-out trials,percentile bootstrap (10000 draws)
vda4_crossattn1_grid10x10_seed0,10x10,100,0,invalid,frame6,memory,target_conditional_total_quadrant_mass,128,0.3286866602709039,0.3220433974618848,0.335383083275111,held-out trials,percentile bootstrap (10000 draws)
vda4_crossattn1_grid10x10_seed0,10x10,100,0,invalid,frame6,memory,cue_conditional_total_quadrant_mass,128,0.27056952658998573,0.2663521086590355,0.2751056500333842,held-out trials,percentile bootstrap (10000 draws)
vda4_crossattn1_grid10x10_seed0,10x10,100,0,invalid,frame6,memory,target_conditional_peak_patch,128,0.06658974123757685,0.06190976644712225,0.07121557586149962,held-out trials,percentile bootstrap (10000 draws)
vda4_crossattn1_grid10x10_seed0,10x10,100,0,invalid,frame6,memory,cue_conditional_peak_patch,128,0.026603112492418875,0.024025068725619693,0.029546565257378476,held-out trials,percentile bootstrap (10000 draws)
vda4_crossattn1_grid10x10_seed0,10x10,100,0,invalid,frame6,memory,target_conditional_peak_patch_uniform_ratio,128,6.6589741237576865,6.199659036293464,7.122092690469302,held-out trials,percentile bootstrap (10000 draws)
vda4_crossattn1_grid10x10_seed0,10x10,100,0,invalid,frame6,memory,cue_conditional_peak_patch_uniform_ratio,128,2.6603112492418877,2.4066497053590417,2.9661009990463216,held-out trials,percentile bootstrap (10000 draws)
vda4_crossattn1_grid10x10_seed0,10x10,100,0,invalid,frame6,memory,target_peak_patch_quadrant_share,128,0.5591416402387628,0.5355896894789132,0.5818876127111953,held-out trials,percentile bootstrap (10000 draws)
vda4_crossattn1_grid10x10_seed0,10x10,100,0,invalid,frame6,memory,cue_peak_patch_quadrant_share,128,0.23166772594342283,0.21480697314127853,0.24947679220594385,held-out trials,percentile bootstrap (10000 draws)
vda4_crossattn1_grid10x10_seed0,10x10,100,0,invalid,frame6,memory,target_within_quadrant_peak_ratio,128,4.926074349159595,4.65015922365733,5.200664033193045,held-out trials,percentile bootstrap (10000 draws)
vda4_crossattn1_grid10x10_seed0,10x10,100,0,invalid,frame6,memory,cue_within_quadrant_peak_ratio,128,2.387366951119511,2.205927007544653,2.5831200617153374,held-out trials,percentile bootstrap (10000 draws)
vda4_crossattn1_grid10x10_seed0,10x10,100,0,invalid,frame6,memory,target_minus_cue_raw_total_mass,128,0.03874905121301708,0.03179033407291172,0.04575544204203652,held-out trials,percentile bootstrap (10000 draws)
vda4_crossattn1_grid10x10_seed0,10x10,100,0,invalid,frame6,memory,target_minus_other_raw_total_mass,128,0.06995051708084551,0.06407042205253978,0.07603943103419322,held-out trials,percentile bootstrap (10000 draws)
vda4_crossattn1_grid10x10_seed0,10x10,100,0,invalid,frame6,memory,target_minus_cue_raw_peak,128,0.026649737115803873,0.022964010509167566,0.030408327210261633,held-out trials,percentile bootstrap (10000 draws)
vda4_crossattn1_grid10x10_seed0,10x10,100,0,invalid,frame6,memory,target_minus_other_raw_peak,128,0.03348595386341913,0.03015949919814981,0.03673254582960605,held-out trials,percentile bootstrap (10000 draws)
vda4_crossattn1_grid10x10_seed0,10x10,100,0,invalid,frame6,memory,target_minus_cue_peak_share,128,0.32747391429533995,0.2874157404752065,0.3655252642754728,held-out trials,percentile bootstrap (10000 draws)
vda4_crossattn1_grid10x10_seed0,10x10,100,0,invalid,frame6,memory,target_minus_other_peak_share,128,0.41218885365168373,0.38148782779294127,0.44191649257418414,held-out trials,percentile bootstrap (10000 draws)
vda4_crossattn1_grid10x10_seed0,10x10,100,0,invalid,frame6,memory,target_argmax_raw_total,128,0.8671875,0.8046875,0.921875,held-out trials,percentile bootstrap (10000 draws)
vda4_crossattn1_grid10x10_seed0,10x10,100,0,invalid,frame6,memory,target_argmax_raw_peak,128,0.921875,0.875,0.9609375,held-out trials,percentile bootstrap (10000 draws)
vda4_crossattn1_grid10x10_seed0,10x10,100,0,invalid,frame6,visual,source_total_share,128,0.33357841853279524,0.332458148636556,0.33464465322360865,held-out trials,percentile bootstrap (10000 draws)
vda4_crossattn1_grid10x10_seed0,10x10,100,0,invalid,frame6,visual,target_raw_total_quadrant_mass,128,0.08181376383976158,0.0814998982928273,0.08213455022662117,held-out trials,percentile bootstrap (10000 draws)
vda4_crossattn1_grid10x10_seed0,10x10,100,0,invalid,frame6,visual,cue_raw_total_quadrant_mass,128,0.08210489004306964,0.0817460903057082,0.08245728108633585,held-out trials,percentile bootstrap (10000 draws)
vda4_crossattn1_grid10x10_seed0,10x10,100,0,invalid,frame6,visual,target_raw_peak_patch,128,0.006332640299660852,0.006302416127437027,0.006362283284215664,held-out trials,percentile bootstrap (10000 draws)
vda4_crossattn1_grid10x10_seed0,10x10,100,0,invalid,frame6,visual,cue_raw_peak_patch,128,0.005843648825248238,0.005823327692814928,0.005863978583329299,held-out trials,percentile bootstrap (10000 draws)
vda4_crossattn1_grid10x10_seed0,10x10,100,0,invalid,frame6,visual,target_raw_peak_patch_uniform_ratio,128,1.2665280599321704,1.2603553960798308,1.2724083937246178,held-out trials,percentile bootstrap (10000 draws)
vda4_crossattn1_grid10x10_seed0,10x10,100,0,invalid,frame6,visual,cue_raw_peak_patch_uniform_ratio,128,1.1687297650496475,1.164554120368848,1.172767142743396,held-out trials,percentile bootstrap (10000 draws)
vda4_crossattn1_grid10x10_seed0,10x10,100,0,invalid,frame6,visual,target_conditional_total_quadrant_mass,128,0.2452699719709328,0.244676421561329,0.24585759373535893,held-out trials,percentile bootstrap (10000 draws)
vda4_crossattn1_grid10x10_seed0,10x10,100,0,invalid,frame6,visual,cue_conditional_total_quadrant_mass,128,0.24612967242673106,0.24550760260735743,0.24676000877900361,held-out trials,percentile bootstrap (10000 draws)
vda4_crossattn1_grid10x10_seed0,10x10,100,0,invalid,frame6,visual,target_conditional_peak_patch,128,0.018984303148005283,0.018916818653799062,0.0190519165208385,held-out trials,percentile bootstrap (10000 draws)
vda4_crossattn1_grid10x10_seed0,10x10,100,0,invalid,frame6,visual,cue_conditional_peak_patch,128,0.017518568623107786,0.017488934034820394,0.01754834201099909,held-out trials,percentile bootstrap (10000 draws)
vda4_crossattn1_grid10x10_seed0,10x10,100,0,invalid,frame6,visual,target_conditional_peak_patch_uniform_ratio,128,1.8984303148005282,1.8916034375141224,1.9052964915940434,held-out trials,percentile bootstrap (10000 draws)
vda4_crossattn1_grid10x10_seed0,10x10,100,0,invalid,frame6,visual,cue_conditional_peak_patch_uniform_ratio,128,1.7518568623107784,1.7488374616002509,1.754876193955089,held-out trials,percentile bootstrap (10000 draws)
vda4_crossattn1_grid10x10_seed0,10x10,100,0,invalid,frame6,visual,target_peak_patch_quadrant_share,128,0.258606308393928,0.2580921206132274,0.2590973817380041,held-out trials,percentile bootstrap (10000 draws)
vda4_crossattn1_grid10x10_seed0,10x10,100,0,invalid,frame6,visual,cue_peak_patch_quadrant_share,128,0.238672834229198,0.23833769755612302,0.23899758433474183,held-out trials,percentile bootstrap (10000 draws)
vda4_crossattn1_grid10x10_seed0,10x10,100,0,invalid,frame6,visual,target_within_quadrant_peak_ratio,128,1.9355332739617133,1.9261757099284131,1.9447508637017612,held-out trials,percentile bootstrap (10000 draws)
vda4_crossattn1_grid10x10_seed0,10x10,100,0,invalid,frame6,visual,cue_within_quadrant_peak_ratio,128,1.7798607241268343,1.7735614002099696,1.7860080602392117,held-out trials,percentile bootstrap (10000 draws)
vda4_crossattn1_grid10x10_seed0,10x10,100,0,invalid,frame6,visual,target_minus_cue_raw_total_mass,128,-0.0002911262033080675,-0.0006177251482185397,4.309826003918711e-05,held-out trials,percentile bootstrap (10000 draws)
vda4_crossattn1_grid10x10_seed0,10x10,100,0,invalid,frame6,visual,target_minus_other_raw_total_mass,128,-0.0021077877245829772,-0.002369158987201559,-0.0018506963598791044,held-out trials,percentile bootstrap (10000 draws)
vda4_crossattn1_grid10x10_seed0,10x10,100,0,invalid,frame6,visual,target_minus_cue_raw_peak,128,0.0004889914744126145,0.000469056562451442,0.0005092182996122574,held-out trials,percentile bootstrap (10000 draws)
vda4_crossattn1_grid10x10_seed0,10x10,100,0,invalid,frame6,visual,target_minus_other_raw_peak,128,0.00028180005150109844,0.0002651895260593544,0.00029796141134283974,held-out trials,percentile bootstrap (10000 draws)
vda4_crossattn1_grid10x10_seed0,10x10,100,0,invalid,frame6,visual,target_minus_cue_peak_share,128,0.01993347416473005,0.01913192331703219,0.02074217344735586,held-out trials,percentile bootstrap (10000 draws)
vda4_crossattn1_grid10x10_seed0,10x10,100,0,invalid,frame6,visual,target_minus_other_peak_share,128,0.01147507785857069,0.010823977665626988,0.012118108165618502,held-out trials,percentile bootstrap (10000 draws)
vda4_crossattn1_grid10x10_seed0,10x10,100,0,invalid,frame6,visual,target_argmax_raw_total,128,0.0,0.0,0.0,held-out trials,percentile bootstrap (10000 draws)
vda4_crossattn1_grid10x10_seed0,10x10,100,0,invalid,frame6,visual,target_argmax_raw_peak,128,0.0,0.0,0.0,held-out trials,percentile bootstrap (10000 draws)
vda4_crossattn1_grid10x10_seed0,10x10,100,0,invalid,frames5_6_mean,memory,source_total_share,128,0.6604277205196922,0.659515191825949,0.6613694946643364,held-out trials,percentile bootstrap (10000 draws)
vda4_crossattn1_grid10x10_seed0,10x10,100,0,invalid,frames5_6_mean,memory,target_raw_total_quadrant_mass,128,0.1860537514103271,0.18375849895307966,0.1884006904309672,held-out trials,percentile bootstrap (10000 draws)
vda4_crossattn1_grid10x10_seed0,10x10,100,0,invalid,frames5_6_mean,memory,cue_raw_total_quadrant_mass,128,0.18880970281952614,0.18697314731221013,0.19071294455879978,held-out trials,percentile bootstrap (10000 draws)
vda4_crossattn1_grid10x10_seed0,10x10,100,0,invalid,frames5_6_mean,memory,target_raw_peak_patch,128,0.02624434342396853,0.024696394556076483,0.027811936724810946,held-out trials,percentile bootstrap (10000 draws)
vda4_crossattn1_grid10x10_seed0,10x10,100,0,invalid,frames5_6_mean,memory,cue_raw_peak_patch,128,0.017482487890447374,0.016226433090878345,0.018839622123869047,held-out trials,percentile bootstrap (10000 draws)
vda4_crossattn1_grid10x10_seed0,10x10,100,0,invalid,frames5_6_mean,memory,target_raw_peak_patch_uniform_ratio,128,5.248868684793706,4.951407964481405,5.558134865086686,held-out trials,percentile bootstrap (10000 draws)
vda4_crossattn1_grid10x10_seed0,10x10,100,0,invalid,frames5_6_mean,memory,cue_raw_peak_patch_uniform_ratio,128,3.4964975780894747,3.2503315639587527,3.767101699486375,held-out trials,percentile bootstrap (10000 draws)
vda4_crossattn1_grid10x10_seed0,10x10,100,0,invalid,frames5_6_mean,memory,target_conditional_total_quadrant_mass,128,0.2812710557684529,0.2777901557475467,0.28483196516025017,held-out trials,percentile bootstrap (10000 draws)
vda4_crossattn1_grid10x10_seed0,10x10,100,0,invalid,frames5_6_mean,memory,cue_conditional_total_quadrant_mass,128,0.2860191095881787,0.2832383167449378,0.28887893086245087,held-out trials,percentile bootstrap (10000 draws)
vda4_crossattn1_grid10x10_seed0,10x10,100,0,invalid,frames5_6_mean,memory,target_conditional_peak_patch,128,0.03947914505107011,0.03713128258615399,0.04188775160661134,held-out trials,percentile bootstrap (10000 draws)
vda4_crossattn1_grid10x10_seed0,10x10,100,0,invalid,frames5_6_mean,memory,cue_conditional_peak_patch,128,0.026451400563348274,0.024557900409239698,0.02848034378759925,held-out trials,percentile bootstrap (10000 draws)
vda4_crossattn1_grid10x10_seed0,10x10,100,0,invalid,frames5_6_mean,memory,target_conditional_peak_patch_uniform_ratio,128,3.9479145051070104,3.722039667674099,4.1798022089241185,held-out trials,percentile bootstrap (10000 draws)
vda4_crossattn1_grid10x10_seed0,10x10,100,0,invalid,frames5_6_mean,memory,cue_conditional_peak_patch_uniform_ratio,128,2.6451400563348275,2.458969183205308,2.8440517642202034,held-out trials,percentile bootstrap (10000 draws)
vda4_crossattn1_grid10x10_seed0,10x10,100,0,invalid,frames5_6_mean,memory,target_peak_patch_quadrant_share,128,0.37996957153787364,0.367223363674543,0.3921519267794219,held-out trials,percentile bootstrap (10000 draws)
vda4_crossattn1_grid10x10_seed0,10x10,100,0,invalid,frames5_6_mean,memory,cue_peak_patch_quadrant_share,128,0.3184527050369269,0.3045600108340227,0.332812881290273,held-out trials,percentile bootstrap (10000 draws)
vda4_crossattn1_grid10x10_seed0,10x10,100,0,invalid,frames5_6_mean,memory,target_within_quadrant_peak_ratio,128,3.1236905388046297,2.987306077513085,3.2592141301970248,held-out trials,percentile bootstrap (10000 draws)
vda4_crossattn1_grid10x10_seed0,10x10,100,0,invalid,frames5_6_mean,memory,cue_within_quadrant_peak_ratio,128,2.2724043709159263,2.138518759604754,2.4139420056920757,held-out trials,percentile bootstrap (10000 draws)
vda4_crossattn1_grid10x10_seed0,10x10,100,0,invalid,frames5_6_mean,memory,target_minus_cue_raw_total_mass,128,-0.0027559514091990422,-0.006494350635080082,0.0010926453648153218,held-out trials,percentile bootstrap (10000 draws)
vda4_crossattn1_grid10x10_seed0,10x10,100,0,invalid,frames5_6_mean,memory,target_minus_other_raw_total_mass,128,0.02792909504053872,0.024866251191876167,0.030983003458489592,held-out trials,percentile bootstrap (10000 draws)
vda4_crossattn1_grid10x10_seed0,10x10,100,0,invalid,frames5_6_mean,memory,target_minus_cue_raw_peak,128,0.008761855533521157,0.0067167175106988,0.010791454480977337,held-out trials,percentile bootstrap (10000 draws)
vda4_crossattn1_grid10x10_seed0,10x10,100,0,invalid,frames5_6_mean,memory,target_minus_other_raw_peak,128,0.015269369717619458,0.0136425579702518,0.016935882790691418,held-out trials,percentile bootstrap (10000 draws)
vda4_crossattn1_grid10x10_seed0,10x10,100,0,invalid,frames5_6_mean,memory,target_minus_cue_peak_share,128,0.061516866500946725,0.036389329564722975,0.0864348778349888,held-out trials,percentile bootstrap (10000 draws)
vda4_crossattn1_grid10x10_seed0,10x10,100,0,invalid,frames5_6_mean,memory,target_minus_other_peak_share,128,0.1732927620504982,0.15637617441048876,0.1898522816617834,held-out trials,percentile bootstrap (10000 draws)
vda4_crossattn1_grid10x10_seed0,10x10,100,0,invalid,frames5_6_mean,memory,target_argmax_raw_total,128,0.4453125,0.359375,0.53125,held-out trials,percentile bootstrap (10000 draws)
vda4_crossattn1_grid10x10_seed0,10x10,100,0,invalid,frames5_6_mean,memory,target_argmax_raw_peak,128,0.7890625,0.71875,0.859375,held-out trials,percentile bootstrap (10000 draws)
vda4_crossattn1_grid10x10_seed0,10x10,100,0,invalid,frames5_6_mean,visual,source_total_share,128,0.33957227977626303,0.3386593417655927,0.3404867261930363,held-out trials,percentile bootstrap (10000 draws)
vda4_crossattn1_grid10x10_seed0,10x10,100,0,invalid,frames5_6_mean,visual,target_raw_total_quadrant_mass,128,0.08239733430175988,0.08214190835745576,0.08265876149955247,held-out trials,percentile bootstrap (10000 draws)
vda4_crossattn1_grid10x10_seed0,10x10,100,0,invalid,frames5_6_mean,visual,cue_raw_total_quadrant_mass,128,0.08373672240371377,0.08340274910575438,0.08408429597797991,held-out trials,percentile bootstrap (10000 draws)
vda4_crossattn1_grid10x10_seed0,10x10,100,0,invalid,frames5_6_mean,visual,target_raw_peak_patch,128,0.00693079708617006,0.006900978034946092,0.006959298556876092,held-out trials,percentile bootstrap (10000 draws)
vda4_crossattn1_grid10x10_seed0,10x10,100,0,invalid,frames5_6_mean,visual,cue_raw_peak_patch,128,0.006108920419137576,0.006089407193303487,0.006129154375958024,held-out trials,percentile bootstrap (10000 draws)
vda4_crossattn1_grid10x10_seed0,10x10,100,0,invalid,frames5_6_mean,visual,target_raw_peak_patch_uniform_ratio,128,1.386159417234012,1.3800363459813525,1.391932594251557,held-out trials,percentile bootstrap (10000 draws)
vda4_crossattn1_grid10x10_seed0,10x10,100,0,invalid,frames5_6_mean,visual,cue_raw_peak_patch_uniform_ratio,128,1.2217840838275151,1.2177711725234985,1.2257896463324869,held-out trials,percentile bootstrap (10000 draws)
vda4_crossattn1_grid10x10_seed0,10x10,100,0,invalid,frames5_6_mean,visual,target_conditional_total_quadrant_mass,128,0.24270973145859887,0.24212933677258971,0.24328386637616475,held-out trials,percentile bootstrap (10000 draws)
vda4_crossattn1_grid10x10_seed0,10x10,100,0,invalid,frames5_6_mean,visual,cue_conditional_total_quadrant_mass,128,0.24658063601424218,0.24590203431075966,0.24727032934703352,held-out trials,percentile bootstrap (10000 draws)
vda4_crossattn1_grid10x10_seed0,10x10,100,0,invalid,frames5_6_mean,visual,target_conditional_peak_patch,128,0.02038654465967963,0.0203127235099837,0.02046012667980668,held-out trials,percentile bootstrap (10000 draws)
vda4_crossattn1_grid10x10_seed0,10x10,100,0,invalid,frames5_6_mean,visual,cue_conditional_peak_patch,128,0.01798228280388673,0.01794731590025708,0.018018732764573074,held-out trials,percentile bootstrap (10000 draws)
vda4_crossattn1_grid10x10_seed0,10x10,100,0,invalid,frames5_6_mean,visual,target_conditional_peak_patch_uniform_ratio,128,2.038654465967963,2.031147741617482,2.0460035116045594,held-out trials,percentile bootstrap (10000 draws)
vda4_crossattn1_grid10x10_seed0,10x10,100,0,invalid,frames5_6_mean,visual,cue_conditional_peak_patch_uniform_ratio,128,1.798228280388673,1.7946978286363537,1.8018452029420835,held-out trials,percentile bootstrap (10000 draws)
vda4_crossattn1_grid10x10_seed0,10x10,100,0,invalid,frames5_6_mean,visual,target_peak_patch_quadrant_share,128,0.2655803787598441,0.26514585511811695,0.26600691266094934,held-out trials,percentile bootstrap (10000 draws)
vda4_crossattn1_grid10x10_seed0,10x10,100,0,invalid,frames5_6_mean,visual,cue_peak_patch_quadrant_share,128,0.23473061892202493,0.23429123797957066,0.23516960023519268,held-out trials,percentile bootstrap (10000 draws)
vda4_crossattn1_grid10x10_seed0,10x10,100,0,invalid,frames5_6_mean,visual,target_within_quadrant_peak_ratio,128,2.102203917849248,2.0927327432388876,2.11206257126485,held-out trials,percentile bootstrap (10000 draws)
vda4_crossattn1_grid10x10_seed0,10x10,100,0,invalid,frames5_6_mean,visual,cue_within_quadrant_peak_ratio,128,1.823597992888366,1.8176692266614964,1.8292812125638196,held-out trials,percentile bootstrap (10000 draws)
vda4_crossattn1_grid10x10_seed0,10x10,100,0,invalid,frames5_6_mean,visual,target_minus_cue_raw_total_mass,128,-0.0013393881019538867,-0.001695217447101527,-0.0009855194317246684,held-out trials,percentile bootstrap (10000 draws)
vda4_crossattn1_grid10x10_seed0,10x10,100,0,invalid,frames5_6_mean,visual,target_minus_other_raw_total_mass,128,-0.003327647523074499,-0.003588929046531912,-0.0030620959835813964,held-out trials,percentile bootstrap (10000 draws)
vda4_crossattn1_grid10x10_seed0,10x10,100,0,invalid,frames5_6_mean,visual,target_minus_cue_raw_peak,128,0.000821876667032484,0.0007999254366950481,0.0008433658028479841,held-out trials,percentile bootstrap (10000 draws)
vda4_crossattn1_grid10x10_seed0,10x10,100,0,invalid,frames5_6_mean,visual,target_minus_other_raw_peak,128,0.0005563537979469402,0.0005405732568760868,0.000571897304189406,held-out trials,percentile bootstrap (10000 draws)
vda4_crossattn1_grid10x10_seed0,10x10,100,0,invalid,frames5_6_mean,visual,target_minus_cue_peak_share,128,0.030849759837819162,0.03006071377482058,0.0316340807362438,held-out trials,percentile bootstrap (10000 draws)
vda4_crossattn1_grid10x10_seed0,10x10,100,0,invalid,frames5_6_mean,visual,target_minus_other_peak_share,128,0.020773838346458802,0.020191664948539984,0.02134113929417371,held-out trials,percentile bootstrap (10000 draws)
vda4_crossattn1_grid10x10_seed0,10x10,100,0,invalid,frames5_6_mean,visual,target_argmax_raw_total,128,0.0,0.0,0.0,held-out trials,percentile bootstrap (10000 draws)
vda4_crossattn1_grid10x10_seed0,10x10,100,0,invalid,frames5_6_mean,visual,target_argmax_raw_peak,128,0.265625,0.1875,0.34375,held-out trials,percentile bootstrap (10000 draws)
vda4_crossattn1_grid10x10_seed0,10x10,100,0,valid,frame5,memory,source_total_share,128,0.6542366552421299,0.6533162138751777,0.6551349480784211,held-out trials,percentile bootstrap (10000 draws)
vda4_crossattn1_grid10x10_seed0,10x10,100,0,valid,frame5,memory,target_raw_total_quadrant_mass,128,0.1970510569444741,0.19551492239857,0.19865207822595038,held-out trials,percentile bootstrap (10000 draws)
vda4_crossattn1_grid10x10_seed0,10x10,100,0,valid,frame5,memory,cue_raw_total_quadrant_mass,128,0.1970510569444741,0.19551783398742373,0.1986928033928507,held-out trials,percentile bootstrap (10000 draws)
vda4_crossattn1_grid10x10_seed0,10x10,100,0,valid,frame5,memory,target_raw_peak_patch,128,0.016926358475757297,0.015839196454180637,0.018029439511883537,held-out trials,percentile bootstrap (10000 draws)
vda4_crossattn1_grid10x10_seed0,10x10,100,0,valid,frame5,memory,cue_raw_peak_patch,128,0.016926358475757297,0.015845604221249233,0.018036117572228248,held-out trials,percentile bootstrap (10000 draws)
vda4_crossattn1_grid10x10_seed0,10x10,100,0,valid,frame5,memory,target_raw_peak_patch_uniform_ratio,128,3.3852716951514594,3.1699319825929706,3.6046452988739475,held-out trials,percentile bootstrap (10000 draws)
vda4_crossattn1_grid10x10_seed0,10x10,100,0,valid,frame5,memory,cue_raw_peak_patch_uniform_ratio,128,3.3852716951514594,3.1687864643754438,3.610150642452936,held-out trials,percentile bootstrap (10000 draws)
vda4_crossattn1_grid10x10_seed0,10x10,100,0,valid,frame5,memory,target_conditional_total_quadrant_mass,128,0.3011950156477545,0.29887008875262333,0.3037031685593195,held-out trials,percentile bootstrap (10000 draws)
vda4_crossattn1_grid10x10_seed0,10x10,100,0,valid,frame5,memory,cue_conditional_total_quadrant_mass,128,0.3011950156477545,0.29880484879671115,0.3036492336086695,held-out trials,percentile bootstrap (10000 draws)
vda4_crossattn1_grid10x10_seed0,10x10,100,0,valid,frame5,memory,target_conditional_peak_patch,128,0.025870024677520358,0.024200759456477785,0.027583988566262017,held-out trials,percentile bootstrap (10000 draws)
vda4_crossattn1_grid10x10_seed0,10x10,100,0,valid,frame5,memory,cue_conditional_peak_patch,128,0.025870024677520358,0.02421904303559425,0.02758664701790687,held-out trials,percentile bootstrap (10000 draws)
vda4_crossattn1_grid10x10_seed0,10x10,100,0,valid,frame5,memory,target_conditional_peak_patch_uniform_ratio,128,2.5870024677520362,2.423885752025972,2.759579748319667,held-out trials,percentile bootstrap (10000 draws)
vda4_crossattn1_grid10x10_seed0,10x10,100,0,valid,frame5,memory,cue_conditional_peak_patch_uniform_ratio,128,2.5870024677520362,2.4241707924330886,2.757994793056072,held-out trials,percentile bootstrap (10000 draws)
vda4_crossattn1_grid10x10_seed0,10x10,100,0,valid,frame5,memory,target_peak_patch_quadrant_share,128,0.4023613450595948,0.38601661199256293,0.4183053799771697,held-out trials,percentile bootstrap (10000 draws)
vda4_crossattn1_grid10x10_seed0,10x10,100,0,valid,frame5,memory,cue_peak_patch_quadrant_share,128,0.4023613450595948,0.38661726615747755,0.4184340380962797,held-out trials,percentile bootstrap (10000 draws)
vda4_crossattn1_grid10x10_seed0,10x10,100,0,valid,frame5,memory,target_within_quadrant_peak_ratio,128,2.1241985879084524,2.00381321080941,2.2525180331830787,held-out trials,percentile bootstrap (10000 draws)
vda4_crossattn1_grid10x10_seed0,10x10,100,0,valid,frame5,memory,cue_within_quadrant_peak_ratio,128,2.1241985879084524,2.001118841069125,2.251166806396514,held-out trials,percentile bootstrap (10000 draws)
vda4_crossattn1_grid10x10_seed0,10x10,100,0,valid,frame5,memory,target_minus_cue_raw_total_mass,128,0.0,0.0,0.0,held-out trials,percentile bootstrap (10000 draws)
vda4_crossattn1_grid10x10_seed0,10x10,100,0,valid,frame5,memory,target_minus_other_raw_total_mass,128,0.04465585751192217,0.04258986729698032,0.04677993912979824,held-out trials,percentile bootstrap (10000 draws)
vda4_crossattn1_grid10x10_seed0,10x10,100,0,valid,frame5,memory,target_minus_cue_raw_peak,128,0.0,0.0,0.0,held-out trials,percentile bootstrap (10000 draws)
vda4_crossattn1_grid10x10_seed0,10x10,100,0,valid,frame5,memory,target_minus_other_raw_peak,128,0.008955430367980927,0.007860389058835912,0.0100912968257641,held-out trials,percentile bootstrap (10000 draws)
vda4_crossattn1_grid10x10_seed0,10x10,100,0,valid,frame5,memory,target_minus_cue_peak_share,128,0.0,0.0,0.0,held-out trials,percentile bootstrap (10000 draws)
vda4_crossattn1_grid10x10_seed0,10x10,100,0,valid,frame5,memory,target_minus_other_peak_share,128,0.20314846007945975,0.1815391059210668,0.22378324695256632,held-out trials,percentile bootstrap (10000 draws)
vda4_crossattn1_grid10x10_seed0,10x10,100,0,valid,frame5,memory,target_argmax_raw_total,128,1.0,1.0,1.0,held-out trials,percentile bootstrap (10000 draws)
vda4_crossattn1_grid10x10_seed0,10x10,100,0,valid,frame5,memory,target_argmax_raw_peak,128,0.9609375,0.921875,0.9921875,held-out trials,percentile bootstrap (10000 draws)
vda4_crossattn1_grid10x10_seed0,10x10,100,0,valid,frame5,visual,source_total_share,128,0.34576334498325423,0.3448812684476145,0.34668274943583055,held-out trials,percentile bootstrap (10000 draws)
vda4_crossattn1_grid10x10_seed0,10x10,100,0,valid,frame5,visual,target_raw_total_quadrant_mass,128,0.08537774579968982,0.0849867934608497,0.08578119542905753,held-out trials,percentile bootstrap (10000 draws)
vda4_crossattn1_grid10x10_seed0,10x10,100,0,valid,frame5,visual,cue_raw_total_quadrant_mass,128,0.08537774579968982,0.08498561903382437,0.08578700955152811,held-out trials,percentile bootstrap (10000 draws)
vda4_crossattn1_grid10x10_seed0,10x10,100,0,valid,frame5,visual,target_raw_peak_patch,128,0.006384238280588761,0.006363660971874197,0.006407486356056325,held-out trials,percentile bootstrap (10000 draws)
vda4_crossattn1_grid10x10_seed0,10x10,100,0,valid,frame5,visual,cue_raw_peak_patch,128,0.006384238280588761,0.006363294663606212,0.0064067618131957715,held-out trials,percentile bootstrap (10000 draws)
vda4_crossattn1_grid10x10_seed0,10x10,100,0,valid,frame5,visual,target_raw_peak_patch_uniform_ratio,128,1.2768476561177522,1.2726883150389767,1.2813258508322178,held-out trials,percentile bootstrap (10000 draws)
vda4_crossattn1_grid10x10_seed0,10x10,100,0,valid,frame5,visual,cue_raw_peak_patch_uniform_ratio,128,1.2768476561177522,1.2726397565165826,1.2814842603256693,held-out trials,percentile bootstrap (10000 draws)
vda4_crossattn1_grid10x10_seed0,10x10,100,0,valid,frame5,visual,target_conditional_total_quadrant_mass,128,0.24691535028909034,0.24608371000803936,0.24778477296954574,held-out trials,percentile bootstrap (10000 draws)
vda4_crossattn1_grid10x10_seed0,10x10,100,0,valid,frame5,visual,cue_conditional_total_quadrant_mass,128,0.24691535028909034,0.24608414543733495,0.24778799775011742,held-out trials,percentile bootstrap (10000 draws)
vda4_crossattn1_grid10x10_seed0,10x10,100,0,valid,frame5,visual,target_conditional_peak_patch,128,0.01846529434925522,0.018414009244121763,0.018521101123985317,held-out trials,percentile bootstrap (10000 draws)
vda4_crossattn1_grid10x10_seed0,10x10,100,0,valid,frame5,visual,cue_conditional_peak_patch,128,0.01846529434925522,0.018413272071772714,0.01852030151437437,held-out trials,percentile bootstrap (10000 draws)
vda4_crossattn1_grid10x10_seed0,10x10,100,0,valid,frame5,visual,target_conditional_peak_patch_uniform_ratio,128,1.8465294349255217,1.8413170049990981,1.8520565574162986,held-out trials,percentile bootstrap (10000 draws)
vda4_crossattn1_grid10x10_seed0,10x10,100,0,valid,frame5,visual,cue_conditional_peak_patch_uniform_ratio,128,1.8465294349255217,1.8415121722280452,1.8520947658233196,held-out trials,percentile bootstrap (10000 draws)
vda4_crossattn1_grid10x10_seed0,10x10,100,0,valid,frame5,visual,target_peak_patch_quadrant_share,128,0.23131083467995128,0.2306836027423288,0.23198356478957133,held-out trials,percentile bootstrap (10000 draws)
vda4_crossattn1_grid10x10_seed0,10x10,100,0,valid,frame5,visual,cue_peak_patch_quadrant_share,128,0.23131083467995128,0.2306869908001547,0.2319703927168512,held-out trials,percentile bootstrap (10000 draws)
vda4_crossattn1_grid10x10_seed0,10x10,100,0,valid,frame5,visual,target_within_quadrant_peak_ratio,128,1.870236424522391,1.8626146470525655,1.8774936696006332,held-out trials,percentile bootstrap (10000 draws)
vda4_crossattn1_grid10x10_seed0,10x10,100,0,valid,frame5,visual,cue_within_quadrant_peak_ratio,128,1.870236424522391,1.8626394926116776,1.8777116239584648,held-out trials,percentile bootstrap (10000 draws)
vda4_crossattn1_grid10x10_seed0,10x10,100,0,valid,frame5,visual,target_minus_cue_raw_total_mass,128,0.0,0.0,0.0,held-out trials,percentile bootstrap (10000 draws)
vda4_crossattn1_grid10x10_seed0,10x10,100,0,valid,frame5,visual,target_minus_other_raw_total_mass,128,-0.0014174539281649838,-0.0018064808498685636,-0.001021775921455515,held-out trials,percentile bootstrap (10000 draws)
vda4_crossattn1_grid10x10_seed0,10x10,100,0,valid,frame5,visual,target_minus_cue_raw_peak,128,0.0,0.0,0.0,held-out trials,percentile bootstrap (10000 draws)
vda4_crossattn1_grid10x10_seed0,10x10,100,0,valid,frame5,visual,target_minus_other_raw_peak,128,-0.0006891183123419371,-0.000713357756831101,-0.0006634266654752234,held-out trials,percentile bootstrap (10000 draws)
vda4_crossattn1_grid10x10_seed0,10x10,100,0,valid,frame5,visual,target_minus_cue_peak_share,128,0.0,0.0,0.0,held-out trials,percentile bootstrap (10000 draws)
vda4_crossattn1_grid10x10_seed0,10x10,100,0,valid,frame5,visual,target_minus_other_peak_share,128,-0.024918887093398318,-0.025748134050433115,-0.024043078905087677,held-out trials,percentile bootstrap (10000 draws)
vda4_crossattn1_grid10x10_seed0,10x10,100,0,valid,frame5,visual,target_argmax_raw_total,128,0.0,0.0,0.0,held-out trials,percentile bootstrap (10000 draws)
vda4_crossattn1_grid10x10_seed0,10x10,100,0,valid,frame5,visual,target_argmax_raw_peak,128,0.0,0.0,0.0,held-out trials,percentile bootstrap (10000 draws)
vda4_crossattn1_grid10x10_seed0,10x10,100,0,valid,frame6,memory,source_total_share,128,0.6715812381135038,0.6703703885234518,0.6727773506647281,held-out trials,percentile bootstrap (10000 draws)
vda4_crossattn1_grid10x10_seed0,10x10,100,0,valid,frame6,memory,target_raw_total_quadrant_mass,128,0.346127641007115,0.3406522952456726,0.3514628349774284,held-out trials,percentile bootstrap (10000 draws)
vda4_crossattn1_grid10x10_seed0,10x10,100,0,valid,frame6,memory,cue_raw_total_quadrant_mass,128,0.346127641007115,0.3406543060114927,0.35146073653017995,held-out trials,percentile bootstrap (10000 draws)
vda4_crossattn1_grid10x10_seed0,10x10,100,0,valid,frame6,memory,target_raw_peak_patch,128,0.0979217212588992,0.09262614844701603,0.10317071902900352,held-out trials,percentile bootstrap (10000 draws)
vda4_crossattn1_grid10x10_seed0,10x10,100,0,valid,frame6,memory,cue_raw_peak_patch,128,0.0979217212588992,0.09266465518303449,0.10333804425390554,held-out trials,percentile bootstrap (10000 draws)
vda4_crossattn1_grid10x10_seed0,10x10,100,0,valid,frame6,memory,target_raw_peak_patch_uniform_ratio,128,19.58434425177984,18.528715304855723,20.64886309701251,held-out trials,percentile bootstrap (10000 draws)
vda4_crossattn1_grid10x10_seed0,10x10,100,0,valid,frame6,memory,cue_raw_peak_patch_uniform_ratio,128,19.58434425177984,18.52809494623216,20.632992624450708,held-out trials,percentile bootstrap (10000 draws)
vda4_crossattn1_grid10x10_seed0,10x10,100,0,valid,frame6,memory,target_conditional_total_quadrant_mass,128,0.515347450947615,0.5071474397172893,0.5234366857696409,held-out trials,percentile bootstrap (10000 draws)
vda4_crossattn1_grid10x10_seed0,10x10,100,0,valid,frame6,memory,cue_conditional_total_quadrant_mass,128,0.515347450947615,0.5070808339975432,0.5232540482287643,held-out trials,percentile bootstrap (10000 draws)
vda4_crossattn1_grid10x10_seed0,10x10,100,0,valid,frame6,memory,target_conditional_peak_patch,128,0.14573417850783324,0.1379581013536698,0.15336069477736033,held-out trials,percentile bootstrap (10000 draws)
vda4_crossattn1_grid10x10_seed0,10x10,100,0,valid,frame6,memory,cue_conditional_peak_patch,128,0.14573417850783324,0.13789230123053728,0.15346633186691347,held-out trials,percentile bootstrap (10000 draws)
vda4_crossattn1_grid10x10_seed0,10x10,100,0,valid,frame6,memory,target_conditional_peak_patch_uniform_ratio,128,14.573417850783326,13.80071115937095,15.368745901840494,held-out trials,percentile bootstrap (10000 draws)
vda4_crossattn1_grid10x10_seed0,10x10,100,0,valid,frame6,memory,cue_conditional_peak_patch_uniform_ratio,128,14.573417850783326,13.790325812693922,15.357489236276928,held-out trials,percentile bootstrap (10000 draws)
vda4_crossattn1_grid10x10_seed0,10x10,100,0,valid,frame6,memory,target_peak_patch_quadrant_share,128,0.825393338736836,0.8144331497487768,0.8359845203925537,held-out trials,percentile bootstrap (10000 draws)
vda4_crossattn1_grid10x10_seed0,10x10,100,0,valid,frame6,memory,cue_peak_patch_quadrant_share,128,0.825393338736836,0.8147462757668552,0.835734242507437,held-out trials,percentile bootstrap (10000 draws)
vda4_crossattn1_grid10x10_seed0,10x10,100,0,valid,frame6,memory,target_within_quadrant_peak_ratio,128,6.9794166799857065,6.665593906428093,7.295793707873673,held-out trials,percentile bootstrap (10000 draws)
vda4_crossattn1_grid10x10_seed0,10x10,100,0,valid,frame6,memory,cue_within_quadrant_peak_ratio,128,6.9794166799857065,6.665976343211506,7.300652524340349,held-out trials,percentile bootstrap (10000 draws)
vda4_crossattn1_grid10x10_seed0,10x10,100,0,valid,frame6,memory,target_minus_cue_raw_total_mass,128,0.0,0.0,0.0,held-out trials,percentile bootstrap (10000 draws)
vda4_crossattn1_grid10x10_seed0,10x10,100,0,valid,frame6,memory,target_minus_other_raw_total_mass,128,0.23764310863831878,0.23039423668909267,0.24490583516549125,held-out trials,percentile bootstrap (10000 draws)
vda4_crossattn1_grid10x10_seed0,10x10,100,0,valid,frame6,memory,target_minus_cue_raw_peak,128,0.0,0.0,0.0,held-out trials,percentile bootstrap (10000 draws)
vda4_crossattn1_grid10x10_seed0,10x10,100,0,valid,frame6,memory,target_minus_other_raw_peak,128,0.09161878668116212,0.08634663318822884,0.09695790487564106,held-out trials,percentile bootstrap (10000 draws)
vda4_crossattn1_grid10x10_seed0,10x10,100,0,valid,frame6,memory,target_minus_cue_peak_share,128,0.0,0.0,0.0,held-out trials,percentile bootstrap (10000 draws)
vda4_crossattn1_grid10x10_seed0,10x10,100,0,valid,frame6,memory,target_minus_other_peak_share,128,0.7671911183157814,0.7526797301232744,0.7809796499698934,held-out trials,percentile bootstrap (10000 draws)
vda4_crossattn1_grid10x10_seed0,10x10,100,0,valid,frame6,memory,target_argmax_raw_total,128,1.0,1.0,1.0,held-out trials,percentile bootstrap (10000 draws)
vda4_crossattn1_grid10x10_seed0,10x10,100,0,valid,frame6,memory,target_argmax_raw_peak,128,1.0,1.0,1.0,held-out trials,percentile bootstrap (10000 draws)
vda4_crossattn1_grid10x10_seed0,10x10,100,0,valid,frame6,visual,source_total_share,128,0.32841876161958794,0.3272221963120273,0.329598652763876,held-out trials,percentile bootstrap (10000 draws)
vda4_crossattn1_grid10x10_seed0,10x10,100,0,valid,frame6,visual,target_raw_total_quadrant_mass,128,0.08070353015813225,0.08036044366986914,0.08104592566120487,held-out trials,percentile bootstrap (10000 draws)
vda4_crossattn1_grid10x10_seed0,10x10,100,0,valid,frame6,visual,cue_raw_total_quadrant_mass,128,0.08070353015813225,0.08036924766853985,0.08104623439287195,held-out trials,percentile bootstrap (10000 draws)
vda4_crossattn1_grid10x10_seed0,10x10,100,0,valid,frame6,visual,target_raw_peak_patch,128,0.005818495745188557,0.00579648473776615,0.00583985943803782,held-out trials,percentile bootstrap (10000 draws)
vda4_crossattn1_grid10x10_seed0,10x10,100,0,valid,frame6,visual,cue_raw_peak_patch,128,0.005818495745188557,0.005796563285548473,0.0058396424474267405,held-out trials,percentile bootstrap (10000 draws)
vda4_crossattn1_grid10x10_seed0,10x10,100,0,valid,frame6,visual,target_raw_peak_patch_uniform_ratio,128,1.1636991490377113,1.1594433127356751,1.1679522899430594,held-out trials,percentile bootstrap (10000 draws)
vda4_crossattn1_grid10x10_seed0,10x10,100,0,valid,frame6,visual,cue_raw_peak_patch_uniform_ratio,128,1.1636991490377113,1.159357645065029,1.1680352753319312,held-out trials,percentile bootstrap (10000 draws)
vda4_crossattn1_grid10x10_seed0,10x10,100,0,valid,frame6,visual,target_conditional_total_quadrant_mass,128,0.24573137583000051,0.2452280154541933,0.24625991474830944,held-out trials,percentile bootstrap (10000 draws)
vda4_crossattn1_grid10x10_seed0,10x10,100,0,valid,frame6,visual,cue_conditional_total_quadrant_mass,128,0.24573137583000051,0.24522417715432338,0.24625977797355386,held-out trials,percentile bootstrap (10000 draws)
vda4_crossattn1_grid10x10_seed0,10x10,100,0,valid,frame6,visual,target_conditional_peak_patch,128,0.0177172050904066,0.017691034184790417,0.01774357012632537,held-out trials,percentile bootstrap (10000 draws)
vda4_crossattn1_grid10x10_seed0,10x10,100,0,valid,frame6,visual,cue_conditional_peak_patch,128,0.0177172050904066,0.01769087067751349,0.017743614125473997,held-out trials,percentile bootstrap (10000 draws)
vda4_crossattn1_grid10x10_seed0,10x10,100,0,valid,frame6,visual,target_conditional_peak_patch_uniform_ratio,128,1.77172050904066,1.7690506604315082,1.77435835102596,held-out trials,percentile bootstrap (10000 draws)
vda4_crossattn1_grid10x10_seed0,10x10,100,0,valid,frame6,visual,cue_conditional_peak_patch_uniform_ratio,128,1.77172050904066,1.769148433985482,1.774351099886669,held-out trials,percentile bootstrap (10000 draws)
vda4_crossattn1_grid10x10_seed0,10x10,100,0,valid,frame6,visual,target_peak_patch_quadrant_share,128,0.23897463926153772,0.23862934325658208,0.23931304458092903,held-out trials,percentile bootstrap (10000 draws)
vda4_crossattn1_grid10x10_seed0,10x10,100,0,valid,frame6,visual,cue_peak_patch_quadrant_share,128,0.23897463926153772,0.23862704684202712,0.2393151339247799,held-out trials,percentile bootstrap (10000 draws)
vda4_crossattn1_grid10x10_seed0,10x10,100,0,valid,frame6,visual,target_within_quadrant_peak_ratio,128,1.8027668582616427,1.7979639854659062,1.8073539980451487,held-out trials,percentile bootstrap (10000 draws)
vda4_crossattn1_grid10x10_seed0,10x10,100,0,valid,frame6,visual,cue_within_quadrant_peak_ratio,128,1.8027668582616427,1.797864819666861,1.8071680020149814,held-out trials,percentile bootstrap (10000 draws)
vda4_crossattn1_grid10x10_seed0,10x10,100,0,valid,frame6,visual,target_minus_cue_raw_total_mass,128,0.0,0.0,0.0,held-out trials,percentile bootstrap (10000 draws)
vda4_crossattn1_grid10x10_seed0,10x10,100,0,valid,frame6,visual,target_minus_other_raw_total_mass,128,-0.0018682136623529764,-0.0020909290217057713,-0.001632595671593862,held-out trials,percentile bootstrap (10000 draws)
vda4_crossattn1_grid10x10_seed0,10x10,100,0,valid,frame6,visual,target_minus_cue_raw_peak,128,0.0,0.0,0.0,held-out trials,percentile bootstrap (10000 draws)
vda4_crossattn1_grid10x10_seed0,10x10,100,0,valid,frame6,visual,target_minus_other_raw_peak,128,-0.00035869832451377687,-0.0003706372091073717,-0.0003470106853455945,held-out trials,percentile bootstrap (10000 draws)
vda4_crossattn1_grid10x10_seed0,10x10,100,0,valid,frame6,visual,target_minus_cue_peak_share,128,0.0,0.0,0.0,held-out trials,percentile bootstrap (10000 draws)
vda4_crossattn1_grid10x10_seed0,10x10,100,0,valid,frame6,visual,target_minus_other_peak_share,128,-0.014700480984616342,-0.015156531971866576,-0.014238630929119929,held-out trials,percentile bootstrap (10000 draws)
vda4_crossattn1_grid10x10_seed0,10x10,100,0,valid,frame6,visual,target_argmax_raw_total,128,0.015625,0.0,0.0390625,held-out trials,percentile bootstrap (10000 draws)
vda4_crossattn1_grid10x10_seed0,10x10,100,0,valid,frame6,visual,target_argmax_raw_peak,128,0.0,0.0,0.0,held-out trials,percentile bootstrap (10000 draws)
vda4_crossattn1_grid10x10_seed0,10x10,100,0,valid,frames5_6_mean,memory,source_total_share,128,0.6629089466778169,0.6619935669137249,0.6638060809946182,held-out trials,percentile bootstrap (10000 draws)
vda4_crossattn1_grid10x10_seed0,10x10,100,0,valid,frames5_6_mean,memory,target_raw_total_quadrant_mass,128,0.27158934897579456,0.268480710219842,0.2746780255288058,held-out trials,percentile bootstrap (10000 draws)
vda4_crossattn1_grid10x10_seed0,10x10,100,0,valid,frames5_6_mean,memory,cue_raw_total_quadrant_mass,128,0.27158934897579456,0.268522246127327,0.2746093228244263,held-out trials,percentile bootstrap (10000 draws)
vda4_crossattn1_grid10x10_seed0,10x10,100,0,valid,frames5_6_mean,memory,target_raw_peak_patch,128,0.05742403986732825,0.054657578507794825,0.06025855388388664,held-out trials,percentile bootstrap (10000 draws)
vda4_crossattn1_grid10x10_seed0,10x10,100,0,valid,frames5_6_mean,memory,cue_raw_peak_patch,128,0.05742403986732825,0.05465960503042879,0.06024121490918333,held-out trials,percentile bootstrap (10000 draws)
vda4_crossattn1_grid10x10_seed0,10x10,100,0,valid,frames5_6_mean,memory,target_raw_peak_patch_uniform_ratio,128,11.48480797346565,10.926412730877928,12.058401480226166,held-out trials,percentile bootstrap (10000 draws)
vda4_crossattn1_grid10x10_seed0,10x10,100,0,valid,frames5_6_mean,memory,cue_raw_peak_patch_uniform_ratio,128,11.48480797346565,10.93720805394696,12.056266135477927,held-out trials,percentile bootstrap (10000 draws)
vda4_crossattn1_grid10x10_seed0,10x10,100,0,valid,frames5_6_mean,memory,target_conditional_total_quadrant_mass,128,0.4082712332976848,0.40379988032671094,0.4127648026828546,held-out trials,percentile bootstrap (10000 draws)
vda4_crossattn1_grid10x10_seed0,10x10,100,0,valid,frames5_6_mean,memory,cue_conditional_total_quadrant_mass,128,0.4082712332976848,0.40365833068927526,0.4127488611542317,held-out trials,percentile bootstrap (10000 draws)
vda4_crossattn1_grid10x10_seed0,10x10,100,0,valid,frames5_6_mean,memory,target_conditional_peak_patch,128,0.0858021015926768,0.08163969556335275,0.09008418874989367,held-out trials,percentile bootstrap (10000 draws)
vda4_crossattn1_grid10x10_seed0,10x10,100,0,valid,frames5_6_mean,memory,cue_conditional_peak_patch,128,0.0858021015926768,0.0815938062823579,0.09002728450373035,held-out trials,percentile bootstrap (10000 draws)
vda4_crossattn1_grid10x10_seed0,10x10,100,0,valid,frames5_6_mean,memory,target_conditional_peak_patch_uniform_ratio,128,8.580210159267681,8.156073688566247,9.002586544686022,held-out trials,percentile bootstrap (10000 draws)
vda4_crossattn1_grid10x10_seed0,10x10,100,0,valid,frames5_6_mean,memory,cue_conditional_peak_patch_uniform_ratio,128,8.580210159267681,8.159352551762026,8.995309198664536,held-out trials,percentile bootstrap (10000 draws)
vda4_crossattn1_grid10x10_seed0,10x10,100,0,valid,frames5_6_mean,memory,target_peak_patch_quadrant_share,128,0.6138773418982154,0.6027454092336604,0.6246840337955873,held-out trials,percentile bootstrap (10000 draws)
vda4_crossattn1_grid10x10_seed0,10x10,100,0,valid,frames5_6_mean,memory,cue_peak_patch_quadrant_share,128,0.6138773418982154,0.6028307108398254,0.6248246474717768,held-out trials,percentile bootstrap (10000 draws)
vda4_crossattn1_grid10x10_seed0,10x10,100,0,valid,frames5_6_mean,memory,target_within_quadrant_peak_ratio,128,4.55180763394708,4.374089984475608,4.731538512090161,held-out trials,percentile bootstrap (10000 draws)
vda4_crossattn1_grid10x10_seed0,10x10,100,0,valid,frames5_6_mean,memory,cue_within_quadrant_peak_ratio,128,4.55180763394708,4.373005365548178,4.734237438028897,held-out trials,percentile bootstrap (10000 draws)
vda4_crossattn1_grid10x10_seed0,10x10,100,0,valid,frames5_6_mean,memory,target_minus_cue_raw_total_mass,128,0.0,0.0,0.0,held-out trials,percentile bootstrap (10000 draws)
vda4_crossattn1_grid10x10_seed0,10x10,100,0,valid,frames5_6_mean,memory,target_minus_other_raw_total_mass,128,0.14114948307512049,0.1370195658296704,0.14525268023361756,held-out trials,percentile bootstrap (10000 draws)
vda4_crossattn1_grid10x10_seed0,10x10,100,0,valid,frames5_6_mean,memory,target_minus_cue_raw_peak,128,0.0,0.0,0.0,held-out trials,percentile bootstrap (10000 draws)
vda4_crossattn1_grid10x10_seed0,10x10,100,0,valid,frames5_6_mean,memory,target_minus_other_raw_peak,128,0.05028710852457152,0.04743730709742522,0.05317316184239947,held-out trials,percentile bootstrap (10000 draws)
vda4_crossattn1_grid10x10_seed0,10x10,100,0,valid,frames5_6_mean,memory,target_minus_cue_peak_share,128,0.0,0.0,0.0,held-out trials,percentile bootstrap (10000 draws)
vda4_crossattn1_grid10x10_seed0,10x10,100,0,valid,frames5_6_mean,memory,target_minus_other_peak_share,128,0.4851697891976206,0.4703669607106103,0.5001131120204465,held-out trials,percentile bootstrap (10000 draws)
vda4_crossattn1_grid10x10_seed0,10x10,100,0,valid,frames5_6_mean,memory,target_argmax_raw_total,128,1.0,1.0,1.0,held-out trials,percentile bootstrap (10000 draws)
vda4_crossattn1_grid10x10_seed0,10x10,100,0,valid,frames5_6_mean,memory,target_argmax_raw_peak,128,1.0,1.0,1.0,held-out trials,percentile bootstrap (10000 draws)
vda4_crossattn1_grid10x10_seed0,10x10,100,0,valid,frames5_6_mean,visual,source_total_share,128,0.3370910533014211,0.3361705316146185,0.33801983556252396,held-out trials,percentile bootstrap (10000 draws)
vda4_crossattn1_grid10x10_seed0,10x10,100,0,valid,frames5_6_mean,visual,target_raw_total_quadrant_mass,128,0.08304063797891104,0.08270887960033484,0.08337444807495942,held-out trials,percentile bootstrap (10000 draws)
vda4_crossattn1_grid10x10_seed0,10x10,100,0,valid,frames5_6_mean,visual,cue_raw_total_quadrant_mass,128,0.08304063797891104,0.082710362970667,0.0833822957112055,held-out trials,percentile bootstrap (10000 draws)
vda4_crossattn1_grid10x10_seed0,10x10,100,0,valid,frames5_6_mean,visual,target_raw_peak_patch,128,0.006101367012888659,0.006083183938244474,0.006120605546175284,held-out trials,percentile bootstrap (10000 draws)
vda4_crossattn1_grid10x10_seed0,10x10,100,0,valid,frames5_6_mean,visual,cue_raw_peak_patch,128,0.006101367012888659,0.006083336793653871,0.00612014118632942,held-out trials,percentile bootstrap (10000 draws)
vda4_crossattn1_grid10x10_seed0,10x10,100,0,valid,frames5_6_mean,visual,target_raw_peak_patch_uniform_ratio,128,1.2202734025777318,1.2166846088257444,1.2239978510206129,held-out trials,percentile bootstrap (10000 draws)
vda4_crossattn1_grid10x10_seed0,10x10,100,0,valid,frames5_6_mean,visual,cue_raw_peak_patch_uniform_ratio,128,1.2202734025777318,1.2166808668189333,1.2239245102409768,held-out trials,percentile bootstrap (10000 draws)
vda4_crossattn1_grid10x10_seed0,10x10,100,0,valid,frames5_6_mean,visual,target_conditional_total_quadrant_mass,128,0.24632336305954544,0.2456866433090669,0.24697923196612503,held-out trials,percentile bootstrap (10000 draws)
vda4_crossattn1_grid10x10_seed0,10x10,100,0,valid,frames5_6_mean,visual,cue_conditional_total_quadrant_mass,128,0.24632336305954544,0.24569300851975556,0.24699922882539455,held-out trials,percentile bootstrap (10000 draws)
vda4_crossattn1_grid10x10_seed0,10x10,100,0,valid,frames5_6_mean,visual,target_conditional_peak_patch,128,0.018091249719830907,0.018057044357098703,0.018125901653639902,held-out trials,percentile bootstrap (10000 draws)
vda4_crossattn1_grid10x10_seed0,10x10,100,0,valid,frames5_6_mean,visual,cue_conditional_peak_patch,128,0.018091249719830907,0.018056574146530974,0.018126135999784722,held-out trials,percentile bootstrap (10000 draws)
vda4_crossattn1_grid10x10_seed0,10x10,100,0,valid,frames5_6_mean,visual,target_conditional_peak_patch_uniform_ratio,128,1.809124971983091,1.8057388367913074,1.812634467161946,held-out trials,percentile bootstrap (10000 draws)
vda4_crossattn1_grid10x10_seed0,10x10,100,0,valid,frames5_6_mean,visual,cue_conditional_peak_patch_uniform_ratio,128,1.809124971983091,1.805668234384838,1.8126270168785241,held-out trials,percentile bootstrap (10000 draws)
vda4_crossattn1_grid10x10_seed0,10x10,100,0,valid,frames5_6_mean,visual,target_peak_patch_quadrant_share,128,0.2351427369707445,0.234695618034585,0.23560839700542627,held-out trials,percentile bootstrap (10000 draws)
vda4_crossattn1_grid10x10_seed0,10x10,100,0,valid,frames5_6_mean,visual,cue_peak_patch_quadrant_share,128,0.2351427369707445,0.23469541091639054,0.23558915307990283,held-out trials,percentile bootstrap (10000 draws)
vda4_crossattn1_grid10x10_seed0,10x10,100,0,valid,frames5_6_mean,visual,target_within_quadrant_peak_ratio,128,1.836501641392017,1.8306828854553052,1.8419530102880346,held-out trials,percentile bootstrap (10000 draws)
vda4_crossattn1_grid10x10_seed0,10x10,100,0,valid,frames5_6_mean,visual,cue_within_quadrant_peak_ratio,128,1.836501641392017,1.83068243869905,1.8419418000396193,held-out trials,percentile bootstrap (10000 draws)
vda4_crossattn1_grid10x10_seed0,10x10,100,0,valid,frames5_6_mean,visual,target_minus_cue_raw_total_mass,128,0.0,0.0,0.0,held-out trials,percentile bootstrap (10000 draws)
vda4_crossattn1_grid10x10_seed0,10x10,100,0,valid,frames5_6_mean,visual,target_minus_other_raw_total_mass,128,-0.0016428337952589802,-0.0019286034854129502,-0.0013435597726318825,held-out trials,percentile bootstrap (10000 draws)
vda4_crossattn1_grid10x10_seed0,10x10,100,0,valid,frames5_6_mean,visual,target_minus_cue_raw_peak,128,0.0,0.0,0.0,held-out trials,percentile bootstrap (10000 draws)
vda4_crossattn1_grid10x10_seed0,10x10,100,0,valid,frames5_6_mean,visual,target_minus_other_raw_peak,128,-0.000523908318427857,-0.000541086319238578,-0.0005065763066189295,held-out trials,percentile bootstrap (10000 draws)
vda4_crossattn1_grid10x10_seed0,10x10,100,0,valid,frames5_6_mean,visual,target_minus_cue_peak_share,128,0.0,0.0,0.0,held-out trials,percentile bootstrap (10000 draws)
vda4_crossattn1_grid10x10_seed0,10x10,100,0,valid,frames5_6_mean,visual,target_minus_other_peak_share,128,-0.01980968403900733,-0.020404743278871002,-0.019199700417688412,held-out trials,percentile bootstrap (10000 draws)
vda4_crossattn1_grid10x10_seed0,10x10,100,0,valid,frames5_6_mean,visual,target_argmax_raw_total,128,0.0,0.0,0.0,held-out trials,percentile bootstrap (10000 draws)
vda4_crossattn1_grid10x10_seed0,10x10,100,0,valid,frames5_6_mean,visual,target_argmax_raw_peak,128,0.0,0.0,0.0,held-out trials,percentile bootstrap (10000 draws)
vda4_crossattn1_grid10x10_seed1,10x10,100,1,invalid,frame5,memory,source_total_share,128,0.8851651270488219,0.8787176941804546,0.891713063486361,held-out trials,percentile bootstrap (10000 draws)
vda4_crossattn1_grid10x10_seed1,10x10,100,1,invalid,frame5,memory,target_raw_total_quadrant_mass,128,0.1332090498276557,0.12696250457192945,0.13953304825345186,held-out trials,percentile bootstrap (10000 draws)
vda4_crossattn1_grid10x10_seed1,10x10,100,1,invalid,frame5,memory,cue_raw_total_quadrant_mass,128,0.48302432297805353,0.46197240158412567,0.5052615332849427,held-out trials,percentile bootstrap (10000 draws)
vda4_crossattn1_grid10x10_seed1,10x10,100,1,invalid,frame5,memory,target_raw_peak_patch,128,0.02134014930925332,0.01907426743191536,0.023803314272390706,held-out trials,percentile bootstrap (10000 draws)
vda4_crossattn1_grid10x10_seed1,10x10,100,1,invalid,frame5,memory,cue_raw_peak_patch,128,0.19142006454057992,0.16254004527436336,0.22269866851893308,held-out trials,percentile bootstrap (10000 draws)
vda4_crossattn1_grid10x10_seed1,10x10,100,1,invalid,frame5,memory,target_raw_peak_patch_uniform_ratio,128,4.268029861850664,3.811601406050613,4.753177750189934,held-out trials,percentile bootstrap (10000 draws)
vda4_crossattn1_grid10x10_seed1,10x10,100,1,invalid,frame5,memory,cue_raw_peak_patch_uniform_ratio,128,38.28401290811598,32.6600095089816,44.49209611026163,held-out trials,percentile bootstrap (10000 draws)
vda4_crossattn1_grid10x10_seed1,10x10,100,1,invalid,frame5,memory,target_conditional_total_quadrant_mass,128,0.1517349018470306,0.1441930642940687,0.15935933104271688,held-out trials,percentile bootstrap (10000 draws)
vda4_crossattn1_grid10x10_seed1,10x10,100,1,invalid,frame5,memory,cue_conditional_total_quadrant_mass,128,0.5417342164178731,0.5215122427210316,0.5623445095490742,held-out trials,percentile bootstrap (10000 draws)
vda4_crossattn1_grid10x10_seed1,10x10,100,1,invalid,frame5,memory,target_conditional_peak_patch,128,0.024263479932961192,0.021664194009315893,0.027065664453653666,held-out trials,percentile bootstrap (10000 draws)
vda4_crossattn1_grid10x10_seed1,10x10,100,1,invalid,frame5,memory,cue_conditional_peak_patch,128,0.20980832294562132,0.17996463980207034,0.2426639041897001,held-out trials,percentile bootstrap (10000 draws)
vda4_crossattn1_grid10x10_seed1,10x10,100,1,invalid,frame5,memory,target_conditional_peak_patch_uniform_ratio,128,2.4263479932961194,2.163307071798512,2.706674742744549,held-out trials,percentile bootstrap (10000 draws)
vda4_crossattn1_grid10x10_seed1,10x10,100,1,invalid,frame5,memory,cue_conditional_peak_patch_uniform_ratio,128,20.980832294562134,17.94182191988102,24.211223437480857,held-out trials,percentile bootstrap (10000 draws)
vda4_crossattn1_grid10x10_seed1,10x10,100,1,invalid,frame5,memory,target_peak_patch_quadrant_share,128,0.1198544729866871,0.10327125857506377,0.13699367590458927,held-out trials,percentile bootstrap (10000 draws)
vda4_crossattn1_grid10x10_seed1,10x10,100,1,invalid,frame5,memory,cue_peak_patch_quadrant_share,128,0.6495037098009455,0.6108224298776642,0.6881248510333705,held-out trials,percentile bootstrap (10000 draws)
vda4_crossattn1_grid10x10_seed1,10x10,100,1,invalid,frame5,memory,target_within_quadrant_peak_ratio,128,3.7827834404211362,3.509730384954561,4.058008209998435,held-out trials,percentile bootstrap (10000 draws)
vda4_crossattn1_grid10x10_seed1,10x10,100,1,invalid,frame5,memory,cue_within_quadrant_peak_ratio,128,8.527125632882788,7.612514369780678,9.511844389310026,held-out trials,percentile bootstrap (10000 draws)
vda4_crossattn1_grid10x10_seed1,10x10,100,1,invalid,frame5,memory,target_minus_cue_raw_total_mass,128,-0.34981527315039784,-0.3783765569109505,-0.32269819807163463,held-out trials,percentile bootstrap (10000 draws)
vda4_crossattn1_grid10x10_seed1,10x10,100,1,invalid,frame5,memory,target_minus_other_raw_total_mass,128,-0.11744297591273303,-0.12738136805872954,-0.10765196711640405,held-out trials,percentile bootstrap (10000 draws)
vda4_crossattn1_grid10x10_seed1,10x10,100,1,invalid,frame5,memory,target_minus_cue_raw_peak,128,-0.1700799152313266,-0.202282417065544,-0.1398779836373251,held-out trials,percentile bootstrap (10000 draws)
vda4_crossattn1_grid10x10_seed1,10x10,100,1,invalid,frame5,memory,target_minus_other_raw_peak,128,-0.05572714002482826,-0.06672239681311111,-0.04543748153121972,held-out trials,percentile bootstrap (10000 draws)
vda4_crossattn1_grid10x10_seed1,10x10,100,1,invalid,frame5,memory,target_minus_cue_peak_share,128,-0.5296492368142585,-0.5814685409860587,-0.4770497026475827,held-out trials,percentile bootstrap (10000 draws)
vda4_crossattn1_grid10x10_seed1,10x10,100,1,invalid,frame5,memory,target_minus_other_peak_share,128,-0.17352736935108387,-0.1954878665209585,-0.1505699425827498,held-out trials,percentile bootstrap (10000 draws)
vda4_crossattn1_grid10x10_seed1,10x10,100,1,invalid,frame5,memory,target_argmax_raw_total,128,0.0,0.0,0.0,held-out trials,percentile bootstrap (10000 draws)
vda4_crossattn1_grid10x10_seed1,10x10,100,1,invalid,frame5,memory,target_argmax_raw_peak,128,0.0234375,0.0,0.0546875,held-out trials,percentile bootstrap (10000 draws)
vda4_crossattn1_grid10x10_seed1,10x10,100,1,invalid,frame5,visual,source_total_share,128,0.11483487270011494,0.10824360228059149,0.12134169502087486,held-out trials,percentile bootstrap (10000 draws)
vda4_crossattn1_grid10x10_seed1,10x10,100,1,invalid,frame5,visual,target_raw_total_quadrant_mass,128,0.02038020366414628,0.01885961349358345,0.021962090086959218,held-out trials,percentile bootstrap (10000 draws)
vda4_crossattn1_grid10x10_seed1,10x10,100,1,invalid,frame5,visual,cue_raw_total_quadrant_mass,128,0.055382305066430604,0.05112147587175766,0.059595712937994885,held-out trials,percentile bootstrap (10000 draws)
vda4_crossattn1_grid10x10_seed1,10x10,100,1,invalid,frame5,visual,target_raw_peak_patch,128,0.008220399283345614,0.0073491663941240406,0.009115899142693706,held-out trials,percentile bootstrap (10000 draws)
vda4_crossattn1_grid10x10_seed1,10x10,100,1,invalid,frame5,visual,cue_raw_peak_patch,128,0.023544026171293808,0.020510950853895336,0.02661932703358616,held-out trials,percentile bootstrap (10000 draws)
vda4_crossattn1_grid10x10_seed1,10x10,100,1,invalid,frame5,visual,target_raw_peak_patch_uniform_ratio,128,1.6440798566691228,1.4703428681377773,1.8208337602163738,held-out trials,percentile bootstrap (10000 draws)
vda4_crossattn1_grid10x10_seed1,10x10,100,1,invalid,frame5,visual,cue_raw_peak_patch_uniform_ratio,128,4.708805234258762,4.098905717382877,5.344662688639801,held-out trials,percentile bootstrap (10000 draws)
vda4_crossattn1_grid10x10_seed1,10x10,100,1,invalid,frame5,visual,target_conditional_total_quadrant_mass,128,0.17729629327394236,0.1688006683566434,0.18570286073108766,held-out trials,percentile bootstrap (10000 draws)
vda4_crossattn1_grid10x10_seed1,10x10,100,1,invalid,frame5,visual,cue_conditional_total_quadrant_mass,128,0.47068743363639776,0.45503013278461985,0.4863603441680275,held-out trials,percentile bootstrap (10000 draws)
vda4_crossattn1_grid10x10_seed1,10x10,100,1,invalid,frame5,visual,target_conditional_peak_patch,128,0.07004985189848494,0.06451780992943722,0.07557873396918649,held-out trials,percentile bootstrap (10000 draws)
vda4_crossattn1_grid10x10_seed1,10x10,100,1,invalid,frame5,visual,cue_conditional_peak_patch,128,0.18544492617586283,0.17043951644654357,0.20130481522497087,held-out trials,percentile bootstrap (10000 draws)
vda4_crossattn1_grid10x10_seed1,10x10,100,1,invalid,frame5,visual,target_conditional_peak_patch_uniform_ratio,128,7.004985189848495,6.47362935229828,7.57037840099296,held-out trials,percentile bootstrap (10000 draws)
vda4_crossattn1_grid10x10_seed1,10x10,100,1,invalid,frame5,visual,cue_conditional_peak_patch_uniform_ratio,128,18.54449261758628,16.992911829449223,20.132206107428456,held-out trials,percentile bootstrap (10000 draws)
vda4_crossattn1_grid10x10_seed1,10x10,100,1,invalid,frame5,visual,target_peak_patch_quadrant_share,128,0.19031861072273926,0.17586464258460513,0.20545926939326553,held-out trials,percentile bootstrap (10000 draws)
vda4_crossattn1_grid10x10_seed1,10x10,100,1,invalid,frame5,visual,cue_peak_patch_quadrant_share,128,0.47659544502500795,0.4507185521677034,0.5020704766141071,held-out trials,percentile bootstrap (10000 draws)
vda4_crossattn1_grid10x10_seed1,10x10,100,1,invalid,frame5,visual,target_within_quadrant_peak_ratio,128,9.543987441839343,9.085426519066736,10.01101769784578,held-out trials,percentile bootstrap (10000 draws)
vda4_crossattn1_grid10x10_seed1,10x10,100,1,invalid,frame5,visual,cue_within_quadrant_peak_ratio,128,9.476254294498002,8.903779092200294,10.0742925006566,held-out trials,percentile bootstrap (10000 draws)
vda4_crossattn1_grid10x10_seed1,10x10,100,1,invalid,frame5,visual,target_minus_cue_raw_total_mass,128,-0.035002101402284325,-0.03874122872821868,-0.03127599618514827,held-out trials,percentile bootstrap (10000 draws)
vda4_crossattn1_grid10x10_seed1,10x10,100,1,invalid,frame5,visual,target_minus_other_raw_total_mass,128,-0.011104686014509943,-0.012606100508949412,-0.009596955260346304,held-out trials,percentile bootstrap (10000 draws)
vda4_crossattn1_grid10x10_seed1,10x10,100,1,invalid,frame5,visual,target_minus_cue_raw_peak,128,-0.015323626887948194,-0.018165142077737072,-0.012631431936733861,held-out trials,percentile bootstrap (10000 draws)
vda4_crossattn1_grid10x10_seed1,10x10,100,1,invalid,frame5,visual,target_minus_other_raw_peak,128,-0.004068904613025855,-0.005131070663719583,-0.0030102029694565624,held-out trials,percentile bootstrap (10000 draws)
vda4_crossattn1_grid10x10_seed1,10x10,100,1,invalid,frame5,visual,target_minus_cue_peak_share,128,-0.28627683430226875,-0.3248693814830046,-0.2490074260961063,held-out trials,percentile bootstrap (10000 draws)
vda4_crossattn1_grid10x10_seed1,10x10,100,1,invalid,frame5,visual,target_minus_other_peak_share,128,-0.07957518570301433,-0.09908630200872943,-0.05994330256602425,held-out trials,percentile bootstrap (10000 draws)
vda4_crossattn1_grid10x10_seed1,10x10,100,1,invalid,frame5,visual,target_argmax_raw_total,128,0.015625,0.0,0.0390625,held-out trials,percentile bootstrap (10000 draws)
vda4_crossattn1_grid10x10_seed1,10x10,100,1,invalid,frame5,visual,target_argmax_raw_peak,128,0.0703125,0.03125,0.1171875,held-out trials,percentile bootstrap (10000 draws)
vda4_crossattn1_grid10x10_seed1,10x10,100,1,invalid,frame6,memory,source_total_share,128,0.9032544249814691,0.8959745490263515,0.9101817836800876,held-out trials,percentile bootstrap (10000 draws)
vda4_crossattn1_grid10x10_seed1,10x10,100,1,invalid,frame6,memory,target_raw_total_quadrant_mass,128,0.2904341940170525,0.27209431556348135,0.3087207404974947,held-out trials,percentile bootstrap (10000 draws)
vda4_crossattn1_grid10x10_seed1,10x10,100,1,invalid,frame6,memory,cue_raw_total_quadrant_mass,128,0.38741590726931463,0.36248252219787674,0.4124719036578767,held-out trials,percentile bootstrap (10000 draws)
vda4_crossattn1_grid10x10_seed1,10x10,100,1,invalid,frame6,memory,target_raw_peak_patch,128,0.15041983647097368,0.1359484405726107,0.16490278029632463,held-out trials,percentile bootstrap (10000 draws)
vda4_crossattn1_grid10x10_seed1,10x10,100,1,invalid,frame6,memory,cue_raw_peak_patch,128,0.18102760351030156,0.1529865521042666,0.21114160684883243,held-out trials,percentile bootstrap (10000 draws)
vda4_crossattn1_grid10x10_seed1,10x10,100,1,invalid,frame6,memory,target_raw_peak_patch_uniform_ratio,128,30.083967294194736,27.22984995918523,33.0493258099159,held-out trials,percentile bootstrap (10000 draws)
vda4_crossattn1_grid10x10_seed1,10x10,100,1,invalid,frame6,memory,cue_raw_peak_patch_uniform_ratio,128,36.20552070206031,30.63644415939052,42.23176043378771,held-out trials,percentile bootstrap (10000 draws)
vda4_crossattn1_grid10x10_seed1,10x10,100,1,invalid,frame6,memory,target_conditional_total_quadrant_mass,128,0.3218584389082073,0.3021102580720439,0.34158349142114436,held-out trials,percentile bootstrap (10000 draws)
vda4_crossattn1_grid10x10_seed1,10x10,100,1,invalid,frame6,memory,cue_conditional_total_quadrant_mass,128,0.42571615197379864,0.40072925742413096,0.451199680256913,held-out trials,percentile bootstrap (10000 draws)
vda4_crossattn1_grid10x10_seed1,10x10,100,1,invalid,frame6,memory,target_conditional_peak_patch,128,0.1659951157806002,0.15031522662450567,0.18189183966036837,held-out trials,percentile bootstrap (10000 draws)
vda4_crossattn1_grid10x10_seed1,10x10,100,1,invalid,frame6,memory,cue_conditional_peak_patch,128,0.1950181639855108,0.1660441558253194,0.22499674587545787,held-out trials,percentile bootstrap (10000 draws)
vda4_crossattn1_grid10x10_seed1,10x10,100,1,invalid,frame6,memory,target_conditional_peak_patch_uniform_ratio,128,16.599511578060017,15.006701820036287,18.148330948152385,held-out trials,percentile bootstrap (10000 draws)
vda4_crossattn1_grid10x10_seed1,10x10,100,1,invalid,frame6,memory,cue_conditional_peak_patch_uniform_ratio,128,19.501816398551078,16.535903682790167,22.63383915497792,held-out trials,percentile bootstrap (10000 draws)
vda4_crossattn1_grid10x10_seed1,10x10,100,1,invalid,frame6,memory,target_peak_patch_quadrant_share,128,0.42472774480346887,0.3882621667013549,0.4611962944684758,held-out trials,percentile bootstrap (10000 draws)
vda4_crossattn1_grid10x10_seed1,10x10,100,1,invalid,frame6,memory,cue_peak_patch_quadrant_share,128,0.41981832516371015,0.376803231576538,0.463669792494863,held-out trials,percentile bootstrap (10000 draws)
vda4_crossattn1_grid10x10_seed1,10x10,100,1,invalid,frame6,memory,target_within_quadrant_peak_ratio,128,12.196713581691164,11.486204839791359,12.898875858331719,held-out trials,percentile bootstrap (10000 draws)
vda4_crossattn1_grid10x10_seed1,10x10,100,1,invalid,frame6,memory,cue_within_quadrant_peak_ratio,128,9.770772624229298,8.740941131227945,10.812069379483233,held-out trials,percentile bootstrap (10000 draws)
vda4_crossattn1_grid10x10_seed1,10x10,100,1,invalid,frame6,memory,target_minus_cue_raw_total_mass,128,-0.09698171325226213,-0.13803867419608196,-0.056825398809405674,held-out trials,percentile bootstrap (10000 draws)
vda4_crossattn1_grid10x10_seed1,10x10,100,1,invalid,frame6,memory,target_minus_other_raw_total_mass,128,0.08616078369558029,0.06239625997412379,0.10997865864025962,held-out trials,percentile bootstrap (10000 draws)
vda4_crossattn1_grid10x10_seed1,10x10,100,1,invalid,frame6,memory,target_minus_cue_raw_peak,128,-0.030607767039327882,-0.06722727209271398,0.004947413607806084,held-out trials,percentile bootstrap (10000 draws)
vda4_crossattn1_grid10x10_seed1,10x10,100,1,invalid,frame6,memory,target_minus_other_raw_peak,128,0.07490280061635228,0.0549913017327223,0.09479093705531341,held-out trials,percentile bootstrap (10000 draws)
vda4_crossattn1_grid10x10_seed1,10x10,100,1,invalid,frame6,memory,target_minus_cue_peak_share,128,0.004909419639758744,-0.07349874383415758,0.08274704702589986,held-out trials,percentile bootstrap (10000 draws)
vda4_crossattn1_grid10x10_seed1,10x10,100,1,invalid,frame6,memory,target_minus_other_peak_share,128,0.23297032640462523,0.18476126831648484,0.2822677705742008,held-out trials,percentile bootstrap (10000 draws)
vda4_crossattn1_grid10x10_seed1,10x10,100,1,invalid,frame6,memory,target_argmax_raw_total,128,0.40625,0.3203125,0.4921875,held-out trials,percentile bootstrap (10000 draws)
vda4_crossattn1_grid10x10_seed1,10x10,100,1,invalid,frame6,memory,target_argmax_raw_peak,128,0.5,0.4140625,0.5859375,held-out trials,percentile bootstrap (10000 draws)
vda4_crossattn1_grid10x10_seed1,10x10,100,1,invalid,frame6,visual,source_total_share,128,0.0967455760859024,0.08975693457591058,0.10390730545434217,held-out trials,percentile bootstrap (10000 draws)
vda4_crossattn1_grid10x10_seed1,10x10,100,1,invalid,frame6,visual,target_raw_total_quadrant_mass,128,0.01647894232708813,0.015049385143812955,0.017947869563395103,held-out trials,percentile bootstrap (10000 draws)
vda4_crossattn1_grid10x10_seed1,10x10,100,1,invalid,frame6,visual,cue_raw_total_quadrant_mass,128,0.048159243134964225,0.043793292494251665,0.052605766365844936,held-out trials,percentile bootstrap (10000 draws)
vda4_crossattn1_grid10x10_seed1,10x10,100,1,invalid,frame6,visual,target_raw_peak_patch,128,0.007329132089580526,0.006460704340645407,0.008269624924582785,held-out trials,percentile bootstrap (10000 draws)
vda4_crossattn1_grid10x10_seed1,10x10,100,1,invalid,frame6,visual,cue_raw_peak_patch,128,0.021847261650691507,0.018770708854299302,0.025055835215198385,held-out trials,percentile bootstrap (10000 draws)
vda4_crossattn1_grid10x10_seed1,10x10,100,1,invalid,frame6,visual,target_raw_peak_patch_uniform_ratio,128,1.4658264179161051,1.2931385418050922,1.6556013703211647,held-out trials,percentile bootstrap (10000 draws)
vda4_crossattn1_grid10x10_seed1,10x10,100,1,invalid,frame6,visual,cue_raw_peak_patch_uniform_ratio,128,4.3694523301383015,3.748903605610394,5.031911685555315,held-out trials,percentile bootstrap (10000 draws)
vda4_crossattn1_grid10x10_seed1,10x10,100,1,invalid,frame6,visual,target_conditional_total_quadrant_mass,128,0.17176243684604975,0.16267581074947646,0.18107916671024996,held-out trials,percentile bootstrap (10000 draws)
vda4_crossattn1_grid10x10_seed1,10x10,100,1,invalid,frame6,visual,cue_conditional_total_quadrant_mass,128,0.4828602705930567,0.46596408643008813,0.4990133435661219,held-out trials,percentile bootstrap (10000 draws)
vda4_crossattn1_grid10x10_seed1,10x10,100,1,invalid,frame6,visual,target_conditional_peak_patch,128,0.07465640635662643,0.06810894108304488,0.08135178492713575,held-out trials,percentile bootstrap (10000 draws)
vda4_crossattn1_grid10x10_seed1,10x10,100,1,invalid,frame6,visual,cue_conditional_peak_patch,128,0.2005154039264036,0.1840195244579779,0.21739106387326068,held-out trials,percentile bootstrap (10000 draws)
vda4_crossattn1_grid10x10_seed1,10x10,100,1,invalid,frame6,visual,target_conditional_peak_patch_uniform_ratio,128,7.465640635662643,6.824938124021563,8.147096636564907,held-out trials,percentile bootstrap (10000 draws)
vda4_crossattn1_grid10x10_seed1,10x10,100,1,invalid,frame6,visual,cue_conditional_peak_patch_uniform_ratio,128,20.05154039264036,18.414824155659293,21.727717721521405,held-out trials,percentile bootstrap (10000 draws)
vda4_crossattn1_grid10x10_seed1,10x10,100,1,invalid,frame6,visual,target_peak_patch_quadrant_share,128,0.19004010365801,0.17325638051048703,0.2073896121626257,held-out trials,percentile bootstrap (10000 draws)
vda4_crossattn1_grid10x10_seed1,10x10,100,1,invalid,frame6,visual,cue_peak_patch_quadrant_share,128,0.48215826390667504,0.45363231932292347,0.5098238611157537,held-out trials,percentile bootstrap (10000 draws)
vda4_crossattn1_grid10x10_seed1,10x10,100,1,invalid,frame6,visual,target_within_quadrant_peak_ratio,128,10.354067048106517,9.835954886274246,10.858759700998274,held-out trials,percentile bootstrap (10000 draws)
vda4_crossattn1_grid10x10_seed1,10x10,100,1,invalid,frame6,visual,cue_within_quadrant_peak_ratio,128,9.949456825807378,9.352086246885428,10.5751421958622,held-out trials,percentile bootstrap (10000 draws)
vda4_crossattn1_grid10x10_seed1,10x10,100,1,invalid,frame6,visual,target_minus_cue_raw_total_mass,128,-0.031680300807876094,-0.03554459691169407,-0.027953041209487422,held-out trials,percentile bootstrap (10000 draws)
vda4_crossattn1_grid10x10_seed1,10x10,100,1,invalid,frame6,visual,target_minus_other_raw_total_mass,128,-0.010276602259183292,-0.01178764732407754,-0.008756941075904278,held-out trials,percentile bootstrap (10000 draws)
vda4_crossattn1_grid10x10_seed1,10x10,100,1,invalid,frame6,visual,target_minus_cue_raw_peak,128,-0.014518129561110982,-0.0174350015112509,-0.011722057449878776,held-out trials,percentile bootstrap (10000 draws)
vda4_crossattn1_grid10x10_seed1,10x10,100,1,invalid,frame6,visual,target_minus_other_raw_peak,128,-0.003908161422259582,-0.005025179903865744,-0.0027942645642610848,held-out trials,percentile bootstrap (10000 draws)
vda4_crossattn1_grid10x10_seed1,10x10,100,1,invalid,frame6,visual,target_minus_cue_peak_share,128,-0.292118160248665,-0.3323844960040653,-0.25089922258131436,held-out trials,percentile bootstrap (10000 draws)
vda4_crossattn1_grid10x10_seed1,10x10,100,1,invalid,frame6,visual,target_minus_other_peak_share,128,-0.07994652845598668,-0.10243494823066913,-0.05729868362814236,held-out trials,percentile bootstrap (10000 draws)
vda4_crossattn1_grid10x10_seed1,10x10,100,1,invalid,frame6,visual,target_argmax_raw_total,128,0.015625,0.0,0.0390625,held-out trials,percentile bootstrap (10000 draws)
vda4_crossattn1_grid10x10_seed1,10x10,100,1,invalid,frame6,visual,target_argmax_raw_peak,128,0.0859375,0.0390625,0.140625,held-out trials,percentile bootstrap (10000 draws)
vda4_crossattn1_grid10x10_seed1,10x10,100,1,invalid,frames5_6_mean,memory,source_total_share,128,0.8942097760151455,0.8874916005448966,0.9007860097779314,held-out trials,percentile bootstrap (10000 draws)
vda4_crossattn1_grid10x10_seed1,10x10,100,1,invalid,frames5_6_mean,memory,target_raw_total_quadrant_mass,128,0.2118216219223541,0.20131165905567058,0.22223962352932744,held-out trials,percentile bootstrap (10000 draws)
vda4_crossattn1_grid10x10_seed1,10x10,100,1,invalid,frames5_6_mean,memory,cue_raw_total_quadrant_mass,128,0.4352201151236841,0.41248140495778784,0.4584128903537419,held-out trials,percentile bootstrap (10000 draws)
vda4_crossattn1_grid10x10_seed1,10x10,100,1,invalid,frames5_6_mean,memory,target_raw_peak_patch,128,0.0858799928901135,0.07861739507620769,0.09332488988129625,held-out trials,percentile bootstrap (10000 draws)
vda4_crossattn1_grid10x10_seed1,10x10,100,1,invalid,frames5_6_mean,memory,cue_raw_peak_patch,128,0.18622383402544074,0.15783857755977806,0.2161705212154629,held-out trials,percentile bootstrap (10000 draws)
vda4_crossattn1_grid10x10_seed1,10x10,100,1,invalid,frames5_6_mean,memory,target_raw_peak_patch_uniform_ratio,128,17.1759985780227,15.715815064904746,18.658562482369234,held-out trials,percentile bootstrap (10000 draws)
vda4_crossattn1_grid10x10_seed1,10x10,100,1,invalid,frames5_6_mean,memory,cue_raw_peak_patch_uniform_ratio,128,37.24476680508815,31.594690796846407,43.221100092705456,held-out trials,percentile bootstrap (10000 draws)
vda4_crossattn1_grid10x10_seed1,10x10,100,1,invalid,frames5_6_mean,memory,target_conditional_total_quadrant_mass,128,0.23679667037761898,0.2250087924760349,0.24868970353486206,held-out trials,percentile bootstrap (10000 draws)
vda4_crossattn1_grid10x10_seed1,10x10,100,1,invalid,frames5_6_mean,memory,cue_conditional_total_quadrant_mass,128,0.48372518419583593,0.4616079851865249,0.5067557388428372,held-out trials,percentile bootstrap (10000 draws)
vda4_crossattn1_grid10x10_seed1,10x10,100,1,invalid,frames5_6_mean,memory,target_conditional_peak_patch,128,0.0951292978567807,0.08734229165202331,0.10323701858965019,held-out trials,percentile bootstrap (10000 draws)
vda4_crossattn1_grid10x10_seed1,10x10,100,1,invalid,frames5_6_mean,memory,cue_conditional_peak_patch,128,0.20241324346556608,0.1732738129371436,0.23274249959219412,held-out trials,percentile bootstrap (10000 draws)
vda4_crossattn1_grid10x10_seed1,10x10,100,1,invalid,frames5_6_mean,memory,target_conditional_peak_patch_uniform_ratio,128,9.512929785678068,8.696448574009803,10.312543736022574,held-out trials,percentile bootstrap (10000 draws)
vda4_crossattn1_grid10x10_seed1,10x10,100,1,invalid,frames5_6_mean,memory,cue_conditional_peak_patch_uniform_ratio,128,20.24132434655661,17.317162820112415,23.373042266261628,held-out trials,percentile bootstrap (10000 draws)
vda4_crossattn1_grid10x10_seed1,10x10,100,1,invalid,frames5_6_mean,memory,target_peak_patch_quadrant_share,128,0.272291108895078,0.250088662492467,0.29450512173422483,held-out trials,percentile bootstrap (10000 draws)
vda4_crossattn1_grid10x10_seed1,10x10,100,1,invalid,frames5_6_mean,memory,cue_peak_patch_quadrant_share,128,0.5346610174823279,0.49556229952243747,0.5739761922349665,held-out trials,percentile bootstrap (10000 draws)
vda4_crossattn1_grid10x10_seed1,10x10,100,1,invalid,frames5_6_mean,memory,target_within_quadrant_peak_ratio,128,7.989748511056149,7.649516506539684,8.32908582249591,held-out trials,percentile bootstrap (10000 draws)
vda4_crossattn1_grid10x10_seed1,10x10,100,1,invalid,frames5_6_mean,memory,cue_within_quadrant_peak_ratio,128,9.148949128556044,8.173851031887581,10.141684359727869,held-out trials,percentile bootstrap (10000 draws)
vda4_crossattn1_grid10x10_seed1,10x10,100,1,invalid,frames5_6_mean,memory,target_minus_cue_raw_total_mass,128,-0.22339849320132998,-0.25483849995958396,-0.19220865303597637,held-out trials,percentile bootstrap (10000 draws)
vda4_crossattn1_grid10x10_seed1,10x10,100,1,invalid,frames5_6_mean,memory,target_minus_other_raw_total_mass,128,-0.01564109610857637,-0.030587906862094387,-0.0011752722073557237,held-out trials,percentile bootstrap (10000 draws)
vda4_crossattn1_grid10x10_seed1,10x10,100,1,invalid,frames5_6_mean,memory,target_minus_cue_raw_peak,128,-0.10034384113532724,-0.1335775734109575,-0.06896130570230526,held-out trials,percentile bootstrap (10000 draws)
vda4_crossattn1_grid10x10_seed1,10x10,100,1,invalid,frames5_6_mean,memory,target_minus_other_raw_peak,128,0.009587830295762005,-0.004182890503807357,0.02306786806199549,held-out trials,percentile bootstrap (10000 draws)
vda4_crossattn1_grid10x10_seed1,10x10,100,1,invalid,frames5_6_mean,memory,target_minus_cue_peak_share,128,-0.26236990858724984,-0.3227955684473694,-0.2025673312921922,held-out trials,percentile bootstrap (10000 draws)
vda4_crossattn1_grid10x10_seed1,10x10,100,1,invalid,frames5_6_mean,memory,target_minus_other_peak_share,128,0.029721478526770664,-0.000498564359181395,0.05977166870363258,held-out trials,percentile bootstrap (10000 draws)
vda4_crossattn1_grid10x10_seed1,10x10,100,1,invalid,frames5_6_mean,memory,target_argmax_raw_total,128,0.078125,0.03125,0.125,held-out trials,percentile bootstrap (10000 draws)
vda4_crossattn1_grid10x10_seed1,10x10,100,1,invalid,frames5_6_mean,memory,target_argmax_raw_peak,128,0.34375,0.265625,0.4296875,held-out trials,percentile bootstrap (10000 draws)
vda4_crossattn1_grid10x10_seed1,10x10,100,1,invalid,frames5_6_mean,visual,source_total_share,128,0.10579022439300867,0.09931032273232963,0.11239557681929155,held-out trials,percentile bootstrap (10000 draws)
vda4_crossattn1_grid10x10_seed1,10x10,100,1,invalid,frames5_6_mean,visual,target_raw_total_quadrant_mass,128,0.018429572995617205,0.017010355238441726,0.019869788630629208,held-out trials,percentile bootstrap (10000 draws)
vda4_crossattn1_grid10x10_seed1,10x10,100,1,invalid,frames5_6_mean,visual,cue_raw_total_quadrant_mass,128,0.051770774100697414,0.047725832585027536,0.055959417999188146,held-out trials,percentile bootstrap (10000 draws)
vda4_crossattn1_grid10x10_seed1,10x10,100,1,invalid,frames5_6_mean,visual,target_raw_peak_patch,128,0.00777476568646307,0.006972280862527214,0.008610312045914269,held-out trials,percentile bootstrap (10000 draws)
vda4_crossattn1_grid10x10_seed1,10x10,100,1,invalid,frames5_6_mean,visual,cue_raw_peak_patch,128,0.022695643910992658,0.019761037469811525,0.025773545490756077,held-out trials,percentile bootstrap (10000 draws)
vda4_crossattn1_grid10x10_seed1,10x10,100,1,invalid,frames5_6_mean,visual,target_raw_peak_patch_uniform_ratio,128,1.554953137292614,1.3934899536673129,1.7228223592985614,held-out trials,percentile bootstrap (10000 draws)
vda4_crossattn1_grid10x10_seed1,10x10,100,1,invalid,frames5_6_mean,visual,cue_raw_peak_patch_uniform_ratio,128,4.5391287821985316,3.9479163875148515,5.147689731734317,held-out trials,percentile bootstrap (10000 draws)
vda4_crossattn1_grid10x10_seed1,10x10,100,1,invalid,frames5_6_mean,visual,target_conditional_total_quadrant_mass,128,0.17452936505999606,0.16609774350060777,0.18287335593914483,held-out trials,percentile bootstrap (10000 draws)
vda4_crossattn1_grid10x10_seed1,10x10,100,1,invalid,frames5_6_mean,visual,cue_conditional_total_quadrant_mass,128,0.4767738521147272,0.4612311941611816,0.49175294488619914,held-out trials,percentile bootstrap (10000 draws)
vda4_crossattn1_grid10x10_seed1,10x10,100,1,invalid,frames5_6_mean,visual,target_conditional_peak_patch,128,0.07235312912755569,0.06676429521561966,0.07817763235183496,held-out trials,percentile bootstrap (10000 draws)
vda4_crossattn1_grid10x10_seed1,10x10,100,1,invalid,frames5_6_mean,visual,cue_conditional_peak_patch,128,0.1929801650511332,0.17797924474759985,0.20789457359670208,held-out trials,percentile bootstrap (10000 draws)
vda4_crossattn1_grid10x10_seed1,10x10,100,1,invalid,frames5_6_mean,visual,target_conditional_peak_patch_uniform_ratio,128,7.235312912755569,6.675413774578268,7.805629550084792,held-out trials,percentile bootstrap (10000 draws)
vda4_crossattn1_grid10x10_seed1,10x10,100,1,invalid,frames5_6_mean,visual,cue_conditional_peak_patch_uniform_ratio,128,19.29801650511332,17.818706877044104,20.851125242991653,held-out trials,percentile bootstrap (10000 draws)
vda4_crossattn1_grid10x10_seed1,10x10,100,1,invalid,frames5_6_mean,visual,target_peak_patch_quadrant_share,128,0.19017935719037465,0.1757963152865128,0.20489536843568792,held-out trials,percentile bootstrap (10000 draws)
vda4_crossattn1_grid10x10_seed1,10x10,100,1,invalid,frames5_6_mean,visual,cue_peak_patch_quadrant_share,128,0.4793768544658415,0.4534256405185807,0.5049178366384217,held-out trials,percentile bootstrap (10000 draws)
vda4_crossattn1_grid10x10_seed1,10x10,100,1,invalid,frames5_6_mean,visual,target_within_quadrant_peak_ratio,128,9.94902724497293,9.509070815321888,10.40652255927071,held-out trials,percentile bootstrap (10000 draws)
vda4_crossattn1_grid10x10_seed1,10x10,100,1,invalid,frames5_6_mean,visual,cue_within_quadrant_peak_ratio,128,9.71285556015269,9.14745089090146,10.31948957142885,held-out trials,percentile bootstrap (10000 draws)
vda4_crossattn1_grid10x10_seed1,10x10,100,1,invalid,frames5_6_mean,visual,target_minus_cue_raw_total_mass,128,-0.03334120110508021,-0.03680340018366331,-0.029808142083842363,held-out trials,percentile bootstrap (10000 draws)
vda4_crossattn1_grid10x10_seed1,10x10,100,1,invalid,frames5_6_mean,visual,target_minus_other_raw_total_mass,128,-0.010690644136846617,-0.012117999765248843,-0.009252225283171472,held-out trials,percentile bootstrap (10000 draws)
vda4_crossattn1_grid10x10_seed1,10x10,100,1,invalid,frames5_6_mean,visual,target_minus_cue_raw_peak,128,-0.014920878224529588,-0.017728402173321455,-0.012232435171836187,held-out trials,percentile bootstrap (10000 draws)
vda4_crossattn1_grid10x10_seed1,10x10,100,1,invalid,frames5_6_mean,visual,target_minus_other_raw_peak,128,-0.003988533017642718,-0.005006497507525865,-0.002979426724666231,held-out trials,percentile bootstrap (10000 draws)
vda4_crossattn1_grid10x10_seed1,10x10,100,1,invalid,frames5_6_mean,visual,target_minus_cue_peak_share,128,-0.28919749727546684,-0.32672133259662683,-0.2509645521936575,held-out trials,percentile bootstrap (10000 draws)
vda4_crossattn1_grid10x10_seed1,10x10,100,1,invalid,frames5_6_mean,visual,target_minus_other_peak_share,128,-0.07976085707950051,-0.09985225612100426,-0.059508560337676014,held-out trials,percentile bootstrap (10000 draws)
vda4_crossattn1_grid10x10_seed1,10x10,100,1,invalid,frames5_6_mean,visual,target_argmax_raw_total,128,0.0078125,0.0,0.0234375,held-out trials,percentile bootstrap (10000 draws)
vda4_crossattn1_grid10x10_seed1,10x10,100,1,invalid,frames5_6_mean,visual,target_argmax_raw_peak,128,0.0859375,0.0390625,0.1328125,held-out trials,percentile bootstrap (10000 draws)
vda4_crossattn1_grid10x10_seed1,10x10,100,1,valid,frame5,memory,source_total_share,128,0.8915429855856019,0.885253686563783,0.8977901983951483,held-out trials,percentile bootstrap (10000 draws)
vda4_crossattn1_grid10x10_seed1,10x10,100,1,valid,frame5,memory,target_raw_total_quadrant_mass,128,0.4942186925218266,0.4688628822266082,0.5204227198894614,held-out trials,percentile bootstrap (10000 draws)
vda4_crossattn1_grid10x10_seed1,10x10,100,1,valid,frame5,memory,cue_raw_total_quadrant_mass,128,0.4942186925218266,0.46839339032705996,0.5196911267752738,held-out trials,percentile bootstrap (10000 draws)
vda4_crossattn1_grid10x10_seed1,10x10,100,1,valid,frame5,memory,target_raw_peak_patch,128,0.21287059763562866,0.1802137110280455,0.2484857992203615,held-out trials,percentile bootstrap (10000 draws)
vda4_crossattn1_grid10x10_seed1,10x10,100,1,valid,frame5,memory,cue_raw_peak_patch,128,0.21287059763562866,0.1804908554069698,0.24788701601719368,held-out trials,percentile bootstrap (10000 draws)
vda4_crossattn1_grid10x10_seed1,10x10,100,1,valid,frame5,memory,target_raw_peak_patch_uniform_ratio,128,42.57411952712573,36.03849117847858,49.44149666647718,held-out trials,percentile bootstrap (10000 draws)
vda4_crossattn1_grid10x10_seed1,10x10,100,1,valid,frame5,memory,cue_raw_peak_patch_uniform_ratio,128,42.57411952712573,35.806939941539895,49.59879193040251,held-out trials,percentile bootstrap (10000 draws)
vda4_crossattn1_grid10x10_seed1,10x10,100,1,valid,frame5,memory,target_conditional_total_quadrant_mass,128,0.5492048672584566,0.5251719297674295,0.5740032891321571,held-out trials,percentile bootstrap (10000 draws)
vda4_crossattn1_grid10x10_seed1,10x10,100,1,valid,frame5,memory,cue_conditional_total_quadrant_mass,128,0.5492048672584566,0.5248974519535509,0.5743526276069629,held-out trials,percentile bootstrap (10000 draws)
vda4_crossattn1_grid10x10_seed1,10x10,100,1,valid,frame5,memory,target_conditional_peak_patch,128,0.23166848834775983,0.19699987527598842,0.2682745825176572,held-out trials,percentile bootstrap (10000 draws)
vda4_crossattn1_grid10x10_seed1,10x10,100,1,valid,frame5,memory,cue_conditional_peak_patch,128,0.23166848834775983,0.19646378260020206,0.26806675597508595,held-out trials,percentile bootstrap (10000 draws)
vda4_crossattn1_grid10x10_seed1,10x10,100,1,valid,frame5,memory,target_conditional_peak_patch_uniform_ratio,128,23.166848834775987,19.64231903313431,26.843150555679138,held-out trials,percentile bootstrap (10000 draws)
vda4_crossattn1_grid10x10_seed1,10x10,100,1,valid,frame5,memory,cue_conditional_peak_patch_uniform_ratio,128,23.166848834775987,19.729852132705975,26.838461953334672,held-out trials,percentile bootstrap (10000 draws)
vda4_crossattn1_grid10x10_seed1,10x10,100,1,valid,frame5,memory,target_peak_patch_quadrant_share,128,0.6487316063129817,0.6052147489019978,0.6914046550886704,held-out trials,percentile bootstrap (10000 draws)
vda4_crossattn1_grid10x10_seed1,10x10,100,1,valid,frame5,memory,cue_peak_patch_quadrant_share,128,0.6487316063129817,0.6042718794217176,0.6922706114268319,held-out trials,percentile bootstrap (10000 draws)
vda4_crossattn1_grid10x10_seed1,10x10,100,1,valid,frame5,memory,target_within_quadrant_peak_ratio,128,9.051995479599096,8.015015298877966,10.13652392402948,held-out trials,percentile bootstrap (10000 draws)
vda4_crossattn1_grid10x10_seed1,10x10,100,1,valid,frame5,memory,cue_within_quadrant_peak_ratio,128,9.051995479599096,8.016475452313848,10.12244286240469,held-out trials,percentile bootstrap (10000 draws)
vda4_crossattn1_grid10x10_seed1,10x10,100,1,valid,frame5,memory,target_minus_cue_raw_total_mass,128,0.0,0.0,0.0,held-out trials,percentile bootstrap (10000 draws)
vda4_crossattn1_grid10x10_seed1,10x10,100,1,valid,frame5,memory,target_minus_other_raw_total_mass,128,0.3617772615005682,0.3293303280760711,0.3938894011167084,held-out trials,percentile bootstrap (10000 draws)
vda4_crossattn1_grid10x10_seed1,10x10,100,1,valid,frame5,memory,target_minus_cue_raw_peak,128,0.0,0.0,0.0,held-out trials,percentile bootstrap (10000 draws)
vda4_crossattn1_grid10x10_seed1,10x10,100,1,valid,frame5,memory,target_minus_other_raw_peak,128,0.19240331600364394,0.1578051826943465,0.22797854547067495,held-out trials,percentile bootstrap (10000 draws)
vda4_crossattn1_grid10x10_seed1,10x10,100,1,valid,frame5,memory,target_minus_cue_peak_share,128,0.0,0.0,0.0,held-out trials,percentile bootstrap (10000 draws)
vda4_crossattn1_grid10x10_seed1,10x10,100,1,valid,frame5,memory,target_minus_other_peak_share,128,0.5316421417506423,0.47513716885161955,0.5885995965706539,held-out trials,percentile bootstrap (10000 draws)
vda4_crossattn1_grid10x10_seed1,10x10,100,1,valid,frame5,memory,target_argmax_raw_total,128,1.0,1.0,1.0,held-out trials,percentile bootstrap (10000 draws)
vda4_crossattn1_grid10x10_seed1,10x10,100,1,valid,frame5,memory,target_argmax_raw_peak,128,0.8515625,0.7890625,0.9140625,held-out trials,percentile bootstrap (10000 draws)
vda4_crossattn1_grid10x10_seed1,10x10,100,1,valid,frame5,visual,source_total_share,128,0.10845701363204086,0.1020864076545834,0.11472694267146197,held-out trials,percentile bootstrap (10000 draws)
vda4_crossattn1_grid10x10_seed1,10x10,100,1,valid,frame5,visual,target_raw_total_quadrant_mass,128,0.05079647745835203,0.04703025971757065,0.05468664348585053,held-out trials,percentile bootstrap (10000 draws)
vda4_crossattn1_grid10x10_seed1,10x10,100,1,valid,frame5,visual,cue_raw_total_quadrant_mass,128,0.05079647745835203,0.046925170204334773,0.05463011154047974,held-out trials,percentile bootstrap (10000 draws)
vda4_crossattn1_grid10x10_seed1,10x10,100,1,valid,frame5,visual,target_raw_peak_patch,128,0.021088797904667445,0.018369120762963577,0.023972948264690784,held-out trials,percentile bootstrap (10000 draws)
vda4_crossattn1_grid10x10_seed1,10x10,100,1,valid,frame5,visual,cue_raw_peak_patch,128,0.021088797904667445,0.01831927958705819,0.023952624484809348,held-out trials,percentile bootstrap (10000 draws)
vda4_crossattn1_grid10x10_seed1,10x10,100,1,valid,frame5,visual,target_raw_peak_patch_uniform_ratio,128,4.217759580933489,3.667575648842103,4.802736266756256,held-out trials,percentile bootstrap (10000 draws)
vda4_crossattn1_grid10x10_seed1,10x10,100,1,valid,frame5,visual,cue_raw_peak_patch_uniform_ratio,128,4.217759580933489,3.668584746428678,4.778026309668348,held-out trials,percentile bootstrap (10000 draws)
vda4_crossattn1_grid10x10_seed1,10x10,100,1,valid,frame5,visual,target_conditional_total_quadrant_mass,128,0.4569823131167916,0.44200412266567507,0.4720777525229774,held-out trials,percentile bootstrap (10000 draws)
vda4_crossattn1_grid10x10_seed1,10x10,100,1,valid,frame5,visual,cue_conditional_total_quadrant_mass,128,0.4569823131167916,0.44204309259014796,0.4719759919622973,held-out trials,percentile bootstrap (10000 draws)
vda4_crossattn1_grid10x10_seed1,10x10,100,1,valid,frame5,visual,target_conditional_peak_patch,128,0.17515553016403618,0.15985315457906515,0.1908284674327271,held-out trials,percentile bootstrap (10000 draws)
vda4_crossattn1_grid10x10_seed1,10x10,100,1,valid,frame5,visual,cue_conditional_peak_patch,128,0.17515553016403618,0.16052803534289978,0.19098278140843547,held-out trials,percentile bootstrap (10000 draws)
vda4_crossattn1_grid10x10_seed1,10x10,100,1,valid,frame5,visual,target_conditional_peak_patch_uniform_ratio,128,17.515553016403622,16.01768544548599,19.101196600744657,held-out trials,percentile bootstrap (10000 draws)
vda4_crossattn1_grid10x10_seed1,10x10,100,1,valid,frame5,visual,cue_conditional_peak_patch_uniform_ratio,128,17.515553016403622,16.016528610508963,19.07909865180545,held-out trials,percentile bootstrap (10000 draws)
vda4_crossattn1_grid10x10_seed1,10x10,100,1,valid,frame5,visual,target_peak_patch_quadrant_share,128,0.4502548979380683,0.4235197164264665,0.4761497671009873,held-out trials,percentile bootstrap (10000 draws)
vda4_crossattn1_grid10x10_seed1,10x10,100,1,valid,frame5,visual,cue_peak_patch_quadrant_share,128,0.4502548979380683,0.42457974822560174,0.4761668934190622,held-out trials,percentile bootstrap (10000 draws)
vda4_crossattn1_grid10x10_seed1,10x10,100,1,valid,frame5,visual,target_within_quadrant_peak_ratio,128,9.181672292174717,8.590333308472157,9.801622741380825,held-out trials,percentile bootstrap (10000 draws)
vda4_crossattn1_grid10x10_seed1,10x10,100,1,valid,frame5,visual,cue_within_quadrant_peak_ratio,128,9.181672292174717,8.585880381607724,9.78969357766239,held-out trials,percentile bootstrap (10000 draws)
vda4_crossattn1_grid10x10_seed1,10x10,100,1,valid,frame5,visual,target_minus_cue_raw_total_mass,128,0.0,0.0,0.0,held-out trials,percentile bootstrap (10000 draws)
vda4_crossattn1_grid10x10_seed1,10x10,100,1,valid,frame5,visual,target_minus_other_raw_total_mass,128,0.03157629873378909,0.028316404685956115,0.03486373411106912,held-out trials,percentile bootstrap (10000 draws)
vda4_crossattn1_grid10x10_seed1,10x10,100,1,valid,frame5,visual,target_minus_cue_raw_peak,128,0.0,0.0,0.0,held-out trials,percentile bootstrap (10000 draws)
vda4_crossattn1_grid10x10_seed1,10x10,100,1,valid,frame5,visual,target_minus_other_raw_peak,128,0.014023614821932522,0.011450636096507575,0.01670735711886285,held-out trials,percentile bootstrap (10000 draws)
vda4_crossattn1_grid10x10_seed1,10x10,100,1,valid,frame5,visual,target_minus_cue_peak_share,128,0.0,0.0,0.0,held-out trials,percentile bootstrap (10000 draws)
vda4_crossattn1_grid10x10_seed1,10x10,100,1,valid,frame5,visual,target_minus_other_peak_share,128,0.2670065305840911,0.23290474601312686,0.30191019416954096,held-out trials,percentile bootstrap (10000 draws)
vda4_crossattn1_grid10x10_seed1,10x10,100,1,valid,frame5,visual,target_argmax_raw_total,128,0.96875,0.9375,0.9921875,held-out trials,percentile bootstrap (10000 draws)
vda4_crossattn1_grid10x10_seed1,10x10,100,1,valid,frame5,visual,target_argmax_raw_peak,128,0.8046875,0.734375,0.875,held-out trials,percentile bootstrap (10000 draws)
vda4_crossattn1_grid10x10_seed1,10x10,100,1,valid,frame6,memory,source_total_share,128,0.9291638757381406,0.9254516068626572,0.9327325026009305,held-out trials,percentile bootstrap (10000 draws)
vda4_crossattn1_grid10x10_seed1,10x10,100,1,valid,frame6,memory,target_raw_total_quadrant_mass,128,0.6752184675608532,0.6608525381783125,0.6893078964895153,held-out trials,percentile bootstrap (10000 draws)
vda4_crossattn1_grid10x10_seed1,10x10,100,1,valid,frame6,memory,cue_raw_total_quadrant_mass,128,0.6752184675608532,0.661055359814793,0.6892765806295813,held-out trials,percentile bootstrap (10000 draws)
vda4_crossattn1_grid10x10_seed1,10x10,100,1,valid,frame6,memory,target_raw_peak_patch,128,0.3633218389004469,0.34553664859267885,0.3811170435714302,held-out trials,percentile bootstrap (10000 draws)
vda4_crossattn1_grid10x10_seed1,10x10,100,1,valid,frame6,memory,cue_raw_peak_patch,128,0.3633218389004469,0.34582317432796117,0.3810489765921375,held-out trials,percentile bootstrap (10000 draws)
vda4_crossattn1_grid10x10_seed1,10x10,100,1,valid,frame6,memory,target_raw_peak_patch_uniform_ratio,128,72.66436778008938,69.21660408843309,76.19607177504804,held-out trials,percentile bootstrap (10000 draws)
vda4_crossattn1_grid10x10_seed1,10x10,100,1,valid,frame6,memory,cue_raw_peak_patch_uniform_ratio,128,72.66436778008938,69.12653676583432,76.19274798489641,held-out trials,percentile bootstrap (10000 draws)
vda4_crossattn1_grid10x10_seed1,10x10,100,1,valid,frame6,memory,target_conditional_total_quadrant_mass,128,0.7254452277505211,0.7120861852987369,0.7387212011500797,held-out trials,percentile bootstrap (10000 draws)
vda4_crossattn1_grid10x10_seed1,10x10,100,1,valid,frame6,memory,cue_conditional_total_quadrant_mass,128,0.7254452277505211,0.7117863491892086,0.7387487396806928,held-out trials,percentile bootstrap (10000 draws)
vda4_crossattn1_grid10x10_seed1,10x10,100,1,valid,frame6,memory,target_conditional_peak_patch,128,0.3906806265829748,0.3728428804698457,0.40933327832362454,held-out trials,percentile bootstrap (10000 draws)
vda4_crossattn1_grid10x10_seed1,10x10,100,1,valid,frame6,memory,cue_conditional_peak_patch,128,0.3906806265829748,0.3725243682553919,0.40967203868498775,held-out trials,percentile bootstrap (10000 draws)
vda4_crossattn1_grid10x10_seed1,10x10,100,1,valid,frame6,memory,target_conditional_peak_patch_uniform_ratio,128,39.06806265829748,37.20762525202584,40.9597278385631,held-out trials,percentile bootstrap (10000 draws)
vda4_crossattn1_grid10x10_seed1,10x10,100,1,valid,frame6,memory,cue_conditional_peak_patch_uniform_ratio,128,39.06806265829748,37.231734477213585,40.94273821251762,held-out trials,percentile bootstrap (10000 draws)
vda4_crossattn1_grid10x10_seed1,10x10,100,1,valid,frame6,memory,target_peak_patch_quadrant_share,128,0.8579729849651945,0.8460390813885587,0.8693098656018807,held-out trials,percentile bootstrap (10000 draws)
vda4_crossattn1_grid10x10_seed1,10x10,100,1,valid,frame6,memory,cue_peak_patch_quadrant_share,128,0.8579729849651945,0.8461536808330412,0.8695048991434744,held-out trials,percentile bootstrap (10000 draws)
vda4_crossattn1_grid10x10_seed1,10x10,100,1,valid,frame6,memory,target_within_quadrant_peak_ratio,128,13.518932562103348,12.884044780619044,14.1583543192695,held-out trials,percentile bootstrap (10000 draws)
vda4_crossattn1_grid10x10_seed1,10x10,100,1,valid,frame6,memory,cue_within_quadrant_peak_ratio,128,13.518932562103348,12.89445741912608,14.14922978965793,held-out trials,percentile bootstrap (10000 draws)
vda4_crossattn1_grid10x10_seed1,10x10,100,1,valid,frame6,memory,target_minus_cue_raw_total_mass,128,0.0,0.0,0.0,held-out trials,percentile bootstrap (10000 draws)
vda4_crossattn1_grid10x10_seed1,10x10,100,1,valid,frame6,memory,target_minus_other_raw_total_mass,128,0.590569998168424,0.5724403507109477,0.6082784030453618,held-out trials,percentile bootstrap (10000 draws)
vda4_crossattn1_grid10x10_seed1,10x10,100,1,valid,frame6,memory,target_minus_cue_raw_peak,128,0.0,0.0,0.0,held-out trials,percentile bootstrap (10000 draws)
vda4_crossattn1_grid10x10_seed1,10x10,100,1,valid,frame6,memory,target_minus_other_raw_peak,128,0.34432329137841106,0.32675942699711413,0.3625806327726726,held-out trials,percentile bootstrap (10000 draws)
vda4_crossattn1_grid10x10_seed1,10x10,100,1,valid,frame6,memory,target_minus_cue_peak_share,128,0.0,0.0,0.0,held-out trials,percentile bootstrap (10000 draws)
vda4_crossattn1_grid10x10_seed1,10x10,100,1,valid,frame6,memory,target_minus_other_peak_share,128,0.8106306466202593,0.794195206200915,0.8255185370662808,held-out trials,percentile bootstrap (10000 draws)
vda4_crossattn1_grid10x10_seed1,10x10,100,1,valid,frame6,memory,target_argmax_raw_total,128,1.0,1.0,1.0,held-out trials,percentile bootstrap (10000 draws)
vda4_crossattn1_grid10x10_seed1,10x10,100,1,valid,frame6,memory,target_argmax_raw_peak,128,1.0,1.0,1.0,held-out trials,percentile bootstrap (10000 draws)
vda4_crossattn1_grid10x10_seed1,10x10,100,1,valid,frame6,visual,source_total_share,128,0.07083612504468206,0.06715875648061051,0.07453370206558242,held-out trials,percentile bootstrap (10000 draws)
vda4_crossattn1_grid10x10_seed1,10x10,100,1,valid,frame6,visual,target_raw_total_quadrant_mass,128,0.03510532294721491,0.032475094395954494,0.037835325146197495,held-out trials,percentile bootstrap (10000 draws)
vda4_crossattn1_grid10x10_seed1,10x10,100,1,valid,frame6,visual,cue_raw_total_quadrant_mass,128,0.03510532294721491,0.032486920481279755,0.03777296469518689,held-out trials,percentile bootstrap (10000 draws)
vda4_crossattn1_grid10x10_seed1,10x10,100,1,valid,frame6,visual,target_raw_peak_patch,128,0.014969514979384257,0.0132093433116097,0.016800387653211145,held-out trials,percentile bootstrap (10000 draws)
vda4_crossattn1_grid10x10_seed1,10x10,100,1,valid,frame6,visual,cue_raw_peak_patch,128,0.014969514979384257,0.013217807441151308,0.0167903893131097,held-out trials,percentile bootstrap (10000 draws)
vda4_crossattn1_grid10x10_seed1,10x10,100,1,valid,frame6,visual,target_raw_peak_patch_uniform_ratio,128,2.9939029958768515,2.646274694616295,3.3496345063940676,held-out trials,percentile bootstrap (10000 draws)
vda4_crossattn1_grid10x10_seed1,10x10,100,1,valid,frame6,visual,cue_raw_peak_patch_uniform_ratio,128,2.9939029958768515,2.6455173801059573,3.355581738251203,held-out trials,percentile bootstrap (10000 draws)
vda4_crossattn1_grid10x10_seed1,10x10,100,1,valid,frame6,visual,target_conditional_total_quadrant_mass,128,0.48028597964328534,0.4634319940249123,0.4974808962782372,held-out trials,percentile bootstrap (10000 draws)
vda4_crossattn1_grid10x10_seed1,10x10,100,1,valid,frame6,visual,cue_conditional_total_quadrant_mass,128,0.48028597964328534,0.46310517658706424,0.4974551452938124,held-out trials,percentile bootstrap (10000 draws)
vda4_crossattn1_grid10x10_seed1,10x10,100,1,valid,frame6,visual,target_conditional_peak_patch,128,0.1952877732069595,0.17904866597320107,0.21212962690240972,held-out trials,percentile bootstrap (10000 draws)
vda4_crossattn1_grid10x10_seed1,10x10,100,1,valid,frame6,visual,cue_conditional_peak_patch,128,0.1952877732069595,0.1787066063307197,0.21241233150627206,held-out trials,percentile bootstrap (10000 draws)
vda4_crossattn1_grid10x10_seed1,10x10,100,1,valid,frame6,visual,target_conditional_peak_patch_uniform_ratio,128,19.52877732069595,17.868243175403002,21.29130258891351,held-out trials,percentile bootstrap (10000 draws)
vda4_crossattn1_grid10x10_seed1,10x10,100,1,valid,frame6,visual,cue_conditional_peak_patch_uniform_ratio,128,19.52877732069595,17.887360364224502,21.24726131198311,held-out trials,percentile bootstrap (10000 draws)
vda4_crossattn1_grid10x10_seed1,10x10,100,1,valid,frame6,visual,target_peak_patch_quadrant_share,128,0.47294579823394756,0.4445564684520868,0.5018168160935298,held-out trials,percentile bootstrap (10000 draws)
vda4_crossattn1_grid10x10_seed1,10x10,100,1,valid,frame6,visual,cue_peak_patch_quadrant_share,128,0.47294579823394756,0.4438837926592418,0.5015332253861873,held-out trials,percentile bootstrap (10000 draws)
vda4_crossattn1_grid10x10_seed1,10x10,100,1,valid,frame6,visual,target_within_quadrant_peak_ratio,128,9.724117213779657,9.147350479168159,10.317955696874197,held-out trials,percentile bootstrap (10000 draws)
vda4_crossattn1_grid10x10_seed1,10x10,100,1,valid,frame6,visual,cue_within_quadrant_peak_ratio,128,9.724117213779657,9.136718911378033,10.317489541602098,held-out trials,percentile bootstrap (10000 draws)
vda4_crossattn1_grid10x10_seed1,10x10,100,1,valid,frame6,visual,target_minus_cue_raw_total_mass,128,0.0,0.0,0.0,held-out trials,percentile bootstrap (10000 draws)
vda4_crossattn1_grid10x10_seed1,10x10,100,1,valid,frame6,visual,target_minus_other_raw_total_mass,128,0.02319505558139253,0.020802017172819622,0.02572455922978911,held-out trials,percentile bootstrap (10000 draws)
vda4_crossattn1_grid10x10_seed1,10x10,100,1,valid,frame6,visual,target_minus_cue_raw_peak,128,0.0,0.0,0.0,held-out trials,percentile bootstrap (10000 draws)
vda4_crossattn1_grid10x10_seed1,10x10,100,1,valid,frame6,visual,target_minus_other_raw_peak,128,0.010311006533659869,0.00863340186026941,0.012080787195395714,held-out trials,percentile bootstrap (10000 draws)
vda4_crossattn1_grid10x10_seed1,10x10,100,1,valid,frame6,visual,target_minus_cue_peak_share,128,0.0,0.0,0.0,held-out trials,percentile bootstrap (10000 draws)
vda4_crossattn1_grid10x10_seed1,10x10,100,1,valid,frame6,visual,target_minus_other_peak_share,128,0.29726106431193006,0.2590543637789442,0.33525979837663494,held-out trials,percentile bootstrap (10000 draws)
vda4_crossattn1_grid10x10_seed1,10x10,100,1,valid,frame6,visual,target_argmax_raw_total,128,0.953125,0.9140625,0.984375,held-out trials,percentile bootstrap (10000 draws)
vda4_crossattn1_grid10x10_seed1,10x10,100,1,valid,frame6,visual,target_argmax_raw_peak,128,0.8046875,0.734375,0.8671875,held-out trials,percentile bootstrap (10000 draws)
vda4_crossattn1_grid10x10_seed1,10x10,100,1,valid,frames5_6_mean,memory,source_total_share,128,0.9103534306618712,0.9060717178655494,0.9145899080473271,held-out trials,percentile bootstrap (10000 draws)
vda4_crossattn1_grid10x10_seed1,10x10,100,1,valid,frames5_6_mean,memory,target_raw_total_quadrant_mass,128,0.5847185800413399,0.5686393102996277,0.6016667465289203,held-out trials,percentile bootstrap (10000 draws)
vda4_crossattn1_grid10x10_seed1,10x10,100,1,valid,frames5_6_mean,memory,cue_raw_total_quadrant_mass,128,0.5847185800413399,0.5675936268691174,0.6015550567446638,held-out trials,percentile bootstrap (10000 draws)
vda4_crossattn1_grid10x10_seed1,10x10,100,1,valid,frames5_6_mean,memory,target_raw_peak_patch,128,0.2880962182680378,0.27116668617909456,0.3054272009367196,held-out trials,percentile bootstrap (10000 draws)
vda4_crossattn1_grid10x10_seed1,10x10,100,1,valid,frames5_6_mean,memory,cue_raw_peak_patch,128,0.2880962182680378,0.27139409750252524,0.30498959188025765,held-out trials,percentile bootstrap (10000 draws)
vda4_crossattn1_grid10x10_seed1,10x10,100,1,valid,frames5_6_mean,memory,target_raw_peak_patch_uniform_ratio,128,57.619243653607555,54.3510301731294,61.0543464213697,held-out trials,percentile bootstrap (10000 draws)
vda4_crossattn1_grid10x10_seed1,10x10,100,1,valid,frames5_6_mean,memory,cue_raw_peak_patch_uniform_ratio,128,57.619243653607555,54.26052922877716,61.2155492547754,held-out trials,percentile bootstrap (10000 draws)
vda4_crossattn1_grid10x10_seed1,10x10,100,1,valid,frames5_6_mean,memory,target_conditional_total_quadrant_mass,128,0.6373250475044889,0.6216435594257657,0.653139954982571,held-out trials,percentile bootstrap (10000 draws)
vda4_crossattn1_grid10x10_seed1,10x10,100,1,valid,frames5_6_mean,memory,cue_conditional_total_quadrant_mass,128,0.6373250475044889,0.6209803059010921,0.6533564900606368,held-out trials,percentile bootstrap (10000 draws)
vda4_crossattn1_grid10x10_seed1,10x10,100,1,valid,frames5_6_mean,memory,target_conditional_peak_patch,128,0.3111745574653673,0.2937045258240247,0.32884409378270635,held-out trials,percentile bootstrap (10000 draws)
vda4_crossattn1_grid10x10_seed1,10x10,100,1,valid,frames5_6_mean,memory,cue_conditional_peak_patch,128,0.3111745574653673,0.2942556139320024,0.32902543760326447,held-out trials,percentile bootstrap (10000 draws)
vda4_crossattn1_grid10x10_seed1,10x10,100,1,valid,frames5_6_mean,memory,target_conditional_peak_patch_uniform_ratio,128,31.117455746536734,29.371779296288302,32.919072996796785,held-out trials,percentile bootstrap (10000 draws)
vda4_crossattn1_grid10x10_seed1,10x10,100,1,valid,frames5_6_mean,memory,cue_conditional_peak_patch_uniform_ratio,128,31.117455746536734,29.421528596459925,32.91268217157949,held-out trials,percentile bootstrap (10000 draws)
vda4_crossattn1_grid10x10_seed1,10x10,100,1,valid,frames5_6_mean,memory,target_peak_patch_quadrant_share,128,0.7533522956390881,0.7301585880905771,0.7760673075677894,held-out trials,percentile bootstrap (10000 draws)
vda4_crossattn1_grid10x10_seed1,10x10,100,1,valid,frames5_6_mean,memory,cue_peak_patch_quadrant_share,128,0.7533522956390881,0.7307764546431995,0.7761762003349303,held-out trials,percentile bootstrap (10000 draws)
vda4_crossattn1_grid10x10_seed1,10x10,100,1,valid,frames5_6_mean,memory,target_within_quadrant_peak_ratio,128,11.285464020851222,10.807791518788308,11.772924689471845,held-out trials,percentile bootstrap (10000 draws)
vda4_crossattn1_grid10x10_seed1,10x10,100,1,valid,frames5_6_mean,memory,cue_within_quadrant_peak_ratio,128,11.285464020851222,10.802487285917218,11.785170228792104,held-out trials,percentile bootstrap (10000 draws)
vda4_crossattn1_grid10x10_seed1,10x10,100,1,valid,frames5_6_mean,memory,target_minus_cue_raw_total_mass,128,0.0,0.0,0.0,held-out trials,percentile bootstrap (10000 draws)
vda4_crossattn1_grid10x10_seed1,10x10,100,1,valid,frames5_6_mean,memory,target_minus_other_raw_total_mass,128,0.4761736298344962,0.4553177043137652,0.4971887933355475,held-out trials,percentile bootstrap (10000 draws)
vda4_crossattn1_grid10x10_seed1,10x10,100,1,valid,frames5_6_mean,memory,target_minus_cue_raw_peak,128,0.0,0.0,0.0,held-out trials,percentile bootstrap (10000 draws)
vda4_crossattn1_grid10x10_seed1,10x10,100,1,valid,frames5_6_mean,memory,target_minus_other_raw_peak,128,0.2683633036910275,0.2512609629510734,0.28639246992463546,held-out trials,percentile bootstrap (10000 draws)
vda4_crossattn1_grid10x10_seed1,10x10,100,1,valid,frames5_6_mean,memory,target_minus_cue_peak_share,128,0.0,0.0,0.0,held-out trials,percentile bootstrap (10000 draws)
vda4_crossattn1_grid10x10_seed1,10x10,100,1,valid,frames5_6_mean,memory,target_minus_other_peak_share,128,0.6711363941854509,0.640752241166946,0.7016047924149189,held-out trials,percentile bootstrap (10000 draws)
vda4_crossattn1_grid10x10_seed1,10x10,100,1,valid,frames5_6_mean,memory,target_argmax_raw_total,128,1.0,1.0,1.0,held-out trials,percentile bootstrap (10000 draws)
vda4_crossattn1_grid10x10_seed1,10x10,100,1,valid,frames5_6_mean,memory,target_argmax_raw_peak,128,1.0,1.0,1.0,held-out trials,percentile bootstrap (10000 draws)
vda4_crossattn1_grid10x10_seed1,10x10,100,1,valid,frames5_6_mean,visual,source_total_share,128,0.08964656933836146,0.08534225711642798,0.09408586396166477,held-out trials,percentile bootstrap (10000 draws)
vda4_crossattn1_grid10x10_seed1,10x10,100,1,valid,frames5_6_mean,visual,target_raw_total_quadrant_mass,128,0.04295090020278347,0.040103512649999076,0.04587049198349523,held-out trials,percentile bootstrap (10000 draws)
vda4_crossattn1_grid10x10_seed1,10x10,100,1,valid,frames5_6_mean,visual,cue_raw_total_quadrant_mass,128,0.04295090020278347,0.040074517907896776,0.04598254243417445,held-out trials,percentile bootstrap (10000 draws)
vda4_crossattn1_grid10x10_seed1,10x10,100,1,valid,frames5_6_mean,visual,target_raw_peak_patch,128,0.01802915644202585,0.016001674590370385,0.020230881005818446,held-out trials,percentile bootstrap (10000 draws)
vda4_crossattn1_grid10x10_seed1,10x10,100,1,valid,frames5_6_mean,visual,cue_raw_peak_patch,128,0.01802915644202585,0.015940048922198004,0.02022406656842577,held-out trials,percentile bootstrap (10000 draws)
vda4_crossattn1_grid10x10_seed1,10x10,100,1,valid,frames5_6_mean,visual,target_raw_peak_patch_uniform_ratio,128,3.60583128840517,3.193257832008385,4.046784021566054,held-out trials,percentile bootstrap (10000 draws)
vda4_crossattn1_grid10x10_seed1,10x10,100,1,valid,frames5_6_mean,visual,cue_raw_peak_patch_uniform_ratio,128,3.60583128840517,3.191703959159895,4.053120355192732,held-out trials,percentile bootstrap (10000 draws)
vda4_crossattn1_grid10x10_seed1,10x10,100,1,valid,frames5_6_mean,visual,target_conditional_total_quadrant_mass,128,0.46863414638003853,0.45383279660592524,0.48392840094239264,held-out trials,percentile bootstrap (10000 draws)
vda4_crossattn1_grid10x10_seed1,10x10,100,1,valid,frames5_6_mean,visual,cue_conditional_total_quadrant_mass,128,0.46863414638003853,0.4538473090543829,0.48370368138734754,held-out trials,percentile bootstrap (10000 draws)
vda4_crossattn1_grid10x10_seed1,10x10,100,1,valid,frames5_6_mean,visual,target_conditional_peak_patch,128,0.18522165168549787,0.1702719601926839,0.20105597258710417,held-out trials,percentile bootstrap (10000 draws)
vda4_crossattn1_grid10x10_seed1,10x10,100,1,valid,frames5_6_mean,visual,cue_conditional_peak_patch,128,0.18522165168549787,0.17038649736481762,0.20096106621034027,held-out trials,percentile bootstrap (10000 draws)
vda4_crossattn1_grid10x10_seed1,10x10,100,1,valid,frames5_6_mean,visual,target_conditional_peak_patch_uniform_ratio,128,18.522165168549787,17.056042580845883,20.056401325077328,held-out trials,percentile bootstrap (10000 draws)
vda4_crossattn1_grid10x10_seed1,10x10,100,1,valid,frames5_6_mean,visual,cue_conditional_peak_patch_uniform_ratio,128,18.522165168549787,17.061178971916977,20.074558618521436,held-out trials,percentile bootstrap (10000 draws)
vda4_crossattn1_grid10x10_seed1,10x10,100,1,valid,frames5_6_mean,visual,target_peak_patch_quadrant_share,128,0.4616003480860079,0.4362981633722159,0.4869238755979481,held-out trials,percentile bootstrap (10000 draws)
vda4_crossattn1_grid10x10_seed1,10x10,100,1,valid,frames5_6_mean,visual,cue_peak_patch_quadrant_share,128,0.4616003480860079,0.4365993946771611,0.4867417412023993,held-out trials,percentile bootstrap (10000 draws)
vda4_crossattn1_grid10x10_seed1,10x10,100,1,valid,frames5_6_mean,visual,target_within_quadrant_peak_ratio,128,9.452894752977187,8.893413466527019,10.03288490546584,held-out trials,percentile bootstrap (10000 draws)
vda4_crossattn1_grid10x10_seed1,10x10,100,1,valid,frames5_6_mean,visual,cue_within_quadrant_peak_ratio,128,9.452894752977187,8.901098692125759,10.023937632673132,held-out trials,percentile bootstrap (10000 draws)
vda4_crossattn1_grid10x10_seed1,10x10,100,1,valid,frames5_6_mean,visual,target_minus_cue_raw_total_mass,128,0.0,0.0,0.0,held-out trials,percentile bootstrap (10000 draws)
vda4_crossattn1_grid10x10_seed1,10x10,100,1,valid,frames5_6_mean,visual,target_minus_other_raw_total_mass,128,0.02738567715759081,0.024780851671763065,0.029990178682034904,held-out trials,percentile bootstrap (10000 draws)
vda4_crossattn1_grid10x10_seed1,10x10,100,1,valid,frames5_6_mean,visual,target_minus_cue_raw_peak,128,0.0,0.0,0.0,held-out trials,percentile bootstrap (10000 draws)
vda4_crossattn1_grid10x10_seed1,10x10,100,1,valid,frames5_6_mean,visual,target_minus_other_raw_peak,128,0.012167310677796195,0.010218646052565342,0.014297166943913453,held-out trials,percentile bootstrap (10000 draws)
vda4_crossattn1_grid10x10_seed1,10x10,100,1,valid,frames5_6_mean,visual,target_minus_cue_peak_share,128,0.0,0.0,0.0,held-out trials,percentile bootstrap (10000 draws)
vda4_crossattn1_grid10x10_seed1,10x10,100,1,valid,frames5_6_mean,visual,target_minus_other_peak_share,128,0.2821337974480105,0.24811756339156393,0.3159880792228313,held-out trials,percentile bootstrap (10000 draws)
vda4_crossattn1_grid10x10_seed1,10x10,100,1,valid,frames5_6_mean,visual,target_argmax_raw_total,128,0.9765625,0.9453125,1.0,held-out trials,percentile bootstrap (10000 draws)
vda4_crossattn1_grid10x10_seed1,10x10,100,1,valid,frames5_6_mean,visual,target_argmax_raw_peak,128,0.8671875,0.8046875,0.921875,held-out trials,percentile bootstrap (10000 draws)
vda4_crossattn1_grid2x2_seed0,2x2,4,0,invalid,frame5,memory,source_total_share,128,0.893415395374177,0.8883842378374538,0.8983598880440695,held-out trials,percentile bootstrap (10000 draws)
vda4_crossattn1_grid2x2_seed0,2x2,4,0,invalid,frame5,memory,target_raw_total_quadrant_mass,128,0.14600775655708276,0.1368417486024555,0.1555549302684085,held-out trials,percentile bootstrap (10000 draws)
vda4_crossattn1_grid2x2_seed0,2x2,4,0,invalid,frame5,memory,cue_raw_total_quadrant_mass,128,0.4542295873397961,0.4342231833259575,0.47422696294088384,held-out trials,percentile bootstrap (10000 draws)
vda4_crossattn1_grid2x2_seed0,2x2,4,0,invalid,frame5,memory,target_raw_peak_patch,128,0.14600775655708276,0.13699241272042856,0.1553101833516848,held-out trials,percentile bootstrap (10000 draws)
vda4_crossattn1_grid2x2_seed0,2x2,4,0,invalid,frame5,memory,cue_raw_peak_patch,128,0.4542295873397961,0.4341013524099253,0.4747633229329949,held-out trials,percentile bootstrap (10000 draws)
vda4_crossattn1_grid2x2_seed0,2x2,4,0,invalid,frame5,memory,target_raw_peak_patch_uniform_ratio,128,1.168062052456662,1.0962048139597755,1.2422853241499978,held-out trials,percentile bootstrap (10000 draws)
vda4_crossattn1_grid2x2_seed0,2x2,4,0,invalid,frame5,memory,cue_raw_peak_patch_uniform_ratio,128,3.633836698718369,3.470742977014743,3.796231751143932,held-out trials,percentile bootstrap (10000 draws)
vda4_crossattn1_grid2x2_seed0,2x2,4,0,invalid,frame5,memory,target_conditional_total_quadrant_mass,128,0.16387825536407194,0.15373068383414476,0.17428320101817227,held-out trials,percentile bootstrap (10000 draws)
vda4_crossattn1_grid2x2_seed0,2x2,4,0,invalid,frame5,memory,cue_conditional_total_quadrant_mass,128,0.506592731067598,0.4854012402509141,0.527105187479566,held-out trials,percentile bootstrap (10000 draws)
vda4_crossattn1_grid2x2_seed0,2x2,4,0,invalid,frame5,memory,target_conditional_peak_patch,128,0.16387825536407194,0.15358826017650185,0.17456218311527635,held-out trials,percentile bootstrap (10000 draws)
vda4_crossattn1_grid2x2_seed0,2x2,4,0,invalid,frame5,memory,cue_conditional_peak_patch,128,0.506592731067598,0.48604125645839213,0.527284193313034,held-out trials,percentile bootstrap (10000 draws)
vda4_crossattn1_grid2x2_seed0,2x2,4,0,invalid,frame5,memory,target_conditional_peak_patch_uniform_ratio,128,0.6555130214562878,0.6153033030484519,0.6978554432569098,held-out trials,percentile bootstrap (10000 draws)
vda4_crossattn1_grid2x2_seed0,2x2,4,0,invalid,frame5,memory,cue_conditional_peak_patch_uniform_ratio,128,2.026370924270392,1.9412333816556402,2.111652035047482,held-out trials,percentile bootstrap (10000 draws)
vda4_crossattn1_grid2x2_seed0,2x2,4,0,invalid,frame5,memory,target_peak_patch_quadrant_share,128,0.16387825536407194,0.15360223781878032,0.1744511106764132,held-out trials,percentile bootstrap (10000 draws)
vda4_crossattn1_grid2x2_seed0,2x2,4,0,invalid,frame5,memory,cue_peak_patch_quadrant_share,128,0.506592731067598,0.4858991484441757,0.5274932227311413,held-out trials,percentile bootstrap (10000 draws)
vda4_crossattn1_grid2x2_seed0,2x2,4,0,invalid,frame5,memory,target_within_quadrant_peak_ratio,128,1.0,1.0,1.0,held-out trials,percentile bootstrap (10000 draws)
vda4_crossattn1_grid2x2_seed0,2x2,4,0,invalid,frame5,memory,cue_within_quadrant_peak_ratio,128,1.0,1.0,1.0,held-out trials,percentile bootstrap (10000 draws)
vda4_crossattn1_grid2x2_seed0,2x2,4,0,invalid,frame5,memory,target_minus_cue_raw_total_mass,128,-0.30822183078271337,-0.33503073646788833,-0.28110803035378923,held-out trials,percentile bootstrap (10000 draws)
vda4_crossattn1_grid2x2_seed0,2x2,4,0,invalid,frame5,memory,target_minus_other_raw_total_mass,128,-0.10312812304861534,-0.11537754186065285,-0.09051613238213274,held-out trials,percentile bootstrap (10000 draws)
vda4_crossattn1_grid2x2_seed0,2x2,4,0,invalid,frame5,memory,target_minus_cue_raw_peak,128,-0.30822183078271337,-0.33536406578568856,-0.28153434958076107,held-out trials,percentile bootstrap (10000 draws)
vda4_crossattn1_grid2x2_seed0,2x2,4,0,invalid,frame5,memory,target_minus_other_raw_peak,128,-0.10312812304861534,-0.11573203113972946,-0.09041963793351897,held-out trials,percentile bootstrap (10000 draws)
vda4_crossattn1_grid2x2_seed0,2x2,4,0,invalid,frame5,memory,target_minus_cue_peak_share,128,-0.34271447570352603,-0.371005101507122,-0.31393684081028356,held-out trials,percentile bootstrap (10000 draws)
vda4_crossattn1_grid2x2_seed0,2x2,4,0,invalid,frame5,memory,target_minus_other_peak_share,128,-0.11482899284790404,-0.12837653357321555,-0.10055263349156174,held-out trials,percentile bootstrap (10000 draws)
vda4_crossattn1_grid2x2_seed0,2x2,4,0,invalid,frame5,memory,target_argmax_raw_total,128,0.015625,0.0,0.0390625,held-out trials,percentile bootstrap (10000 draws)
vda4_crossattn1_grid2x2_seed0,2x2,4,0,invalid,frame5,memory,target_argmax_raw_peak,128,0.015625,0.0,0.0390625,held-out trials,percentile bootstrap (10000 draws)
vda4_crossattn1_grid2x2_seed0,2x2,4,0,invalid,frame5,visual,source_total_share,128,0.10658460007834947,0.10165899816202,0.11164102620223275,held-out trials,percentile bootstrap (10000 draws)
vda4_crossattn1_grid2x2_seed0,2x2,4,0,invalid,frame5,visual,target_raw_total_quadrant_mass,128,0.02425874325854238,0.022171730542868317,0.026433967159391614,held-out trials,percentile bootstrap (10000 draws)
vda4_crossattn1_grid2x2_seed0,2x2,4,0,invalid,frame5,visual,cue_raw_total_quadrant_mass,128,0.025059507228434086,0.023463028745936754,0.026733670322573743,held-out trials,percentile bootstrap (10000 draws)
vda4_crossattn1_grid2x2_seed0,2x2,4,0,invalid,frame5,visual,target_raw_peak_patch,128,0.02425874325854238,0.02213898449754197,0.026418789340095828,held-out trials,percentile bootstrap (10000 draws)
vda4_crossattn1_grid2x2_seed0,2x2,4,0,invalid,frame5,visual,cue_raw_peak_patch,128,0.025059507228434086,0.023459730384456635,0.02671716592085431,held-out trials,percentile bootstrap (10000 draws)
vda4_crossattn1_grid2x2_seed0,2x2,4,0,invalid,frame5,visual,target_raw_peak_patch_uniform_ratio,128,0.19406994606833905,0.1771245767173241,0.21198069845850112,held-out trials,percentile bootstrap (10000 draws)
vda4_crossattn1_grid2x2_seed0,2x2,4,0,invalid,frame5,visual,cue_raw_peak_patch_uniform_ratio,128,0.2004760578274727,0.18752225974021713,0.21392781025206203,held-out trials,percentile bootstrap (10000 draws)
vda4_crossattn1_grid2x2_seed0,2x2,4,0,invalid,frame5,visual,target_conditional_total_quadrant_mass,128,0.22426821865085872,0.20959688766961737,0.23957070183851703,held-out trials,percentile bootstrap (10000 draws)
vda4_crossattn1_grid2x2_seed0,2x2,4,0,invalid,frame5,visual,cue_conditional_total_quadrant_mass,128,0.2423326658354259,0.22784376265922807,0.2570719862889454,held-out trials,percentile bootstrap (10000 draws)
vda4_crossattn1_grid2x2_seed0,2x2,4,0,invalid,frame5,visual,target_conditional_peak_patch,128,0.22426821865085872,0.20903695551199064,0.23947618299757717,held-out trials,percentile bootstrap (10000 draws)
vda4_crossattn1_grid2x2_seed0,2x2,4,0,invalid,frame5,visual,cue_conditional_peak_patch,128,0.2423326658354259,0.22772525390254977,0.2569702987598162,held-out trials,percentile bootstrap (10000 draws)
vda4_crossattn1_grid2x2_seed0,2x2,4,0,invalid,frame5,visual,target_conditional_peak_patch_uniform_ratio,128,0.8970728746034349,0.8357538360842167,0.9595505191252585,held-out trials,percentile bootstrap (10000 draws)
vda4_crossattn1_grid2x2_seed0,2x2,4,0,invalid,frame5,visual,cue_conditional_peak_patch_uniform_ratio,128,0.9693306633417036,0.911567553836722,1.0259056949715157,held-out trials,percentile bootstrap (10000 draws)
vda4_crossattn1_grid2x2_seed0,2x2,4,0,invalid,frame5,visual,target_peak_patch_quadrant_share,128,0.22426821865085872,0.20970897773978225,0.2396703927561334,held-out trials,percentile bootstrap (10000 draws)
vda4_crossattn1_grid2x2_seed0,2x2,4,0,invalid,frame5,visual,cue_peak_patch_quadrant_share,128,0.2423326658354259,0.22786719635626201,0.25686565379924853,held-out trials,percentile bootstrap (10000 draws)
vda4_crossattn1_grid2x2_seed0,2x2,4,0,invalid,frame5,visual,target_within_quadrant_peak_ratio,128,1.0,1.0,1.0,held-out trials,percentile bootstrap (10000 draws)
vda4_crossattn1_grid2x2_seed0,2x2,4,0,invalid,frame5,visual,cue_within_quadrant_peak_ratio,128,1.0,1.0,1.0,held-out trials,percentile bootstrap (10000 draws)
vda4_crossattn1_grid2x2_seed0,2x2,4,0,invalid,frame5,visual,target_minus_cue_raw_total_mass,128,-0.0008007639698917046,-0.003324581824381312,0.0018924001498817232,held-out trials,percentile bootstrap (10000 draws)
vda4_crossattn1_grid2x2_seed0,2x2,4,0,invalid,frame5,visual,target_minus_other_raw_total_mass,128,-0.003183209014726647,-0.005408738506472824,-0.0009626438179111576,held-out trials,percentile bootstrap (10000 draws)
vda4_crossattn1_grid2x2_seed0,2x2,4,0,invalid,frame5,visual,target_minus_cue_raw_peak,128,-0.0008007639698917046,-0.003319182766972517,0.0018292971111804922,held-out trials,percentile bootstrap (10000 draws)
vda4_crossattn1_grid2x2_seed0,2x2,4,0,invalid,frame5,visual,target_minus_other_raw_peak,128,-0.003183209014726647,-0.005371050834825534,-0.0009063533636435774,held-out trials,percentile bootstrap (10000 draws)
vda4_crossattn1_grid2x2_seed0,2x2,4,0,invalid,frame5,visual,target_minus_cue_peak_share,128,-0.018064447184567164,-0.04146559892347,0.005437611059583459,held-out trials,percentile bootstrap (10000 draws)
vda4_crossattn1_grid2x2_seed0,2x2,4,0,invalid,frame5,visual,target_minus_other_peak_share,128,-0.03430904179885502,-0.0538911363792662,-0.013428197125020712,held-out trials,percentile bootstrap (10000 draws)
vda4_crossattn1_grid2x2_seed0,2x2,4,0,invalid,frame5,visual,target_argmax_raw_total,128,0.1796875,0.1171875,0.25,held-out trials,percentile bootstrap (10000 draws)
vda4_crossattn1_grid2x2_seed0,2x2,4,0,invalid,frame5,visual,target_argmax_raw_peak,128,0.1796875,0.1171875,0.25,held-out trials,percentile bootstrap (10000 draws)
vda4_crossattn1_grid2x2_seed0,2x2,4,0,invalid,frame6,memory,source_total_share,128,0.9695373005326928,0.9615501428796562,0.97660474199389,held-out trials,percentile bootstrap (10000 draws)
vda4_crossattn1_grid2x2_seed0,2x2,4,0,invalid,frame6,memory,target_raw_total_quadrant_mass,128,0.8357200049213134,0.7987154859511065,0.8692550299121649,held-out trials,percentile bootstrap (10000 draws)
vda4_crossattn1_grid2x2_seed0,2x2,4,0,invalid,frame6,memory,cue_raw_total_quadrant_mass,128,0.08463016486803099,0.06607259961861019,0.10616099096573632,held-out trials,percentile bootstrap (10000 draws)
vda4_crossattn1_grid2x2_seed0,2x2,4,0,invalid,frame6,memory,target_raw_peak_patch,128,0.8357200049213134,0.798681021190714,0.8691347338477499,held-out trials,percentile bootstrap (10000 draws)
vda4_crossattn1_grid2x2_seed0,2x2,4,0,invalid,frame6,memory,cue_raw_peak_patch,128,0.08463016486803099,0.06599628244773612,0.10623033569322614,held-out trials,percentile bootstrap (10000 draws)
vda4_crossattn1_grid2x2_seed0,2x2,4,0,invalid,frame6,memory,target_raw_peak_patch_uniform_ratio,128,6.685760039370507,6.394102013634983,6.954610260319896,held-out trials,percentile bootstrap (10000 draws)
vda4_crossattn1_grid2x2_seed0,2x2,4,0,invalid,frame6,memory,cue_raw_peak_patch_uniform_ratio,128,0.6770413189442479,0.5303998510718884,0.8454053632673094,held-out trials,percentile bootstrap (10000 draws)
vda4_crossattn1_grid2x2_seed0,2x2,4,0,invalid,frame6,memory,target_conditional_total_quadrant_mass,128,0.8547124065595963,0.8203807420059476,0.885995057619761,held-out trials,percentile bootstrap (10000 draws)
vda4_crossattn1_grid2x2_seed0,2x2,4,0,invalid,frame6,memory,cue_conditional_total_quadrant_mass,128,0.09076266886073941,0.0702390937154369,0.11402963547615139,held-out trials,percentile bootstrap (10000 draws)
vda4_crossattn1_grid2x2_seed0,2x2,4,0,invalid,frame6,memory,target_conditional_peak_patch,128,0.8547124065595963,0.820312058632424,0.8866321936916629,held-out trials,percentile bootstrap (10000 draws)
vda4_crossattn1_grid2x2_seed0,2x2,4,0,invalid,frame6,memory,cue_conditional_peak_patch,128,0.09076266886073941,0.07060835574716536,0.11406419608238391,held-out trials,percentile bootstrap (10000 draws)
vda4_crossattn1_grid2x2_seed0,2x2,4,0,invalid,frame6,memory,target_conditional_peak_patch_uniform_ratio,128,3.4188496262383854,3.276618904102707,3.544287621755229,held-out trials,percentile bootstrap (10000 draws)
vda4_crossattn1_grid2x2_seed0,2x2,4,0,invalid,frame6,memory,cue_conditional_peak_patch_uniform_ratio,128,0.36305067544295766,0.28058251597696854,0.45362137579435263,held-out trials,percentile bootstrap (10000 draws)
vda4_crossattn1_grid2x2_seed0,2x2,4,0,invalid,frame6,memory,target_peak_patch_quadrant_share,128,0.8547124065595963,0.8190107746289138,0.8860146821440281,held-out trials,percentile bootstrap (10000 draws)
vda4_crossattn1_grid2x2_seed0,2x2,4,0,invalid,frame6,memory,cue_peak_patch_quadrant_share,128,0.09076266886073941,0.07056174322872868,0.11341843826558845,held-out trials,percentile bootstrap (10000 draws)
vda4_crossattn1_grid2x2_seed0,2x2,4,0,invalid,frame6,memory,target_within_quadrant_peak_ratio,128,1.0,1.0,1.0,held-out trials,percentile bootstrap (10000 draws)
vda4_crossattn1_grid2x2_seed0,2x2,4,0,invalid,frame6,memory,cue_within_quadrant_peak_ratio,128,1.0,1.0,1.0,held-out trials,percentile bootstrap (10000 draws)
vda4_crossattn1_grid2x2_seed0,2x2,4,0,invalid,frame6,memory,target_minus_cue_raw_total_mass,128,0.7510898400532824,0.6948243850323934,0.8013309323926023,held-out trials,percentile bootstrap (10000 draws)
vda4_crossattn1_grid2x2_seed0,2x2,4,0,invalid,frame6,memory,target_minus_other_raw_total_mass,128,0.7911142397175203,0.7451277173560736,0.832644935878712,held-out trials,percentile bootstrap (10000 draws)
vda4_crossattn1_grid2x2_seed0,2x2,4,0,invalid,frame6,memory,target_minus_cue_raw_peak,128,0.7510898400532824,0.6946131435590359,0.8037565038887351,held-out trials,percentile bootstrap (10000 draws)
vda4_crossattn1_grid2x2_seed0,2x2,4,0,invalid,frame6,memory,target_minus_other_raw_peak,128,0.7911142397175203,0.7434920104746122,0.8329732030880242,held-out trials,percentile bootstrap (10000 draws)
vda4_crossattn1_grid2x2_seed0,2x2,4,0,invalid,frame6,memory,target_minus_cue_peak_share,128,0.7639497376988569,0.7083067020823219,0.814909281368183,held-out trials,percentile bootstrap (10000 draws)
vda4_crossattn1_grid2x2_seed0,2x2,4,0,invalid,frame6,memory,target_minus_other_peak_share,128,0.8062832087461282,0.7596472226917212,0.8490791638601293,held-out trials,percentile bootstrap (10000 draws)
vda4_crossattn1_grid2x2_seed0,2x2,4,0,invalid,frame6,memory,target_argmax_raw_total,128,0.9453125,0.90625,0.9765625,held-out trials,percentile bootstrap (10000 draws)
vda4_crossattn1_grid2x2_seed0,2x2,4,0,invalid,frame6,memory,target_argmax_raw_peak,128,0.9453125,0.90625,0.984375,held-out trials,percentile bootstrap (10000 draws)
vda4_crossattn1_grid2x2_seed0,2x2,4,0,invalid,frame6,visual,source_total_share,128,0.030462697039808972,0.023501659564506384,0.03853673035972065,held-out trials,percentile bootstrap (10000 draws)
vda4_crossattn1_grid2x2_seed0,2x2,4,0,invalid,frame6,visual,target_raw_total_quadrant_mass,128,0.008118289446429117,0.005763294942101993,0.010888656382110184,held-out trials,percentile bootstrap (10000 draws)
vda4_crossattn1_grid2x2_seed0,2x2,4,0,invalid,frame6,visual,cue_raw_total_quadrant_mass,128,0.0070747172881624465,0.005325874504011096,0.009088707954198583,held-out trials,percentile bootstrap (10000 draws)
vda4_crossattn1_grid2x2_seed0,2x2,4,0,invalid,frame6,visual,target_raw_peak_patch,128,0.008118289446429117,0.0057574050456537405,0.010867446550594195,held-out trials,percentile bootstrap (10000 draws)
vda4_crossattn1_grid2x2_seed0,2x2,4,0,invalid,frame6,visual,cue_raw_peak_patch,128,0.0070747172881624465,0.005311898934924386,0.009080328219343414,held-out trials,percentile bootstrap (10000 draws)
vda4_crossattn1_grid2x2_seed0,2x2,4,0,invalid,frame6,visual,target_raw_peak_patch_uniform_ratio,128,0.06494631557143293,0.04615766754855031,0.08753794361873588,held-out trials,percentile bootstrap (10000 draws)
vda4_crossattn1_grid2x2_seed0,2x2,4,0,invalid,frame6,visual,cue_raw_peak_patch_uniform_ratio,128,0.05659773830529957,0.042531003778572087,0.0733028768967415,held-out trials,percentile bootstrap (10000 draws)
vda4_crossattn1_grid2x2_seed0,2x2,4,0,invalid,frame6,visual,target_conditional_total_quadrant_mass,128,0.23186152984442443,0.21133919273645735,0.2532206051529367,held-out trials,percentile bootstrap (10000 draws)
vda4_crossattn1_grid2x2_seed0,2x2,4,0,invalid,frame6,visual,cue_conditional_total_quadrant_mass,128,0.243227939291632,0.22319500888207275,0.2645749333048759,held-out trials,percentile bootstrap (10000 draws)
vda4_crossattn1_grid2x2_seed0,2x2,4,0,invalid,frame6,visual,target_conditional_peak_patch,128,0.23186152984442443,0.2112335602554055,0.2528896249287224,held-out trials,percentile bootstrap (10000 draws)
vda4_crossattn1_grid2x2_seed0,2x2,4,0,invalid,frame6,visual,cue_conditional_peak_patch,128,0.243227939291632,0.22309704400533778,0.2641783999860136,held-out trials,percentile bootstrap (10000 draws)
vda4_crossattn1_grid2x2_seed0,2x2,4,0,invalid,frame6,visual,target_conditional_peak_patch_uniform_ratio,128,0.9274461193776977,0.8462599726220047,1.0119775409900749,held-out trials,percentile bootstrap (10000 draws)
vda4_crossattn1_grid2x2_seed0,2x2,4,0,invalid,frame6,visual,cue_conditional_peak_patch_uniform_ratio,128,0.972911757166528,0.8924879052138581,1.0571891757333738,held-out trials,percentile bootstrap (10000 draws)
vda4_crossattn1_grid2x2_seed0,2x2,4,0,invalid,frame6,visual,target_peak_patch_quadrant_share,128,0.23186152984442443,0.2111410794304838,0.2537100922562046,held-out trials,percentile bootstrap (10000 draws)
vda4_crossattn1_grid2x2_seed0,2x2,4,0,invalid,frame6,visual,cue_peak_patch_quadrant_share,128,0.243227939291632,0.22288980287848068,0.2646880647948443,held-out trials,percentile bootstrap (10000 draws)
vda4_crossattn1_grid2x2_seed0,2x2,4,0,invalid,frame6,visual,target_within_quadrant_peak_ratio,128,1.0,1.0,1.0,held-out trials,percentile bootstrap (10000 draws)
vda4_crossattn1_grid2x2_seed0,2x2,4,0,invalid,frame6,visual,cue_within_quadrant_peak_ratio,128,1.0,1.0,1.0,held-out trials,percentile bootstrap (10000 draws)
vda4_crossattn1_grid2x2_seed0,2x2,4,0,invalid,frame6,visual,target_minus_cue_raw_total_mass,128,0.0010435721582666702,-0.0008196302035017311,0.003145676535135065,held-out trials,percentile bootstrap (10000 draws)
vda4_crossattn1_grid2x2_seed0,2x2,4,0,invalid,frame6,visual,target_minus_other_raw_total_mass,128,0.0006701535819691644,-0.0009811832951811534,0.002480346113104303,held-out trials,percentile bootstrap (10000 draws)
vda4_crossattn1_grid2x2_seed0,2x2,4,0,invalid,frame6,visual,target_minus_cue_raw_peak,128,0.0010435721582666702,-0.0008044215415651479,0.0031436544517333687,held-out trials,percentile bootstrap (10000 draws)
vda4_crossattn1_grid2x2_seed0,2x2,4,0,invalid,frame6,visual,target_minus_other_raw_peak,128,0.0006701535819691644,-0.0009988811787110309,0.0025537195908905607,held-out trials,percentile bootstrap (10000 draws)
vda4_crossattn1_grid2x2_seed0,2x2,4,0,invalid,frame6,visual,target_minus_cue_peak_share,128,-0.011366409447207588,-0.04517388893797399,0.02226794541539949,held-out trials,percentile bootstrap (10000 draws)
vda4_crossattn1_grid2x2_seed0,2x2,4,0,invalid,frame6,visual,target_minus_other_peak_share,128,-0.02418462687410076,-0.052369126229958575,0.004301001008145546,held-out trials,percentile bootstrap (10000 draws)
vda4_crossattn1_grid2x2_seed0,2x2,4,0,invalid,frame6,visual,target_argmax_raw_total,128,0.2265625,0.15625,0.296875,held-out trials,percentile bootstrap (10000 draws)
vda4_crossattn1_grid2x2_seed0,2x2,4,0,invalid,frame6,visual,target_argmax_raw_peak,128,0.2265625,0.15625,0.296875,held-out trials,percentile bootstrap (10000 draws)
vda4_crossattn1_grid2x2_seed0,2x2,4,0,invalid,frames5_6_mean,memory,source_total_share,128,0.9314763479534349,0.9266945335349362,0.9360384048512088,held-out trials,percentile bootstrap (10000 draws)
vda4_crossattn1_grid2x2_seed0,2x2,4,0,invalid,frames5_6_mean,memory,target_raw_total_quadrant_mass,128,0.49086388073919807,0.4707147291122965,0.5096087106863706,held-out trials,percentile bootstrap (10000 draws)
vda4_crossattn1_grid2x2_seed0,2x2,4,0,invalid,frames5_6_mean,memory,cue_raw_total_quadrant_mass,128,0.26942987610391356,0.2535101422851085,0.2858846664123689,held-out trials,percentile bootstrap (10000 draws)
vda4_crossattn1_grid2x2_seed0,2x2,4,0,invalid,frames5_6_mean,memory,target_raw_peak_patch,128,0.49086388073919807,0.47061752076115226,0.5092589101805061,held-out trials,percentile bootstrap (10000 draws)
vda4_crossattn1_grid2x2_seed0,2x2,4,0,invalid,frames5_6_mean,memory,cue_raw_peak_patch,128,0.26942987610391356,0.2532951267572912,0.28584342769621573,held-out trials,percentile bootstrap (10000 draws)
vda4_crossattn1_grid2x2_seed0,2x2,4,0,invalid,frames5_6_mean,memory,target_raw_peak_patch_uniform_ratio,128,3.9269110459135845,3.7684420913952636,4.073906895049731,held-out trials,percentile bootstrap (10000 draws)
vda4_crossattn1_grid2x2_seed0,2x2,4,0,invalid,frames5_6_mean,memory,cue_raw_peak_patch_uniform_ratio,128,2.1554390088313085,2.026406193702769,2.28749169893581,held-out trials,percentile bootstrap (10000 draws)
vda4_crossattn1_grid2x2_seed0,2x2,4,0,invalid,frames5_6_mean,memory,target_conditional_total_quadrant_mass,128,0.5092953309618341,0.4899456086554169,0.5270863112196541,held-out trials,percentile bootstrap (10000 draws)
vda4_crossattn1_grid2x2_seed0,2x2,4,0,invalid,frames5_6_mean,memory,cue_conditional_total_quadrant_mass,128,0.2986776999641687,0.281598281910753,0.3162287938993726,held-out trials,percentile bootstrap (10000 draws)
vda4_crossattn1_grid2x2_seed0,2x2,4,0,invalid,frames5_6_mean,memory,target_conditional_peak_patch,128,0.5092953309618341,0.49008058485458483,0.5273651021719015,held-out trials,percentile bootstrap (10000 draws)
vda4_crossattn1_grid2x2_seed0,2x2,4,0,invalid,frames5_6_mean,memory,cue_conditional_peak_patch,128,0.2986776999641687,0.2818908791630784,0.3164406193724179,held-out trials,percentile bootstrap (10000 draws)
vda4_crossattn1_grid2x2_seed0,2x2,4,0,invalid,frames5_6_mean,memory,target_conditional_peak_patch_uniform_ratio,128,2.0371813238473364,1.9619033776533268,2.108241548183128,held-out trials,percentile bootstrap (10000 draws)
vda4_crossattn1_grid2x2_seed0,2x2,4,0,invalid,frames5_6_mean,memory,cue_conditional_peak_patch_uniform_ratio,128,1.1947107998566748,1.128435831616702,1.2659086094338565,held-out trials,percentile bootstrap (10000 draws)
vda4_crossattn1_grid2x2_seed0,2x2,4,0,invalid,frames5_6_mean,memory,target_peak_patch_quadrant_share,128,0.5092953309618341,0.4897815320470988,0.5268546988688022,held-out trials,percentile bootstrap (10000 draws)
vda4_crossattn1_grid2x2_seed0,2x2,4,0,invalid,frames5_6_mean,memory,cue_peak_patch_quadrant_share,128,0.2986776999641687,0.28237731352997364,0.3164382709553542,held-out trials,percentile bootstrap (10000 draws)
vda4_crossattn1_grid2x2_seed0,2x2,4,0,invalid,frames5_6_mean,memory,target_within_quadrant_peak_ratio,128,1.0,1.0,1.0,held-out trials,percentile bootstrap (10000 draws)
vda4_crossattn1_grid2x2_seed0,2x2,4,0,invalid,frames5_6_mean,memory,cue_within_quadrant_peak_ratio,128,1.0,1.0,1.0,held-out trials,percentile bootstrap (10000 draws)
vda4_crossattn1_grid2x2_seed0,2x2,4,0,invalid,frames5_6_mean,memory,target_minus_cue_raw_total_mass,128,0.2214340046352845,0.18810643183634285,0.2526568212562438,held-out trials,percentile bootstrap (10000 draws)
vda4_crossattn1_grid2x2_seed0,2x2,4,0,invalid,frames5_6_mean,memory,target_minus_other_raw_total_mass,128,0.3439930583344525,0.3188010382572476,0.3674220934881163,held-out trials,percentile bootstrap (10000 draws)
vda4_crossattn1_grid2x2_seed0,2x2,4,0,invalid,frames5_6_mean,memory,target_minus_cue_raw_peak,128,0.2214340046352845,0.18793439281507746,0.25324228786087133,held-out trials,percentile bootstrap (10000 draws)
vda4_crossattn1_grid2x2_seed0,2x2,4,0,invalid,frames5_6_mean,memory,target_minus_other_raw_peak,128,0.3439930583344525,0.3184329090254418,0.36739608382312666,held-out trials,percentile bootstrap (10000 draws)
vda4_crossattn1_grid2x2_seed0,2x2,4,0,invalid,frames5_6_mean,memory,target_minus_cue_peak_share,128,0.2106176309976654,0.17645154457016488,0.2438336612367703,held-out trials,percentile bootstrap (10000 draws)
vda4_crossattn1_grid2x2_seed0,2x2,4,0,invalid,frames5_6_mean,memory,target_minus_other_peak_share,128,0.3457271079491121,0.3207177165637241,0.3695588855544822,held-out trials,percentile bootstrap (10000 draws)
vda4_crossattn1_grid2x2_seed0,2x2,4,0,invalid,frames5_6_mean,memory,target_argmax_raw_total,128,0.875,0.8125,0.9296875,held-out trials,percentile bootstrap (10000 draws)
vda4_crossattn1_grid2x2_seed0,2x2,4,0,invalid,frames5_6_mean,memory,target_argmax_raw_peak,128,0.875,0.8125,0.9296875,held-out trials,percentile bootstrap (10000 draws)
vda4_crossattn1_grid2x2_seed0,2x2,4,0,invalid,frames5_6_mean,visual,source_total_share,128,0.06852364855907922,0.06396335939599566,0.0733712895986585,held-out trials,percentile bootstrap (10000 draws)
vda4_crossattn1_grid2x2_seed0,2x2,4,0,invalid,frames5_6_mean,visual,target_raw_total_quadrant_mass,128,0.01618851635248575,0.014369421688601846,0.018223109950761793,held-out trials,percentile bootstrap (10000 draws)
vda4_crossattn1_grid2x2_seed0,2x2,4,0,invalid,frames5_6_mean,visual,cue_raw_total_quadrant_mass,128,0.016067112258298266,0.014714531484290916,0.017549387698927887,held-out trials,percentile bootstrap (10000 draws)
vda4_crossattn1_grid2x2_seed0,2x2,4,0,invalid,frames5_6_mean,visual,target_raw_peak_patch,128,0.01618851635248575,0.014346816095050485,0.018255335782654925,held-out trials,percentile bootstrap (10000 draws)
vda4_crossattn1_grid2x2_seed0,2x2,4,0,invalid,frames5_6_mean,visual,cue_raw_peak_patch,128,0.016067112258298266,0.014713804819916732,0.017531108556310213,held-out trials,percentile bootstrap (10000 draws)
vda4_crossattn1_grid2x2_seed0,2x2,4,0,invalid,frames5_6_mean,visual,target_raw_peak_patch_uniform_ratio,128,0.129508130819886,0.11532513290248972,0.14551200124465138,held-out trials,percentile bootstrap (10000 draws)
vda4_crossattn1_grid2x2_seed0,2x2,4,0,invalid,frames5_6_mean,visual,cue_raw_peak_patch_uniform_ratio,128,0.12853689806638613,0.11770654941125827,0.14056698774235768,held-out trials,percentile bootstrap (10000 draws)
vda4_crossattn1_grid2x2_seed0,2x2,4,0,invalid,frames5_6_mean,visual,target_conditional_total_quadrant_mass,128,0.2280648742476416,0.21152556101804107,0.24541084090241697,held-out trials,percentile bootstrap (10000 draws)
vda4_crossattn1_grid2x2_seed0,2x2,4,0,invalid,frames5_6_mean,visual,cue_conditional_total_quadrant_mass,128,0.24278030256352895,0.22642699198322372,0.2599133113120658,held-out trials,percentile bootstrap (10000 draws)
vda4_crossattn1_grid2x2_seed0,2x2,4,0,invalid,frames5_6_mean,visual,target_conditional_peak_patch,128,0.2280648742476416,0.21135499395967558,0.2457092082387358,held-out trials,percentile bootstrap (10000 draws)
vda4_crossattn1_grid2x2_seed0,2x2,4,0,invalid,frames5_6_mean,visual,cue_conditional_peak_patch,128,0.24278030256352895,0.22620001384238753,0.2597802788873004,held-out trials,percentile bootstrap (10000 draws)
vda4_crossattn1_grid2x2_seed0,2x2,4,0,invalid,frames5_6_mean,visual,target_conditional_peak_patch_uniform_ratio,128,0.9122594969905664,0.8451223070708399,0.981680811751126,held-out trials,percentile bootstrap (10000 draws)
vda4_crossattn1_grid2x2_seed0,2x2,4,0,invalid,frames5_6_mean,visual,cue_conditional_peak_patch_uniform_ratio,128,0.9711212102541158,0.9055145009475061,1.03803546098821,held-out trials,percentile bootstrap (10000 draws)
vda4_crossattn1_grid2x2_seed0,2x2,4,0,invalid,frames5_6_mean,visual,target_peak_patch_quadrant_share,128,0.2280648742476416,0.21138170746709592,0.24531018465028537,held-out trials,percentile bootstrap (10000 draws)
vda4_crossattn1_grid2x2_seed0,2x2,4,0,invalid,frames5_6_mean,visual,cue_peak_patch_quadrant_share,128,0.24278030256352895,0.22644040905496132,0.2595844935028012,held-out trials,percentile bootstrap (10000 draws)
vda4_crossattn1_grid2x2_seed0,2x2,4,0,invalid,frames5_6_mean,visual,target_within_quadrant_peak_ratio,128,1.0,1.0,1.0,held-out trials,percentile bootstrap (10000 draws)
vda4_crossattn1_grid2x2_seed0,2x2,4,0,invalid,frames5_6_mean,visual,cue_within_quadrant_peak_ratio,128,1.0,1.0,1.0,held-out trials,percentile bootstrap (10000 draws)
vda4_crossattn1_grid2x2_seed0,2x2,4,0,invalid,frames5_6_mean,visual,target_minus_cue_raw_total_mass,128,0.00012140409418748277,-0.0017228001997885655,0.0021004721735636165,held-out trials,percentile bootstrap (10000 draws)
vda4_crossattn1_grid2x2_seed0,2x2,4,0,invalid,frames5_6_mean,visual,target_minus_other_raw_total_mass,128,-0.001256527716378741,-0.002851581969166735,0.0004599587461359047,held-out trials,percentile bootstrap (10000 draws)
vda4_crossattn1_grid2x2_seed0,2x2,4,0,invalid,frames5_6_mean,visual,target_minus_cue_raw_peak,128,0.00012140409418748277,-0.0017695992659284344,0.0021428418372650524,held-out trials,percentile bootstrap (10000 draws)
vda4_crossattn1_grid2x2_seed0,2x2,4,0,invalid,frames5_6_mean,visual,target_minus_other_raw_peak,128,-0.001256527716378741,-0.002831475293459107,0.00048532901149703434,held-out trials,percentile bootstrap (10000 draws)
vda4_crossattn1_grid2x2_seed0,2x2,4,0,invalid,frames5_6_mean,visual,target_minus_cue_peak_share,128,-0.014715428315887371,-0.042264506093453086,0.012929703033952694,held-out trials,percentile bootstrap (10000 draws)
vda4_crossattn1_grid2x2_seed0,2x2,4,0,invalid,frames5_6_mean,visual,target_minus_other_peak_share,128,-0.029246834336477887,-0.05116985676258006,-0.006210786773156898,held-out trials,percentile bootstrap (10000 draws)
vda4_crossattn1_grid2x2_seed0,2x2,4,0,invalid,frames5_6_mean,visual,target_argmax_raw_total,128,0.1953125,0.125,0.265625,held-out trials,percentile bootstrap (10000 draws)
vda4_crossattn1_grid2x2_seed0,2x2,4,0,invalid,frames5_6_mean,visual,target_argmax_raw_peak,128,0.1953125,0.1328125,0.265625,held-out trials,percentile bootstrap (10000 draws)
vda4_crossattn1_grid2x2_seed0,2x2,4,0,valid,frame5,memory,source_total_share,128,0.8949378739052918,0.8886176425628947,0.9013288225367433,held-out trials,percentile bootstrap (10000 draws)
vda4_crossattn1_grid2x2_seed0,2x2,4,0,valid,frame5,memory,target_raw_total_quadrant_mass,128,0.4797980773728341,0.45860731350257994,0.5016978720144835,held-out trials,percentile bootstrap (10000 draws)
vda4_crossattn1_grid2x2_seed0,2x2,4,0,valid,frame5,memory,cue_raw_total_quadrant_mass,128,0.4797980773728341,0.45827581122284755,0.5013306906679645,held-out trials,percentile bootstrap (10000 draws)
vda4_crossattn1_grid2x2_seed0,2x2,4,0,valid,frame5,memory,target_raw_peak_patch,128,0.4797980773728341,0.4586408834613394,0.5017791887396015,held-out trials,percentile bootstrap (10000 draws)
vda4_crossattn1_grid2x2_seed0,2x2,4,0,valid,frame5,memory,cue_raw_peak_patch,128,0.4797980773728341,0.45849394441465846,0.501648833497893,held-out trials,percentile bootstrap (10000 draws)
vda4_crossattn1_grid2x2_seed0,2x2,4,0,valid,frame5,memory,target_raw_peak_patch_uniform_ratio,128,3.8383846189826727,3.667929486744106,4.011852742126211,held-out trials,percentile bootstrap (10000 draws)
vda4_crossattn1_grid2x2_seed0,2x2,4,0,valid,frame5,memory,cue_raw_peak_patch_uniform_ratio,128,3.8383846189826727,3.6663217031396926,4.013626703433692,held-out trials,percentile bootstrap (10000 draws)
vda4_crossattn1_grid2x2_seed0,2x2,4,0,valid,frame5,memory,target_conditional_total_quadrant_mass,128,0.532736054977172,0.5115761586817297,0.5546610309095716,held-out trials,percentile bootstrap (10000 draws)
vda4_crossattn1_grid2x2_seed0,2x2,4,0,valid,frame5,memory,cue_conditional_total_quadrant_mass,128,0.532736054977172,0.5115569900896385,0.5542239187522978,held-out trials,percentile bootstrap (10000 draws)
vda4_crossattn1_grid2x2_seed0,2x2,4,0,valid,frame5,memory,target_conditional_peak_patch,128,0.532736054977172,0.5120014300278067,0.5545037376272345,held-out trials,percentile bootstrap (10000 draws)
vda4_crossattn1_grid2x2_seed0,2x2,4,0,valid,frame5,memory,cue_conditional_peak_patch,128,0.532736054977172,0.5112697550249639,0.5542170339196918,held-out trials,percentile bootstrap (10000 draws)
vda4_crossattn1_grid2x2_seed0,2x2,4,0,valid,frame5,memory,target_conditional_peak_patch_uniform_ratio,128,2.130944219908688,2.047686353965241,2.2181748751332524,held-out trials,percentile bootstrap (10000 draws)
vda4_crossattn1_grid2x2_seed0,2x2,4,0,valid,frame5,memory,cue_conditional_peak_patch_uniform_ratio,128,2.130944219908688,2.045330428372599,2.2172139678163805,held-out trials,percentile bootstrap (10000 draws)
vda4_crossattn1_grid2x2_seed0,2x2,4,0,valid,frame5,memory,target_peak_patch_quadrant_share,128,0.532736054977172,0.5118568518111037,0.5542942196102172,held-out trials,percentile bootstrap (10000 draws)
vda4_crossattn1_grid2x2_seed0,2x2,4,0,valid,frame5,memory,cue_peak_patch_quadrant_share,128,0.532736054977172,0.5115948232903031,0.5547642724825682,held-out trials,percentile bootstrap (10000 draws)
vda4_crossattn1_grid2x2_seed0,2x2,4,0,valid,frame5,memory,target_within_quadrant_peak_ratio,128,1.0,1.0,1.0,held-out trials,percentile bootstrap (10000 draws)
vda4_crossattn1_grid2x2_seed0,2x2,4,0,valid,frame5,memory,cue_within_quadrant_peak_ratio,128,1.0,1.0,1.0,held-out trials,percentile bootstrap (10000 draws)
vda4_crossattn1_grid2x2_seed0,2x2,4,0,valid,frame5,memory,target_minus_cue_raw_total_mass,128,0.0,0.0,0.0,held-out trials,percentile bootstrap (10000 draws)
vda4_crossattn1_grid2x2_seed0,2x2,4,0,valid,frame5,memory,target_minus_other_raw_total_mass,128,0.3414181451953482,0.3141326773484858,0.36889189773840675,held-out trials,percentile bootstrap (10000 draws)
vda4_crossattn1_grid2x2_seed0,2x2,4,0,valid,frame5,memory,target_minus_cue_raw_peak,128,0.0,0.0,0.0,held-out trials,percentile bootstrap (10000 draws)
vda4_crossattn1_grid2x2_seed0,2x2,4,0,valid,frame5,memory,target_minus_other_raw_peak,128,0.3414181451953482,0.3146611370573131,0.36868152034027535,held-out trials,percentile bootstrap (10000 draws)
vda4_crossattn1_grid2x2_seed0,2x2,4,0,valid,frame5,memory,target_minus_cue_peak_share,128,0.0,0.0,0.0,held-out trials,percentile bootstrap (10000 draws)
vda4_crossattn1_grid2x2_seed0,2x2,4,0,valid,frame5,memory,target_minus_other_peak_share,128,0.37698140663622937,0.34857526518281373,0.4049569213954468,held-out trials,percentile bootstrap (10000 draws)
vda4_crossattn1_grid2x2_seed0,2x2,4,0,valid,frame5,memory,target_argmax_raw_total,128,0.984375,0.9609375,1.0,held-out trials,percentile bootstrap (10000 draws)
vda4_crossattn1_grid2x2_seed0,2x2,4,0,valid,frame5,memory,target_argmax_raw_peak,128,0.984375,0.9609375,1.0,held-out trials,percentile bootstrap (10000 draws)
vda4_crossattn1_grid2x2_seed0,2x2,4,0,valid,frame5,visual,source_total_share,128,0.10506212039399543,0.09880971305192361,0.1114967327335762,held-out trials,percentile bootstrap (10000 draws)
vda4_crossattn1_grid2x2_seed0,2x2,4,0,valid,frame5,visual,target_raw_total_quadrant_mass,128,0.026581403355521616,0.023967776038261945,0.029250077653250627,held-out trials,percentile bootstrap (10000 draws)
vda4_crossattn1_grid2x2_seed0,2x2,4,0,valid,frame5,visual,cue_raw_total_quadrant_mass,128,0.026581403355521616,0.023936773820059896,0.029310188660019772,held-out trials,percentile bootstrap (10000 draws)
vda4_crossattn1_grid2x2_seed0,2x2,4,0,valid,frame5,visual,target_raw_peak_patch,128,0.026581403355521616,0.023939119338592718,0.029265818043950276,held-out trials,percentile bootstrap (10000 draws)
vda4_crossattn1_grid2x2_seed0,2x2,4,0,valid,frame5,visual,cue_raw_peak_patch,128,0.026581403355521616,0.023942755445204966,0.029293770373078586,held-out trials,percentile bootstrap (10000 draws)
vda4_crossattn1_grid2x2_seed0,2x2,4,0,valid,frame5,visual,target_raw_peak_patch_uniform_ratio,128,0.21265122684417292,0.19159003899549135,0.23477956566566716,held-out trials,percentile bootstrap (10000 draws)
vda4_crossattn1_grid2x2_seed0,2x2,4,0,valid,frame5,visual,cue_raw_peak_patch_uniform_ratio,128,0.21265122684417292,0.19106927913599064,0.2342612892469333,held-out trials,percentile bootstrap (10000 draws)
vda4_crossattn1_grid2x2_seed0,2x2,4,0,valid,frame5,visual,target_conditional_total_quadrant_mass,128,0.2418133145976924,0.2262072578667645,0.25774547691019445,held-out trials,percentile bootstrap (10000 draws)
vda4_crossattn1_grid2x2_seed0,2x2,4,0,valid,frame5,visual,cue_conditional_total_quadrant_mass,128,0.2418133145976924,0.2261277045115309,0.25769260583956793,held-out trials,percentile bootstrap (10000 draws)
vda4_crossattn1_grid2x2_seed0,2x2,4,0,valid,frame5,visual,target_conditional_peak_patch,128,0.2418133145976924,0.22617484957360134,0.2576883501660599,held-out trials,percentile bootstrap (10000 draws)
vda4_crossattn1_grid2x2_seed0,2x2,4,0,valid,frame5,visual,cue_conditional_peak_patch,128,0.2418133145976924,0.22628417026783207,0.25798453668908145,held-out trials,percentile bootstrap (10000 draws)
vda4_crossattn1_grid2x2_seed0,2x2,4,0,valid,frame5,visual,target_conditional_peak_patch_uniform_ratio,128,0.9672532583907696,0.9052096390310891,1.0312359001637668,held-out trials,percentile bootstrap (10000 draws)
vda4_crossattn1_grid2x2_seed0,2x2,4,0,valid,frame5,visual,cue_conditional_peak_patch_uniform_ratio,128,0.9672532583907696,0.9051285760067366,1.0317244525930704,held-out trials,percentile bootstrap (10000 draws)
vda4_crossattn1_grid2x2_seed0,2x2,4,0,valid,frame5,visual,target_peak_patch_quadrant_share,128,0.2418133145976924,0.2260240858401565,0.25797953884618235,held-out trials,percentile bootstrap (10000 draws)
vda4_crossattn1_grid2x2_seed0,2x2,4,0,valid,frame5,visual,cue_peak_patch_quadrant_share,128,0.2418133145976924,0.22647675077665208,0.25768973756308283,held-out trials,percentile bootstrap (10000 draws)
vda4_crossattn1_grid2x2_seed0,2x2,4,0,valid,frame5,visual,target_within_quadrant_peak_ratio,128,1.0,1.0,1.0,held-out trials,percentile bootstrap (10000 draws)
vda4_crossattn1_grid2x2_seed0,2x2,4,0,valid,frame5,visual,cue_within_quadrant_peak_ratio,128,1.0,1.0,1.0,held-out trials,percentile bootstrap (10000 draws)
vda4_crossattn1_grid2x2_seed0,2x2,4,0,valid,frame5,visual,target_minus_cue_raw_total_mass,128,0.0,0.0,0.0,held-out trials,percentile bootstrap (10000 draws)
vda4_crossattn1_grid2x2_seed0,2x2,4,0,valid,frame5,visual,target_minus_other_raw_total_mass,128,0.0004211643426970115,-0.0019432291059274574,0.0028863142903901465,held-out trials,percentile bootstrap (10000 draws)
vda4_crossattn1_grid2x2_seed0,2x2,4,0,valid,frame5,visual,target_minus_cue_raw_peak,128,0.0,0.0,0.0,held-out trials,percentile bootstrap (10000 draws)
vda4_crossattn1_grid2x2_seed0,2x2,4,0,valid,frame5,visual,target_minus_other_raw_peak,128,0.0004211643426970115,-0.0018960991266188402,0.002833037658395672,held-out trials,percentile bootstrap (10000 draws)
vda4_crossattn1_grid2x2_seed0,2x2,4,0,valid,frame5,visual,target_minus_cue_peak_share,128,0.0,0.0,0.0,held-out trials,percentile bootstrap (10000 draws)
vda4_crossattn1_grid2x2_seed0,2x2,4,0,valid,frame5,visual,target_minus_other_peak_share,128,-0.010915580536410154,-0.03154035942365837,0.01034737063137464,held-out trials,percentile bootstrap (10000 draws)
vda4_crossattn1_grid2x2_seed0,2x2,4,0,valid,frame5,visual,target_argmax_raw_total,128,0.21875,0.1484375,0.296875,held-out trials,percentile bootstrap (10000 draws)
vda4_crossattn1_grid2x2_seed0,2x2,4,0,valid,frame5,visual,target_argmax_raw_peak,128,0.21875,0.1484375,0.2890625,held-out trials,percentile bootstrap (10000 draws)
vda4_crossattn1_grid2x2_seed0,2x2,4,0,valid,frame6,memory,source_total_share,128,0.9967368160810821,0.9935602415193567,0.9986930595325088,held-out trials,percentile bootstrap (10000 draws)
vda4_crossattn1_grid2x2_seed0,2x2,4,0,valid,frame6,memory,target_raw_total_quadrant_mass,128,0.9890739994589239,0.9789982533373405,0.9955323341418989,held-out trials,percentile bootstrap (10000 draws)
vda4_crossattn1_grid2x2_seed0,2x2,4,0,valid,frame6,memory,cue_raw_total_quadrant_mass,128,0.9890739994589239,0.9789858701056801,0.9954599274438806,held-out trials,percentile bootstrap (10000 draws)
vda4_crossattn1_grid2x2_seed0,2x2,4,0,valid,frame6,memory,target_raw_peak_patch,128,0.9890739994589239,0.9791710158460774,0.9954681725706905,held-out trials,percentile bootstrap (10000 draws)
vda4_crossattn1_grid2x2_seed0,2x2,4,0,valid,frame6,memory,cue_raw_peak_patch,128,0.9890739994589239,0.9789754701720085,0.995634435012471,held-out trials,percentile bootstrap (10000 draws)
vda4_crossattn1_grid2x2_seed0,2x2,4,0,valid,frame6,memory,target_raw_peak_patch_uniform_ratio,128,7.9125919956713915,7.834194201603532,7.964143865182995,held-out trials,percentile bootstrap (10000 draws)
vda4_crossattn1_grid2x2_seed0,2x2,4,0,valid,frame6,memory,cue_raw_peak_patch_uniform_ratio,128,7.9125919956713915,7.829152627289295,7.964549546036869,held-out trials,percentile bootstrap (10000 draws)
vda4_crossattn1_grid2x2_seed0,2x2,4,0,valid,frame6,memory,target_conditional_total_quadrant_mass,128,0.9917011564661626,0.9835166198180847,0.996801921783807,held-out trials,percentile bootstrap (10000 draws)
vda4_crossattn1_grid2x2_seed0,2x2,4,0,valid,frame6,memory,cue_conditional_total_quadrant_mass,128,0.9917011564661626,0.9839822746416059,0.9967962666397937,held-out trials,percentile bootstrap (10000 draws)
vda4_crossattn1_grid2x2_seed0,2x2,4,0,valid,frame6,memory,target_conditional_peak_patch,128,0.9917011564661626,0.9840561306894178,0.9968397265598307,held-out trials,percentile bootstrap (10000 draws)
vda4_crossattn1_grid2x2_seed0,2x2,4,0,valid,frame6,memory,cue_conditional_peak_patch,128,0.9917011564661626,0.9838324988235717,0.9968361527789263,held-out trials,percentile bootstrap (10000 draws)
vda4_crossattn1_grid2x2_seed0,2x2,4,0,valid,frame6,memory,target_conditional_peak_patch_uniform_ratio,128,3.9668046258646505,3.934656019387335,3.9870650716487903,held-out trials,percentile bootstrap (10000 draws)
vda4_crossattn1_grid2x2_seed0,2x2,4,0,valid,frame6,memory,cue_conditional_peak_patch_uniform_ratio,128,3.9668046258646505,3.9334284444724865,3.9873009447485153,held-out trials,percentile bootstrap (10000 draws)
vda4_crossattn1_grid2x2_seed0,2x2,4,0,valid,frame6,memory,target_peak_patch_quadrant_share,128,0.9917011564661626,0.9838072493253829,0.9968553772326644,held-out trials,percentile bootstrap (10000 draws)
vda4_crossattn1_grid2x2_seed0,2x2,4,0,valid,frame6,memory,cue_peak_patch_quadrant_share,128,0.9917011564661626,0.9837882785877986,0.9968346904908499,held-out trials,percentile bootstrap (10000 draws)
vda4_crossattn1_grid2x2_seed0,2x2,4,0,valid,frame6,memory,target_within_quadrant_peak_ratio,128,1.0,1.0,1.0,held-out trials,percentile bootstrap (10000 draws)
vda4_crossattn1_grid2x2_seed0,2x2,4,0,valid,frame6,memory,cue_within_quadrant_peak_ratio,128,1.0,1.0,1.0,held-out trials,percentile bootstrap (10000 draws)
vda4_crossattn1_grid2x2_seed0,2x2,4,0,valid,frame6,memory,target_minus_cue_raw_total_mass,128,0.0,0.0,0.0,held-out trials,percentile bootstrap (10000 draws)
vda4_crossattn1_grid2x2_seed0,2x2,4,0,valid,frame6,memory,target_minus_other_raw_total_mass,128,0.9865197272515378,0.9744468309849977,0.9944705803398747,held-out trials,percentile bootstrap (10000 draws)
vda4_crossattn1_grid2x2_seed0,2x2,4,0,valid,frame6,memory,target_minus_cue_raw_peak,128,0.0,0.0,0.0,held-out trials,percentile bootstrap (10000 draws)
vda4_crossattn1_grid2x2_seed0,2x2,4,0,valid,frame6,memory,target_minus_other_raw_peak,128,0.9865197272515378,0.9746531837624844,0.9944455647313363,held-out trials,percentile bootstrap (10000 draws)
vda4_crossattn1_grid2x2_seed0,2x2,4,0,valid,frame6,memory,target_minus_cue_peak_share,128,0.0,0.0,0.0,held-out trials,percentile bootstrap (10000 draws)
vda4_crossattn1_grid2x2_seed0,2x2,4,0,valid,frame6,memory,target_minus_other_peak_share,128,0.988934875288217,0.978581095448755,0.9957291495888412,held-out trials,percentile bootstrap (10000 draws)
vda4_crossattn1_grid2x2_seed0,2x2,4,0,valid,frame6,memory,target_argmax_raw_total,128,1.0,1.0,1.0,held-out trials,percentile bootstrap (10000 draws)
vda4_crossattn1_grid2x2_seed0,2x2,4,0,valid,frame6,memory,target_argmax_raw_peak,128,1.0,1.0,1.0,held-out trials,percentile bootstrap (10000 draws)
vda4_crossattn1_grid2x2_seed0,2x2,4,0,valid,frame6,visual,source_total_share,128,0.003263183730478403,0.001288574984556412,0.0065020761051707504,held-out trials,percentile bootstrap (10000 draws)
vda4_crossattn1_grid2x2_seed0,2x2,4,0,valid,frame6,visual,target_raw_total_quadrant_mass,128,0.0006891527697163724,0.0003284055791129781,0.001159941157951749,held-out trials,percentile bootstrap (10000 draws)
vda4_crossattn1_grid2x2_seed0,2x2,4,0,valid,frame6,visual,cue_raw_total_quadrant_mass,128,0.0006891527697163724,0.00032768996659786613,0.001144863621695613,held-out trials,percentile bootstrap (10000 draws)
vda4_crossattn1_grid2x2_seed0,2x2,4,0,valid,frame6,visual,target_raw_peak_patch,128,0.0006891527697163724,0.00032898277255863915,0.0011495416001342739,held-out trials,percentile bootstrap (10000 draws)
vda4_crossattn1_grid2x2_seed0,2x2,4,0,valid,frame6,visual,cue_raw_peak_patch,128,0.0006891527697163724,0.0003255696533774,0.0011604613858890106,held-out trials,percentile bootstrap (10000 draws)
vda4_crossattn1_grid2x2_seed0,2x2,4,0,valid,frame6,visual,target_raw_peak_patch_uniform_ratio,128,0.005513222157730979,0.002640548662946429,0.009270669999113322,held-out trials,percentile bootstrap (10000 draws)
vda4_crossattn1_grid2x2_seed0,2x2,4,0,valid,frame6,visual,cue_raw_peak_patch_uniform_ratio,128,0.005513222157730979,0.0026070346473936468,0.009136661607440286,held-out trials,percentile bootstrap (10000 draws)
vda4_crossattn1_grid2x2_seed0,2x2,4,0,valid,frame6,visual,target_conditional_total_quadrant_mass,128,0.23321861670651334,0.2137459030599296,0.25242119362084947,held-out trials,percentile bootstrap (10000 draws)
vda4_crossattn1_grid2x2_seed0,2x2,4,0,valid,frame6,visual,cue_conditional_total_quadrant_mass,128,0.23321861670651334,0.21435451071677666,0.25247064981587375,held-out trials,percentile bootstrap (10000 draws)
vda4_crossattn1_grid2x2_seed0,2x2,4,0,valid,frame6,visual,target_conditional_peak_patch,128,0.23321861670651334,0.2144913732163834,0.2524758460135368,held-out trials,percentile bootstrap (10000 draws)
vda4_crossattn1_grid2x2_seed0,2x2,4,0,valid,frame6,visual,cue_conditional_peak_patch,128,0.23321861670651334,0.21428113854301445,0.2525663406480573,held-out trials,percentile bootstrap (10000 draws)
vda4_crossattn1_grid2x2_seed0,2x2,4,0,valid,frame6,visual,target_conditional_peak_patch_uniform_ratio,128,0.9328744668260534,0.8580626404431179,1.0106955964317053,held-out trials,percentile bootstrap (10000 draws)
vda4_crossattn1_grid2x2_seed0,2x2,4,0,valid,frame6,visual,cue_conditional_peak_patch_uniform_ratio,128,0.9328744668260534,0.8567884125979238,1.0112673049559247,held-out trials,percentile bootstrap (10000 draws)
vda4_crossattn1_grid2x2_seed0,2x2,4,0,valid,frame6,visual,target_peak_patch_quadrant_share,128,0.23321861670651334,0.21424313010012272,0.2528795605051274,held-out trials,percentile bootstrap (10000 draws)
vda4_crossattn1_grid2x2_seed0,2x2,4,0,valid,frame6,visual,cue_peak_patch_quadrant_share,128,0.23321861670651334,0.21394984494639835,0.25248207348869894,held-out trials,percentile bootstrap (10000 draws)
vda4_crossattn1_grid2x2_seed0,2x2,4,0,valid,frame6,visual,target_within_quadrant_peak_ratio,128,1.0,1.0,1.0,held-out trials,percentile bootstrap (10000 draws)
vda4_crossattn1_grid2x2_seed0,2x2,4,0,valid,frame6,visual,cue_within_quadrant_peak_ratio,128,1.0,1.0,1.0,held-out trials,percentile bootstrap (10000 draws)
vda4_crossattn1_grid2x2_seed0,2x2,4,0,valid,frame6,visual,target_minus_cue_raw_total_mass,128,0.0,0.0,0.0,held-out trials,percentile bootstrap (10000 draws)
vda4_crossattn1_grid2x2_seed0,2x2,4,0,valid,frame6,visual,target_minus_other_raw_total_mass,128,-0.00016885755053763774,-0.0008365756084051765,0.0002550950806167405,held-out trials,percentile bootstrap (10000 draws)
vda4_crossattn1_grid2x2_seed0,2x2,4,0,valid,frame6,visual,target_minus_cue_raw_peak,128,0.0,0.0,0.0,held-out trials,percentile bootstrap (10000 draws)
vda4_crossattn1_grid2x2_seed0,2x2,4,0,valid,frame6,visual,target_minus_other_raw_peak,128,-0.00016885755053763774,-0.0008152691490172909,0.0002500535363135843,held-out trials,percentile bootstrap (10000 draws)
vda4_crossattn1_grid2x2_seed0,2x2,4,0,valid,frame6,visual,target_minus_cue_peak_share,128,0.0,0.0,0.0,held-out trials,percentile bootstrap (10000 draws)
vda4_crossattn1_grid2x2_seed0,2x2,4,0,valid,frame6,visual,target_minus_other_peak_share,128,-0.02237517772464887,-0.04736305200742522,0.003183289801138,held-out trials,percentile bootstrap (10000 draws)
vda4_crossattn1_grid2x2_seed0,2x2,4,0,valid,frame6,visual,target_argmax_raw_total,128,0.2265625,0.15625,0.3046875,held-out trials,percentile bootstrap (10000 draws)
vda4_crossattn1_grid2x2_seed0,2x2,4,0,valid,frame6,visual,target_argmax_raw_peak,128,0.2265625,0.15625,0.3046875,held-out trials,percentile bootstrap (10000 draws)
vda4_crossattn1_grid2x2_seed0,2x2,4,0,valid,frames5_6_mean,memory,source_total_share,128,0.945837344993187,0.9421851662037666,0.9494225742754185,held-out trials,percentile bootstrap (10000 draws)
vda4_crossattn1_grid2x2_seed0,2x2,4,0,valid,frames5_6_mean,memory,target_raw_total_quadrant_mass,128,0.734436038415879,0.7222752954345196,0.7464349376270547,held-out trials,percentile bootstrap (10000 draws)
vda4_crossattn1_grid2x2_seed0,2x2,4,0,valid,frames5_6_mean,memory,cue_raw_total_quadrant_mass,128,0.734436038415879,0.7219582505349535,0.7466332242533099,held-out trials,percentile bootstrap (10000 draws)
vda4_crossattn1_grid2x2_seed0,2x2,4,0,valid,frames5_6_mean,memory,target_raw_peak_patch,128,0.734436038415879,0.7221807170688408,0.7464735397108597,held-out trials,percentile bootstrap (10000 draws)
vda4_crossattn1_grid2x2_seed0,2x2,4,0,valid,frames5_6_mean,memory,cue_raw_peak_patch,128,0.734436038415879,0.7221894751011859,0.7464603455009637,held-out trials,percentile bootstrap (10000 draws)
vda4_crossattn1_grid2x2_seed0,2x2,4,0,valid,frames5_6_mean,memory,target_raw_peak_patch_uniform_ratio,128,5.875488307327032,5.777009760285727,5.973071037302725,held-out trials,percentile bootstrap (10000 draws)
vda4_crossattn1_grid2x2_seed0,2x2,4,0,valid,frames5_6_mean,memory,cue_raw_peak_patch_uniform_ratio,128,5.875488307327032,5.7742561576887965,5.973877260112204,held-out trials,percentile bootstrap (10000 draws)
vda4_crossattn1_grid2x2_seed0,2x2,4,0,valid,frames5_6_mean,memory,target_conditional_total_quadrant_mass,128,0.7622186057216673,0.7501362098524209,0.7736436942079022,held-out trials,percentile bootstrap (10000 draws)
vda4_crossattn1_grid2x2_seed0,2x2,4,0,valid,frames5_6_mean,memory,cue_conditional_total_quadrant_mass,128,0.7622186057216673,0.7503651136076612,0.77426898666815,held-out trials,percentile bootstrap (10000 draws)
vda4_crossattn1_grid2x2_seed0,2x2,4,0,valid,frames5_6_mean,memory,target_conditional_peak_patch,128,0.7622186057216673,0.7505587982771329,0.774008501614872,held-out trials,percentile bootstrap (10000 draws)
vda4_crossattn1_grid2x2_seed0,2x2,4,0,valid,frames5_6_mean,memory,cue_conditional_peak_patch,128,0.7622186057216673,0.7504626946077231,0.7737543710470879,held-out trials,percentile bootstrap (10000 draws)
vda4_crossattn1_grid2x2_seed0,2x2,4,0,valid,frames5_6_mean,memory,target_conditional_peak_patch_uniform_ratio,128,3.0488744228866693,3.0027493628299755,3.0951677250401595,held-out trials,percentile bootstrap (10000 draws)
vda4_crossattn1_grid2x2_seed0,2x2,4,0,valid,frames5_6_mean,memory,cue_conditional_peak_patch_uniform_ratio,128,3.0488744228866693,3.001053799748991,3.094163701961248,held-out trials,percentile bootstrap (10000 draws)
vda4_crossattn1_grid2x2_seed0,2x2,4,0,valid,frames5_6_mean,memory,target_peak_patch_quadrant_share,128,0.7622186057216673,0.7505616535180323,0.7739155356792861,held-out trials,percentile bootstrap (10000 draws)
vda4_crossattn1_grid2x2_seed0,2x2,4,0,valid,frames5_6_mean,memory,cue_peak_patch_quadrant_share,128,0.7622186057216673,0.7509040994078023,0.7735432621407248,held-out trials,percentile bootstrap (10000 draws)
vda4_crossattn1_grid2x2_seed0,2x2,4,0,valid,frames5_6_mean,memory,target_within_quadrant_peak_ratio,128,1.0,1.0,1.0,held-out trials,percentile bootstrap (10000 draws)
vda4_crossattn1_grid2x2_seed0,2x2,4,0,valid,frames5_6_mean,memory,cue_within_quadrant_peak_ratio,128,1.0,1.0,1.0,held-out trials,percentile bootstrap (10000 draws)
vda4_crossattn1_grid2x2_seed0,2x2,4,0,valid,frames5_6_mean,memory,target_minus_cue_raw_total_mass,128,0.0,0.0,0.0,held-out trials,percentile bootstrap (10000 draws)
vda4_crossattn1_grid2x2_seed0,2x2,4,0,valid,frames5_6_mean,memory,target_minus_other_raw_total_mass,128,0.6639689362234431,0.6483945767576288,0.6792512207091873,held-out trials,percentile bootstrap (10000 draws)
vda4_crossattn1_grid2x2_seed0,2x2,4,0,valid,frames5_6_mean,memory,target_minus_cue_raw_peak,128,0.0,0.0,0.0,held-out trials,percentile bootstrap (10000 draws)
vda4_crossattn1_grid2x2_seed0,2x2,4,0,valid,frames5_6_mean,memory,target_minus_other_raw_peak,128,0.6639689362234431,0.6483859031930532,0.6793679412278444,held-out trials,percentile bootstrap (10000 draws)
vda4_crossattn1_grid2x2_seed0,2x2,4,0,valid,frames5_6_mean,memory,target_minus_cue_peak_share,128,0.0,0.0,0.0,held-out trials,percentile bootstrap (10000 draws)
vda4_crossattn1_grid2x2_seed0,2x2,4,0,valid,frames5_6_mean,memory,target_minus_other_peak_share,128,0.6829581409622232,0.6667297889161342,0.6987385925964388,held-out trials,percentile bootstrap (10000 draws)
vda4_crossattn1_grid2x2_seed0,2x2,4,0,valid,frames5_6_mean,memory,target_argmax_raw_total,128,1.0,1.0,1.0,held-out trials,percentile bootstrap (10000 draws)
vda4_crossattn1_grid2x2_seed0,2x2,4,0,valid,frames5_6_mean,memory,target_argmax_raw_peak,128,1.0,1.0,1.0,held-out trials,percentile bootstrap (10000 draws)
vda4_crossattn1_grid2x2_seed0,2x2,4,0,valid,frames5_6_mean,visual,source_total_share,128,0.054162652062236916,0.05061928434474772,0.057844117397381246,held-out trials,percentile bootstrap (10000 draws)
vda4_crossattn1_grid2x2_seed0,2x2,4,0,valid,frames5_6_mean,visual,target_raw_total_quadrant_mass,128,0.013635278062618994,0.012259335226689937,0.01506777706077731,held-out trials,percentile bootstrap (10000 draws)
vda4_crossattn1_grid2x2_seed0,2x2,4,0,valid,frames5_6_mean,visual,cue_raw_total_quadrant_mass,128,0.013635278062618994,0.012287009983400932,0.015070569945641576,held-out trials,percentile bootstrap (10000 draws)
vda4_crossattn1_grid2x2_seed0,2x2,4,0,valid,frames5_6_mean,visual,target_raw_peak_patch,128,0.013635278062618994,0.01226500607690495,0.015122208964947603,held-out trials,percentile bootstrap (10000 draws)
vda4_crossattn1_grid2x2_seed0,2x2,4,0,valid,frames5_6_mean,visual,cue_raw_peak_patch,128,0.013635278062618994,0.012290134727005686,0.015098104185351957,held-out trials,percentile bootstrap (10000 draws)
vda4_crossattn1_grid2x2_seed0,2x2,4,0,valid,frames5_6_mean,visual,target_raw_peak_patch_uniform_ratio,128,0.10908222450095195,0.09802649931800964,0.12055172549126354,held-out trials,percentile bootstrap (10000 draws)
vda4_crossattn1_grid2x2_seed0,2x2,4,0,valid,frames5_6_mean,visual,cue_raw_peak_patch_uniform_ratio,128,0.10908222450095195,0.09791827220555298,0.12051207426687575,held-out trials,percentile bootstrap (10000 draws)
vda4_crossattn1_grid2x2_seed0,2x2,4,0,valid,frames5_6_mean,visual,target_conditional_total_quadrant_mass,128,0.23751596565210287,0.22100006309396908,0.25434776656451824,held-out trials,percentile bootstrap (10000 draws)
vda4_crossattn1_grid2x2_seed0,2x2,4,0,valid,frames5_6_mean,visual,cue_conditional_total_quadrant_mass,128,0.23751596565210287,0.22081462711701694,0.2544466767462995,held-out trials,percentile bootstrap (10000 draws)
vda4_crossattn1_grid2x2_seed0,2x2,4,0,valid,frames5_6_mean,visual,target_conditional_peak_patch,128,0.23751596565210287,0.22090045764210461,0.25427427416077925,held-out trials,percentile bootstrap (10000 draws)
vda4_crossattn1_grid2x2_seed0,2x2,4,0,valid,frames5_6_mean,visual,cue_conditional_peak_patch,128,0.23751596565210287,0.22084467656624931,0.2540082679280767,held-out trials,percentile bootstrap (10000 draws)
vda4_crossattn1_grid2x2_seed0,2x2,4,0,valid,frames5_6_mean,visual,target_conditional_peak_patch_uniform_ratio,128,0.9500638626084115,0.8828289889091886,1.0164322961655177,held-out trials,percentile bootstrap (10000 draws)
vda4_crossattn1_grid2x2_seed0,2x2,4,0,valid,frames5_6_mean,visual,cue_conditional_peak_patch_uniform_ratio,128,0.9500638626084115,0.8834377634669762,1.016653107124297,held-out trials,percentile bootstrap (10000 draws)
vda4_crossattn1_grid2x2_seed0,2x2,4,0,valid,frames5_6_mean,visual,target_peak_patch_quadrant_share,128,0.23751596565210287,0.2211061880128433,0.2544829373562357,held-out trials,percentile bootstrap (10000 draws)
vda4_crossattn1_grid2x2_seed0,2x2,4,0,valid,frames5_6_mean,visual,cue_peak_patch_quadrant_share,128,0.23751596565210287,0.2213497360928045,0.2539004082694505,held-out trials,percentile bootstrap (10000 draws)
vda4_crossattn1_grid2x2_seed0,2x2,4,0,valid,frames5_6_mean,visual,target_within_quadrant_peak_ratio,128,1.0,1.0,1.0,held-out trials,percentile bootstrap (10000 draws)
vda4_crossattn1_grid2x2_seed0,2x2,4,0,valid,frames5_6_mean,visual,cue_within_quadrant_peak_ratio,128,1.0,1.0,1.0,held-out trials,percentile bootstrap (10000 draws)
vda4_crossattn1_grid2x2_seed0,2x2,4,0,valid,frames5_6_mean,visual,target_minus_cue_raw_total_mass,128,0.0,0.0,0.0,held-out trials,percentile bootstrap (10000 draws)
vda4_crossattn1_grid2x2_seed0,2x2,4,0,valid,frames5_6_mean,visual,target_minus_other_raw_total_mass,128,0.0001261533960796869,-0.0011336386561491864,0.0014255617488180934,held-out trials,percentile bootstrap (10000 draws)
vda4_crossattn1_grid2x2_seed0,2x2,4,0,valid,frames5_6_mean,visual,target_minus_cue_raw_peak,128,0.0,0.0,0.0,held-out trials,percentile bootstrap (10000 draws)
vda4_crossattn1_grid2x2_seed0,2x2,4,0,valid,frames5_6_mean,visual,target_minus_other_raw_peak,128,0.0001261533960796869,-0.0011750737326860906,0.001429906280713089,held-out trials,percentile bootstrap (10000 draws)
vda4_crossattn1_grid2x2_seed0,2x2,4,0,valid,frames5_6_mean,visual,target_minus_cue_peak_share,128,0.0,0.0,0.0,held-out trials,percentile bootstrap (10000 draws)
vda4_crossattn1_grid2x2_seed0,2x2,4,0,valid,frames5_6_mean,visual,target_minus_other_peak_share,128,-0.016645379130529513,-0.038508664985379935,0.005764167253886432,held-out trials,percentile bootstrap (10000 draws)
vda4_crossattn1_grid2x2_seed0,2x2,4,0,valid,frames5_6_mean,visual,target_argmax_raw_total,128,0.2265625,0.15625,0.3046875,held-out trials,percentile bootstrap (10000 draws)
vda4_crossattn1_grid2x2_seed0,2x2,4,0,valid,frames5_6_mean,visual,target_argmax_raw_peak,128,0.2265625,0.15625,0.3046875,held-out trials,percentile bootstrap (10000 draws)
vda4_crossattn1_grid2x2_seed1,2x2,4,1,invalid,frame5,memory,source_total_share,128,0.9641543972538784,0.9625483331736178,0.965802569934749,held-out trials,percentile bootstrap (10000 draws)
vda4_crossattn1_grid2x2_seed1,2x2,4,1,invalid,frame5,memory,target_raw_total_quadrant_mass,128,0.24727808631723747,0.233985940401908,0.2609333267988404,held-out trials,percentile bootstrap (10000 draws)
vda4_crossattn1_grid2x2_seed1,2x2,4,1,invalid,frame5,memory,cue_raw_total_quadrant_mass,128,0.2531409554067068,0.23827839980076532,0.26800469778681874,held-out trials,percentile bootstrap (10000 draws)
vda4_crossattn1_grid2x2_seed1,2x2,4,1,invalid,frame5,memory,target_raw_peak_patch,128,0.24727808631723747,0.23372061800473604,0.26099347169802056,held-out trials,percentile bootstrap (10000 draws)
vda4_crossattn1_grid2x2_seed1,2x2,4,1,invalid,frame5,memory,cue_raw_peak_patch,128,0.2531409554067068,0.2384074223911739,0.26824533070175677,held-out trials,percentile bootstrap (10000 draws)
vda4_crossattn1_grid2x2_seed1,2x2,4,1,invalid,frame5,memory,target_raw_peak_patch_uniform_ratio,128,1.9782246905378997,1.8718642938998529,2.087937367975246,held-out trials,percentile bootstrap (10000 draws)
vda4_crossattn1_grid2x2_seed1,2x2,4,1,invalid,frame5,memory,cue_raw_peak_patch_uniform_ratio,128,2.0251276432536542,1.9073394960956649,2.1481312735471874,held-out trials,percentile bootstrap (10000 draws)
vda4_crossattn1_grid2x2_seed1,2x2,4,1,invalid,frame5,memory,target_conditional_total_quadrant_mass,128,0.25638779707011095,0.24269663458902857,0.27070544101372707,held-out trials,percentile bootstrap (10000 draws)
vda4_crossattn1_grid2x2_seed1,2x2,4,1,invalid,frame5,memory,cue_conditional_total_quadrant_mass,128,0.2625292995375139,0.24763727911754738,0.2783622063906037,held-out trials,percentile bootstrap (10000 draws)
vda4_crossattn1_grid2x2_seed1,2x2,4,1,invalid,frame5,memory,target_conditional_peak_patch,128,0.25638779707011095,0.24231756733866466,0.2703380772843395,held-out trials,percentile bootstrap (10000 draws)
vda4_crossattn1_grid2x2_seed1,2x2,4,1,invalid,frame5,memory,cue_conditional_peak_patch,128,0.2625292995375139,0.24737901638764898,0.27820481435491606,held-out trials,percentile bootstrap (10000 draws)
vda4_crossattn1_grid2x2_seed1,2x2,4,1,invalid,frame5,memory,target_conditional_peak_patch_uniform_ratio,128,1.0255511882804438,0.9705819889509333,1.0824986664648528,held-out trials,percentile bootstrap (10000 draws)
vda4_crossattn1_grid2x2_seed1,2x2,4,1,invalid,frame5,memory,cue_conditional_peak_patch_uniform_ratio,128,1.0501171981500557,0.9889546830910569,1.1133967886225085,held-out trials,percentile bootstrap (10000 draws)
vda4_crossattn1_grid2x2_seed1,2x2,4,1,invalid,frame5,memory,target_peak_patch_quadrant_share,128,0.25638779707011095,0.24246045003895103,0.27042831754108215,held-out trials,percentile bootstrap (10000 draws)
vda4_crossattn1_grid2x2_seed1,2x2,4,1,invalid,frame5,memory,cue_peak_patch_quadrant_share,128,0.2625292995375139,0.2475384147667971,0.2786273026159531,held-out trials,percentile bootstrap (10000 draws)
vda4_crossattn1_grid2x2_seed1,2x2,4,1,invalid,frame5,memory,target_within_quadrant_peak_ratio,128,1.0,1.0,1.0,held-out trials,percentile bootstrap (10000 draws)
vda4_crossattn1_grid2x2_seed1,2x2,4,1,invalid,frame5,memory,cue_within_quadrant_peak_ratio,128,1.0,1.0,1.0,held-out trials,percentile bootstrap (10000 draws)
vda4_crossattn1_grid2x2_seed1,2x2,4,1,invalid,frame5,memory,target_minus_cue_raw_total_mass,128,-0.005862869089469314,-0.029475677767186424,0.018105417127662803,held-out trials,percentile bootstrap (10000 draws)
vda4_crossattn1_grid2x2_seed1,2x2,4,1,invalid,frame5,memory,target_minus_other_raw_total_mass,128,0.008319316005023817,-0.00934217299169783,0.02650687953573651,held-out trials,percentile bootstrap (10000 draws)
vda4_crossattn1_grid2x2_seed1,2x2,4,1,invalid,frame5,memory,target_minus_cue_raw_peak,128,-0.005862869089469314,-0.02932102134509478,0.017584719572914763,held-out trials,percentile bootstrap (10000 draws)
vda4_crossattn1_grid2x2_seed1,2x2,4,1,invalid,frame5,memory,target_minus_other_raw_peak,128,0.008319316005023817,-0.00928138161204212,0.026365006445848833,held-out trials,percentile bootstrap (10000 draws)
vda4_crossattn1_grid2x2_seed1,2x2,4,1,invalid,frame5,memory,target_minus_cue_peak_share,128,-0.006141502467403023,-0.030430107884341195,0.01918070138782761,held-out trials,percentile bootstrap (10000 draws)
vda4_crossattn1_grid2x2_seed1,2x2,4,1,invalid,frame5,memory,target_minus_other_peak_share,128,0.008517062760147898,-0.0098784459895838,0.027285175957623184,held-out trials,percentile bootstrap (10000 draws)
vda4_crossattn1_grid2x2_seed1,2x2,4,1,invalid,frame5,memory,target_argmax_raw_total,128,0.2265625,0.15625,0.296875,held-out trials,percentile bootstrap (10000 draws)
vda4_crossattn1_grid2x2_seed1,2x2,4,1,invalid,frame5,memory,target_argmax_raw_peak,128,0.2265625,0.15625,0.296875,held-out trials,percentile bootstrap (10000 draws)
vda4_crossattn1_grid2x2_seed1,2x2,4,1,invalid,frame5,visual,source_total_share,128,0.035845604208589066,0.03421636380489872,0.03744185385553465,held-out trials,percentile bootstrap (10000 draws)
vda4_crossattn1_grid2x2_seed1,2x2,4,1,invalid,frame5,visual,target_raw_total_quadrant_mass,128,0.00949870692420518,0.008775500846059003,0.010252466312613251,held-out trials,percentile bootstrap (10000 draws)
vda4_crossattn1_grid2x2_seed1,2x2,4,1,invalid,frame5,visual,cue_raw_total_quadrant_mass,128,0.009239973198418738,0.00862041811255949,0.009873360438405143,held-out trials,percentile bootstrap (10000 draws)
vda4_crossattn1_grid2x2_seed1,2x2,4,1,invalid,frame5,visual,target_raw_peak_patch,128,0.00949870692420518,0.008751520902160336,0.010256641296791713,held-out trials,percentile bootstrap (10000 draws)
vda4_crossattn1_grid2x2_seed1,2x2,4,1,invalid,frame5,visual,cue_raw_peak_patch,128,0.009239973198418738,0.00861357106732612,0.009880155901373654,held-out trials,percentile bootstrap (10000 draws)
vda4_crossattn1_grid2x2_seed1,2x2,4,1,invalid,frame5,visual,target_raw_peak_patch_uniform_ratio,128,0.07598965539364144,0.07011110101666418,0.08208142970252083,held-out trials,percentile bootstrap (10000 draws)
vda4_crossattn1_grid2x2_seed1,2x2,4,1,invalid,frame5,visual,cue_raw_peak_patch_uniform_ratio,128,0.0739197855873499,0.06894514857231115,0.07876791466260329,held-out trials,percentile bootstrap (10000 draws)
vda4_crossattn1_grid2x2_seed1,2x2,4,1,invalid,frame5,visual,target_conditional_total_quadrant_mass,128,0.2596327975694059,0.2460813841334608,0.27368566041285547,held-out trials,percentile bootstrap (10000 draws)
vda4_crossattn1_grid2x2_seed1,2x2,4,1,invalid,frame5,visual,cue_conditional_total_quadrant_mass,128,0.261488626134934,0.24642516366894207,0.2769627454612923,held-out trials,percentile bootstrap (10000 draws)
vda4_crossattn1_grid2x2_seed1,2x2,4,1,invalid,frame5,visual,target_conditional_peak_patch,128,0.2596327975694059,0.2462057672321614,0.27312969820894284,held-out trials,percentile bootstrap (10000 draws)
vda4_crossattn1_grid2x2_seed1,2x2,4,1,invalid,frame5,visual,cue_conditional_peak_patch,128,0.261488626134934,0.24608538841230562,0.27716195109502584,held-out trials,percentile bootstrap (10000 draws)
vda4_crossattn1_grid2x2_seed1,2x2,4,1,invalid,frame5,visual,target_conditional_peak_patch_uniform_ratio,128,1.0385311902776235,0.9850074610814532,1.0944024934447856,held-out trials,percentile bootstrap (10000 draws)
vda4_crossattn1_grid2x2_seed1,2x2,4,1,invalid,frame5,visual,cue_conditional_peak_patch_uniform_ratio,128,1.045954504539736,0.9853446568577472,1.1074723290407247,held-out trials,percentile bootstrap (10000 draws)
vda4_crossattn1_grid2x2_seed1,2x2,4,1,invalid,frame5,visual,target_peak_patch_quadrant_share,128,0.2596327975694059,0.24610498827098473,0.27323452496163897,held-out trials,percentile bootstrap (10000 draws)
vda4_crossattn1_grid2x2_seed1,2x2,4,1,invalid,frame5,visual,cue_peak_patch_quadrant_share,128,0.261488626134934,0.2464042686023068,0.2767648091976539,held-out trials,percentile bootstrap (10000 draws)
vda4_crossattn1_grid2x2_seed1,2x2,4,1,invalid,frame5,visual,target_within_quadrant_peak_ratio,128,1.0,1.0,1.0,held-out trials,percentile bootstrap (10000 draws)
vda4_crossattn1_grid2x2_seed1,2x2,4,1,invalid,frame5,visual,cue_within_quadrant_peak_ratio,128,1.0,1.0,1.0,held-out trials,percentile bootstrap (10000 draws)
vda4_crossattn1_grid2x2_seed1,2x2,4,1,invalid,frame5,visual,target_minus_cue_raw_total_mass,128,0.00025873372578644194,-0.000607578777226081,0.0011297302126877184,held-out trials,percentile bootstrap (10000 draws)
vda4_crossattn1_grid2x2_seed1,2x2,4,1,invalid,frame5,visual,target_minus_other_raw_total_mass,128,0.0007164078294105516,5.054353438633065e-05,0.001395688217796002,held-out trials,percentile bootstrap (10000 draws)
vda4_crossattn1_grid2x2_seed1,2x2,4,1,invalid,frame5,visual,target_minus_cue_raw_peak,128,0.00025873372578644194,-0.0006095798845308309,0.0011309370746857888,held-out trials,percentile bootstrap (10000 draws)
vda4_crossattn1_grid2x2_seed1,2x2,4,1,invalid,frame5,visual,target_minus_other_raw_peak,128,0.0007164078294105516,3.9376432778226495e-05,0.001400495125092978,held-out trials,percentile bootstrap (10000 draws)
vda4_crossattn1_grid2x2_seed1,2x2,4,1,invalid,frame5,visual,target_minus_cue_peak_share,128,-0.001855828565528097,-0.024721773668982365,0.020947361106074525,held-out trials,percentile bootstrap (10000 draws)
vda4_crossattn1_grid2x2_seed1,2x2,4,1,invalid,frame5,visual,target_minus_other_peak_share,128,0.012843730092541207,-0.004977274086304029,0.03108076475015492,held-out trials,percentile bootstrap (10000 draws)
vda4_crossattn1_grid2x2_seed1,2x2,4,1,invalid,frame5,visual,target_argmax_raw_total,128,0.3046875,0.2265625,0.3828125,held-out trials,percentile bootstrap (10000 draws)
vda4_crossattn1_grid2x2_seed1,2x2,4,1,invalid,frame5,visual,target_argmax_raw_peak,128,0.3046875,0.2265625,0.3828125,held-out trials,percentile bootstrap (10000 draws)
vda4_crossattn1_grid2x2_seed1,2x2,4,1,invalid,frame6,memory,source_total_share,128,0.9962938776186974,0.9934851122193583,0.9982619345069406,held-out trials,percentile bootstrap (10000 draws)
vda4_crossattn1_grid2x2_seed1,2x2,4,1,invalid,frame6,memory,target_raw_total_quadrant_mass,128,0.9509190337266773,0.9295487937517464,0.9695454269240145,held-out trials,percentile bootstrap (10000 draws)
vda4_crossattn1_grid2x2_seed1,2x2,4,1,invalid,frame6,memory,cue_raw_total_quadrant_mass,128,0.0204354131077622,0.010911660403016655,0.031485596274478306,held-out trials,percentile bootstrap (10000 draws)
vda4_crossattn1_grid2x2_seed1,2x2,4,1,invalid,frame6,memory,target_raw_peak_patch,128,0.9509190337266773,0.9298214388138148,0.9692400987900328,held-out trials,percentile bootstrap (10000 draws)
vda4_crossattn1_grid2x2_seed1,2x2,4,1,invalid,frame6,memory,cue_raw_peak_patch,128,0.0204354131077622,0.011024561724435245,0.03177974760702504,held-out trials,percentile bootstrap (10000 draws)
vda4_crossattn1_grid2x2_seed1,2x2,4,1,invalid,frame6,memory,target_raw_peak_patch_uniform_ratio,128,7.607352269813418,7.436120053613559,7.75283683212474,held-out trials,percentile bootstrap (10000 draws)
vda4_crossattn1_grid2x2_seed1,2x2,4,1,invalid,frame6,memory,cue_raw_peak_patch_uniform_ratio,128,0.1634833048620976,0.08709188612048706,0.25381351769548527,held-out trials,percentile bootstrap (10000 draws)
vda4_crossattn1_grid2x2_seed1,2x2,4,1,invalid,frame6,memory,target_conditional_total_quadrant_mass,128,0.9531616294392143,0.9320651533692883,0.9709189645716393,held-out trials,percentile bootstrap (10000 draws)
vda4_crossattn1_grid2x2_seed1,2x2,4,1,invalid,frame6,memory,cue_conditional_total_quadrant_mass,128,0.021058595266765387,0.011221067773199594,0.032629889123935676,held-out trials,percentile bootstrap (10000 draws)
vda4_crossattn1_grid2x2_seed1,2x2,4,1,invalid,frame6,memory,target_conditional_peak_patch,128,0.9531616294392143,0.9321443646034704,0.9704118067349666,held-out trials,percentile bootstrap (10000 draws)
vda4_crossattn1_grid2x2_seed1,2x2,4,1,invalid,frame6,memory,cue_conditional_peak_patch,128,0.021058595266765387,0.011192622552041356,0.032423904164302915,held-out trials,percentile bootstrap (10000 draws)
vda4_crossattn1_grid2x2_seed1,2x2,4,1,invalid,frame6,memory,target_conditional_peak_patch_uniform_ratio,128,3.8126465177568574,3.7303219387528372,3.883230821693233,held-out trials,percentile bootstrap (10000 draws)
vda4_crossattn1_grid2x2_seed1,2x2,4,1,invalid,frame6,memory,cue_conditional_peak_patch_uniform_ratio,128,0.08423438106706155,0.045103131527195695,0.1306417803703326,held-out trials,percentile bootstrap (10000 draws)
vda4_crossattn1_grid2x2_seed1,2x2,4,1,invalid,frame6,memory,target_peak_patch_quadrant_share,128,0.9531616294392143,0.9324442588424521,0.9706645418398672,held-out trials,percentile bootstrap (10000 draws)
vda4_crossattn1_grid2x2_seed1,2x2,4,1,invalid,frame6,memory,cue_peak_patch_quadrant_share,128,0.021058595266765387,0.011338636698610282,0.03278575123108794,held-out trials,percentile bootstrap (10000 draws)
vda4_crossattn1_grid2x2_seed1,2x2,4,1,invalid,frame6,memory,target_within_quadrant_peak_ratio,128,1.0,1.0,1.0,held-out trials,percentile bootstrap (10000 draws)
vda4_crossattn1_grid2x2_seed1,2x2,4,1,invalid,frame6,memory,cue_within_quadrant_peak_ratio,128,1.0,1.0,1.0,held-out trials,percentile bootstrap (10000 draws)
vda4_crossattn1_grid2x2_seed1,2x2,4,1,invalid,frame6,memory,target_minus_cue_raw_total_mass,128,0.9304836206189151,0.8993325005590649,0.9575173673535993,held-out trials,percentile bootstrap (10000 draws)
vda4_crossattn1_grid2x2_seed1,2x2,4,1,invalid,frame6,memory,target_minus_other_raw_total_mass,128,0.9357940857626705,0.9082734390005264,0.959131058478265,held-out trials,percentile bootstrap (10000 draws)
vda4_crossattn1_grid2x2_seed1,2x2,4,1,invalid,frame6,memory,target_minus_cue_raw_peak,128,0.9304836206189151,0.8993320200635051,0.9577462500626034,held-out trials,percentile bootstrap (10000 draws)
vda4_crossattn1_grid2x2_seed1,2x2,4,1,invalid,frame6,memory,target_minus_other_raw_peak,128,0.9357940857626705,0.9084300737768053,0.9596353461362425,held-out trials,percentile bootstrap (10000 draws)
vda4_crossattn1_grid2x2_seed1,2x2,4,1,invalid,frame6,memory,target_minus_cue_peak_share,128,0.932103034172449,0.9003141105095177,0.9585823979130135,held-out trials,percentile bootstrap (10000 draws)
vda4_crossattn1_grid2x2_seed1,2x2,4,1,invalid,frame6,memory,target_minus_other_peak_share,128,0.9375488392522858,0.9100774738639549,0.9608042014176634,held-out trials,percentile bootstrap (10000 draws)
vda4_crossattn1_grid2x2_seed1,2x2,4,1,invalid,frame6,memory,target_argmax_raw_total,128,0.9921875,0.9765625,1.0,held-out trials,percentile bootstrap (10000 draws)
vda4_crossattn1_grid2x2_seed1,2x2,4,1,invalid,frame6,memory,target_argmax_raw_peak,128,0.9921875,0.9765625,1.0,held-out trials,percentile bootstrap (10000 draws)
vda4_crossattn1_grid2x2_seed1,2x2,4,1,invalid,frame6,visual,source_total_share,128,0.0037061250650722855,0.0017316304345765588,0.006482837285600906,held-out trials,percentile bootstrap (10000 draws)
vda4_crossattn1_grid2x2_seed1,2x2,4,1,invalid,frame6,visual,target_raw_total_quadrant_mass,128,0.0010003127954778535,0.00042162206989897476,0.001862629024742678,held-out trials,percentile bootstrap (10000 draws)
vda4_crossattn1_grid2x2_seed1,2x2,4,1,invalid,frame6,visual,cue_raw_total_quadrant_mass,128,0.001017997999069209,0.0004197087038797065,0.0018788003113805905,held-out trials,percentile bootstrap (10000 draws)
vda4_crossattn1_grid2x2_seed1,2x2,4,1,invalid,frame6,visual,target_raw_peak_patch,128,0.0010003127954778535,0.00042059260328053405,0.001841118225547955,held-out trials,percentile bootstrap (10000 draws)
vda4_crossattn1_grid2x2_seed1,2x2,4,1,invalid,frame6,visual,cue_raw_peak_patch,128,0.001017997999069209,0.00041454437440271443,0.0018204182553743559,held-out trials,percentile bootstrap (10000 draws)
vda4_crossattn1_grid2x2_seed1,2x2,4,1,invalid,frame6,visual,target_raw_peak_patch_uniform_ratio,128,0.008002502363822828,0.0033396996563368475,0.015000539901717501,held-out trials,percentile bootstrap (10000 draws)
vda4_crossattn1_grid2x2_seed1,2x2,4,1,invalid,frame6,visual,cue_raw_peak_patch_uniform_ratio,128,0.008143983992553672,0.0032901021783320774,0.014924343401512982,held-out trials,percentile bootstrap (10000 draws)
vda4_crossattn1_grid2x2_seed1,2x2,4,1,invalid,frame6,visual,target_conditional_total_quadrant_mass,128,0.2611811838190944,0.24361246765644545,0.2787265650826392,held-out trials,percentile bootstrap (10000 draws)
vda4_crossattn1_grid2x2_seed1,2x2,4,1,invalid,frame6,visual,cue_conditional_total_quadrant_mass,128,0.2368045274708535,0.21986810298065312,0.25426214551086107,held-out trials,percentile bootstrap (10000 draws)
vda4_crossattn1_grid2x2_seed1,2x2,4,1,invalid,frame6,visual,target_conditional_peak_patch,128,0.2611811838190944,0.2437943249933774,0.27902014217895615,held-out trials,percentile bootstrap (10000 draws)
vda4_crossattn1_grid2x2_seed1,2x2,4,1,invalid,frame6,visual,cue_conditional_peak_patch,128,0.2368045274708535,0.21997404594767517,0.25446471921018965,held-out trials,percentile bootstrap (10000 draws)
vda4_crossattn1_grid2x2_seed1,2x2,4,1,invalid,frame6,visual,target_conditional_peak_patch_uniform_ratio,128,1.0447247352763775,0.9747271730069335,1.1157235089447617,held-out trials,percentile bootstrap (10000 draws)
vda4_crossattn1_grid2x2_seed1,2x2,4,1,invalid,frame6,visual,cue_conditional_peak_patch_uniform_ratio,128,0.947218109883414,0.8785427833302157,1.0164054739559254,held-out trials,percentile bootstrap (10000 draws)
vda4_crossattn1_grid2x2_seed1,2x2,4,1,invalid,frame6,visual,target_peak_patch_quadrant_share,128,0.2611811838190944,0.24341703858280628,0.27892090217312493,held-out trials,percentile bootstrap (10000 draws)
vda4_crossattn1_grid2x2_seed1,2x2,4,1,invalid,frame6,visual,cue_peak_patch_quadrant_share,128,0.2368045274708535,0.22083453171674813,0.25462317816746194,held-out trials,percentile bootstrap (10000 draws)
vda4_crossattn1_grid2x2_seed1,2x2,4,1,invalid,frame6,visual,target_within_quadrant_peak_ratio,128,1.0,1.0,1.0,held-out trials,percentile bootstrap (10000 draws)
vda4_crossattn1_grid2x2_seed1,2x2,4,1,invalid,frame6,visual,cue_within_quadrant_peak_ratio,128,1.0,1.0,1.0,held-out trials,percentile bootstrap (10000 draws)
vda4_crossattn1_grid2x2_seed1,2x2,4,1,invalid,frame6,visual,target_minus_cue_raw_total_mass,128,-1.7685203591355503e-05,-0.0002663207458918571,0.00017711390730417164,held-out trials,percentile bootstrap (10000 draws)
vda4_crossattn1_grid2x2_seed1,2x2,4,1,invalid,frame6,visual,target_minus_other_raw_total_mass,128,9.837537227970945e-05,-0.00010406042835671886,0.0003424389905664366,held-out trials,percentile bootstrap (10000 draws)
vda4_crossattn1_grid2x2_seed1,2x2,4,1,invalid,frame6,visual,target_minus_cue_raw_peak,128,-1.7685203591355503e-05,-0.0002706777468114652,0.00018280759327229387,held-out trials,percentile bootstrap (10000 draws)
vda4_crossattn1_grid2x2_seed1,2x2,4,1,invalid,frame6,visual,target_minus_other_raw_peak,128,9.837537227970945e-05,-0.00010343866252761439,0.0003506803950654132,held-out trials,percentile bootstrap (10000 draws)
vda4_crossattn1_grid2x2_seed1,2x2,4,1,invalid,frame6,visual,target_minus_cue_peak_share,128,0.024376656348240922,-0.00378659121872544,0.052555671526608706,held-out trials,percentile bootstrap (10000 draws)
vda4_crossattn1_grid2x2_seed1,2x2,4,1,invalid,frame6,visual,target_minus_other_peak_share,128,0.014908245092125877,-0.008304355992489168,0.03886703753001907,held-out trials,percentile bootstrap (10000 draws)
vda4_crossattn1_grid2x2_seed1,2x2,4,1,invalid,frame6,visual,target_argmax_raw_total,128,0.3125,0.234375,0.390625,held-out trials,percentile bootstrap (10000 draws)
vda4_crossattn1_grid2x2_seed1,2x2,4,1,invalid,frame6,visual,target_argmax_raw_peak,128,0.3125,0.234375,0.3984375,held-out trials,percentile bootstrap (10000 draws)
vda4_crossattn1_grid2x2_seed1,2x2,4,1,invalid,frames5_6_mean,memory,source_total_share,128,0.9802241374362879,0.9785152487376935,0.9816447209601471,held-out trials,percentile bootstrap (10000 draws)
vda4_crossattn1_grid2x2_seed1,2x2,4,1,invalid,frames5_6_mean,memory,target_raw_total_quadrant_mass,128,0.5990985600219574,0.5867920727665478,0.6104522091125546,held-out trials,percentile bootstrap (10000 draws)
vda4_crossattn1_grid2x2_seed1,2x2,4,1,invalid,frames5_6_mean,memory,cue_raw_total_quadrant_mass,128,0.1367881842572345,0.1278869426072184,0.14622587536031978,held-out trials,percentile bootstrap (10000 draws)
vda4_crossattn1_grid2x2_seed1,2x2,4,1,invalid,frames5_6_mean,memory,target_raw_peak_patch,128,0.5990985600219574,0.5864525628021511,0.6105588820108097,held-out trials,percentile bootstrap (10000 draws)
vda4_crossattn1_grid2x2_seed1,2x2,4,1,invalid,frames5_6_mean,memory,cue_raw_peak_patch,128,0.1367881842572345,0.12770553991980052,0.14611597600113502,held-out trials,percentile bootstrap (10000 draws)
vda4_crossattn1_grid2x2_seed1,2x2,4,1,invalid,frames5_6_mean,memory,target_raw_peak_patch_uniform_ratio,128,4.792788480175659,4.6906885454955045,4.88408580206451,held-out trials,percentile bootstrap (10000 draws)
vda4_crossattn1_grid2x2_seed1,2x2,4,1,invalid,frames5_6_mean,memory,cue_raw_peak_patch_uniform_ratio,128,1.094305474057876,1.0224342946826126,1.1699687173152795,held-out trials,percentile bootstrap (10000 draws)
vda4_crossattn1_grid2x2_seed1,2x2,4,1,invalid,frames5_6_mean,memory,target_conditional_total_quadrant_mass,128,0.6047747132546626,0.5923596816812562,0.6159905565319506,held-out trials,percentile bootstrap (10000 draws)
vda4_crossattn1_grid2x2_seed1,2x2,4,1,invalid,frames5_6_mean,memory,cue_conditional_total_quadrant_mass,128,0.1417939474021397,0.13205697006199726,0.15159145546011904,held-out trials,percentile bootstrap (10000 draws)
vda4_crossattn1_grid2x2_seed1,2x2,4,1,invalid,frames5_6_mean,memory,target_conditional_peak_patch,128,0.6047747132546626,0.5924874345802029,0.6161022027593238,held-out trials,percentile bootstrap (10000 draws)
vda4_crossattn1_grid2x2_seed1,2x2,4,1,invalid,frames5_6_mean,memory,cue_conditional_peak_patch,128,0.1417939474021397,0.13228238103556647,0.15149591677121652,held-out trials,percentile bootstrap (10000 draws)
vda4_crossattn1_grid2x2_seed1,2x2,4,1,invalid,frames5_6_mean,memory,target_conditional_peak_patch_uniform_ratio,128,2.4190988530186504,2.36993258976794,2.4638144830700175,held-out trials,percentile bootstrap (10000 draws)
vda4_crossattn1_grid2x2_seed1,2x2,4,1,invalid,frames5_6_mean,memory,cue_conditional_peak_patch_uniform_ratio,128,0.5671757896085587,0.5297223986000948,0.6076489308826549,held-out trials,percentile bootstrap (10000 draws)
vda4_crossattn1_grid2x2_seed1,2x2,4,1,invalid,frames5_6_mean,memory,target_peak_patch_quadrant_share,128,0.6047747132546626,0.5924894458534097,0.6161983418248792,held-out trials,percentile bootstrap (10000 draws)
vda4_crossattn1_grid2x2_seed1,2x2,4,1,invalid,frames5_6_mean,memory,cue_peak_patch_quadrant_share,128,0.1417939474021397,0.1325224086611795,0.15157661108798476,held-out trials,percentile bootstrap (10000 draws)
vda4_crossattn1_grid2x2_seed1,2x2,4,1,invalid,frames5_6_mean,memory,target_within_quadrant_peak_ratio,128,1.0,1.0,1.0,held-out trials,percentile bootstrap (10000 draws)
vda4_crossattn1_grid2x2_seed1,2x2,4,1,invalid,frames5_6_mean,memory,cue_within_quadrant_peak_ratio,128,1.0,1.0,1.0,held-out trials,percentile bootstrap (10000 draws)
vda4_crossattn1_grid2x2_seed1,2x2,4,1,invalid,frames5_6_mean,memory,target_minus_cue_raw_total_mass,128,0.4623103757647229,0.4428600329932726,0.48049297103535693,held-out trials,percentile bootstrap (10000 draws)
vda4_crossattn1_grid2x2_seed1,2x2,4,1,invalid,frames5_6_mean,memory,target_minus_other_raw_total_mass,128,0.4720567008838472,0.45567146392445,0.4866228838370767,held-out trials,percentile bootstrap (10000 draws)
vda4_crossattn1_grid2x2_seed1,2x2,4,1,invalid,frames5_6_mean,memory,target_minus_cue_raw_peak,128,0.4623103757647229,0.4427924747508438,0.4804689769837715,held-out trials,percentile bootstrap (10000 draws)
vda4_crossattn1_grid2x2_seed1,2x2,4,1,invalid,frames5_6_mean,memory,target_minus_other_raw_peak,128,0.4720567008838472,0.4558121725919247,0.4866085760249566,held-out trials,percentile bootstrap (10000 draws)
vda4_crossattn1_grid2x2_seed1,2x2,4,1,invalid,frames5_6_mean,memory,target_minus_cue_peak_share,128,0.462980765852523,0.4425847540162663,0.4810860212243401,held-out trials,percentile bootstrap (10000 draws)
vda4_crossattn1_grid2x2_seed1,2x2,4,1,invalid,frames5_6_mean,memory,target_minus_other_peak_share,128,0.47303295100621684,0.45666875420276043,0.48776233061609175,held-out trials,percentile bootstrap (10000 draws)
vda4_crossattn1_grid2x2_seed1,2x2,4,1,invalid,frames5_6_mean,memory,target_argmax_raw_total,128,0.9921875,0.9765625,1.0,held-out trials,percentile bootstrap (10000 draws)
vda4_crossattn1_grid2x2_seed1,2x2,4,1,invalid,frames5_6_mean,memory,target_argmax_raw_peak,128,0.9921875,0.9765625,1.0,held-out trials,percentile bootstrap (10000 draws)
vda4_crossattn1_grid2x2_seed1,2x2,4,1,invalid,frames5_6_mean,visual,source_total_share,128,0.019775864636830676,0.018396057121964904,0.02150205907848579,held-out trials,percentile bootstrap (10000 draws)
vda4_crossattn1_grid2x2_seed1,2x2,4,1,invalid,frames5_6_mean,visual,target_raw_total_quadrant_mass,128,0.005249509859841517,0.004748457730693123,0.005838460592596117,held-out trials,percentile bootstrap (10000 draws)
vda4_crossattn1_grid2x2_seed1,2x2,4,1,invalid,frames5_6_mean,visual,cue_raw_total_quadrant_mass,128,0.005128985598743974,0.004659199214424925,0.005648305240628626,held-out trials,percentile bootstrap (10000 draws)
vda4_crossattn1_grid2x2_seed1,2x2,4,1,invalid,frames5_6_mean,visual,target_raw_peak_patch,128,0.005249509859841517,0.0047552071164384865,0.0058413104791330325,held-out trials,percentile bootstrap (10000 draws)
vda4_crossattn1_grid2x2_seed1,2x2,4,1,invalid,frames5_6_mean,visual,cue_raw_peak_patch,128,0.005128985598743974,0.00467162591185597,0.005665886577098966,held-out trials,percentile bootstrap (10000 draws)
vda4_crossattn1_grid2x2_seed1,2x2,4,1,invalid,frames5_6_mean,visual,target_raw_peak_patch_uniform_ratio,128,0.041996078878732135,0.03796694098302726,0.04686216667052658,held-out trials,percentile bootstrap (10000 draws)
vda4_crossattn1_grid2x2_seed1,2x2,4,1,invalid,frames5_6_mean,visual,cue_raw_peak_patch_uniform_ratio,128,0.04103188478995179,0.03731316473748212,0.045298019662321914,held-out trials,percentile bootstrap (10000 draws)
vda4_crossattn1_grid2x2_seed1,2x2,4,1,invalid,frames5_6_mean,visual,target_conditional_total_quadrant_mass,128,0.2604069906942501,0.24635583527478752,0.2748905508195338,held-out trials,percentile bootstrap (10000 draws)
vda4_crossattn1_grid2x2_seed1,2x2,4,1,invalid,frames5_6_mean,visual,cue_conditional_total_quadrant_mass,128,0.24914657680289376,0.23463647074745486,0.26396870679790163,held-out trials,percentile bootstrap (10000 draws)
vda4_crossattn1_grid2x2_seed1,2x2,4,1,invalid,frames5_6_mean,visual,target_conditional_peak_patch,128,0.2604069906942501,0.24641033091754752,0.2751321854668704,held-out trials,percentile bootstrap (10000 draws)
vda4_crossattn1_grid2x2_seed1,2x2,4,1,invalid,frames5_6_mean,visual,cue_conditional_peak_patch,128,0.24914657680289376,0.23433457145021624,0.26422875840651117,held-out trials,percentile bootstrap (10000 draws)
vda4_crossattn1_grid2x2_seed1,2x2,4,1,invalid,frames5_6_mean,visual,target_conditional_peak_patch_uniform_ratio,128,1.0416279627770004,0.9866760565477782,1.099362201805168,held-out trials,percentile bootstrap (10000 draws)
vda4_crossattn1_grid2x2_seed1,2x2,4,1,invalid,frames5_6_mean,visual,cue_conditional_peak_patch_uniform_ratio,128,0.996586307211575,0.938074056839362,1.0550298117059966,held-out trials,percentile bootstrap (10000 draws)
vda4_crossattn1_grid2x2_seed1,2x2,4,1,invalid,frames5_6_mean,visual,target_peak_patch_quadrant_share,128,0.2604069906942501,0.24631756534473173,0.2747072843841869,held-out trials,percentile bootstrap (10000 draws)
vda4_crossattn1_grid2x2_seed1,2x2,4,1,invalid,frames5_6_mean,visual,cue_peak_patch_quadrant_share,128,0.24914657680289376,0.23446599486439196,0.2638589810981166,held-out trials,percentile bootstrap (10000 draws)
vda4_crossattn1_grid2x2_seed1,2x2,4,1,invalid,frames5_6_mean,visual,target_within_quadrant_peak_ratio,128,1.0,1.0,1.0,held-out trials,percentile bootstrap (10000 draws)
vda4_crossattn1_grid2x2_seed1,2x2,4,1,invalid,frames5_6_mean,visual,cue_within_quadrant_peak_ratio,128,1.0,1.0,1.0,held-out trials,percentile bootstrap (10000 draws)
vda4_crossattn1_grid2x2_seed1,2x2,4,1,invalid,frames5_6_mean,visual,target_minus_cue_raw_total_mass,128,0.00012052426109754322,-0.00033166705443679053,0.0005678932405133174,held-out trials,percentile bootstrap (10000 draws)
vda4_crossattn1_grid2x2_seed1,2x2,4,1,invalid,frames5_6_mean,visual,target_minus_other_raw_total_mass,128,0.0004073916008451306,5.220103332667459e-05,0.0007719117936498226,held-out trials,percentile bootstrap (10000 draws)
vda4_crossattn1_grid2x2_seed1,2x2,4,1,invalid,frames5_6_mean,visual,target_minus_cue_raw_peak,128,0.00012052426109754322,-0.0003208701482613207,0.0005625299938459616,held-out trials,percentile bootstrap (10000 draws)
vda4_crossattn1_grid2x2_seed1,2x2,4,1,invalid,frames5_6_mean,visual,target_minus_other_raw_peak,128,0.0004073916008451306,5.726505174932223e-05,0.0007762836687302967,held-out trials,percentile bootstrap (10000 draws)
vda4_crossattn1_grid2x2_seed1,2x2,4,1,invalid,frames5_6_mean,visual,target_minus_cue_peak_share,128,0.011260413891356413,-0.012680005664606614,0.03480172797457225,held-out trials,percentile bootstrap (10000 draws)
vda4_crossattn1_grid2x2_seed1,2x2,4,1,invalid,frames5_6_mean,visual,target_minus_other_peak_share,128,0.01387598759233354,-0.004503727355272171,0.03295910927781501,held-out trials,percentile bootstrap (10000 draws)
vda4_crossattn1_grid2x2_seed1,2x2,4,1,invalid,frames5_6_mean,visual,target_argmax_raw_total,128,0.296875,0.21875,0.375,held-out trials,percentile bootstrap (10000 draws)
vda4_crossattn1_grid2x2_seed1,2x2,4,1,invalid,frames5_6_mean,visual,target_argmax_raw_peak,128,0.296875,0.21875,0.375,held-out trials,percentile bootstrap (10000 draws)
vda4_crossattn1_grid2x2_seed1,2x2,4,1,valid,frame5,memory,source_total_share,128,0.9668283789069392,0.9651109067330254,0.9684935685290839,held-out trials,percentile bootstrap (10000 draws)
vda4_crossattn1_grid2x2_seed1,2x2,4,1,valid,frame5,memory,target_raw_total_quadrant_mass,128,0.2818375082570128,0.2669314100261545,0.296911323153472,held-out trials,percentile bootstrap (10000 draws)
vda4_crossattn1_grid2x2_seed1,2x2,4,1,valid,frame5,memory,cue_raw_total_quadrant_mass,128,0.2818375082570128,0.26698858493036826,0.29673247905593597,held-out trials,percentile bootstrap (10000 draws)
vda4_crossattn1_grid2x2_seed1,2x2,4,1,valid,frame5,memory,target_raw_peak_patch,128,0.2818375082570128,0.2669294538645772,0.2973893589427462,held-out trials,percentile bootstrap (10000 draws)
vda4_crossattn1_grid2x2_seed1,2x2,4,1,valid,frame5,memory,cue_raw_peak_patch,128,0.2818375082570128,0.2666916599511751,0.2968354126467602,held-out trials,percentile bootstrap (10000 draws)
vda4_crossattn1_grid2x2_seed1,2x2,4,1,valid,frame5,memory,target_raw_peak_patch_uniform_ratio,128,2.2547000660561025,2.133634059934411,2.3768704589921983,held-out trials,percentile bootstrap (10000 draws)
vda4_crossattn1_grid2x2_seed1,2x2,4,1,valid,frame5,memory,cue_raw_peak_patch_uniform_ratio,128,2.2547000660561025,2.1307274008286186,2.3770009767846205,held-out trials,percentile bootstrap (10000 draws)
vda4_crossattn1_grid2x2_seed1,2x2,4,1,valid,frame5,memory,target_conditional_total_quadrant_mass,128,0.2911847071487157,0.27596066686935533,0.30641108943641693,held-out trials,percentile bootstrap (10000 draws)
vda4_crossattn1_grid2x2_seed1,2x2,4,1,valid,frame5,memory,cue_conditional_total_quadrant_mass,128,0.2911847071487157,0.27581578373643106,0.30675719564943726,held-out trials,percentile bootstrap (10000 draws)
vda4_crossattn1_grid2x2_seed1,2x2,4,1,valid,frame5,memory,target_conditional_peak_patch,128,0.2911847071487157,0.2758606634586115,0.30648880357164776,held-out trials,percentile bootstrap (10000 draws)
vda4_crossattn1_grid2x2_seed1,2x2,4,1,valid,frame5,memory,cue_conditional_peak_patch,128,0.2911847071487157,0.275770881475298,0.3064478625867842,held-out trials,percentile bootstrap (10000 draws)
vda4_crossattn1_grid2x2_seed1,2x2,4,1,valid,frame5,memory,target_conditional_peak_patch_uniform_ratio,128,1.1647388285948628,1.1023011940704595,1.2286577421225167,held-out trials,percentile bootstrap (10000 draws)
vda4_crossattn1_grid2x2_seed1,2x2,4,1,valid,frame5,memory,cue_conditional_peak_patch_uniform_ratio,128,1.1647388285948628,1.1041185152777735,1.22497982520224,held-out trials,percentile bootstrap (10000 draws)
vda4_crossattn1_grid2x2_seed1,2x2,4,1,valid,frame5,memory,target_peak_patch_quadrant_share,128,0.2911847071487157,0.2756388502412407,0.3063195828245042,held-out trials,percentile bootstrap (10000 draws)
vda4_crossattn1_grid2x2_seed1,2x2,4,1,valid,frame5,memory,cue_peak_patch_quadrant_share,128,0.2911847071487157,0.2758968022662882,0.3065767530343186,held-out trials,percentile bootstrap (10000 draws)
vda4_crossattn1_grid2x2_seed1,2x2,4,1,valid,frame5,memory,target_within_quadrant_peak_ratio,128,1.0,1.0,1.0,held-out trials,percentile bootstrap (10000 draws)
vda4_crossattn1_grid2x2_seed1,2x2,4,1,valid,frame5,memory,cue_within_quadrant_peak_ratio,128,1.0,1.0,1.0,held-out trials,percentile bootstrap (10000 draws)
vda4_crossattn1_grid2x2_seed1,2x2,4,1,valid,frame5,memory,target_minus_cue_raw_total_mass,128,0.0,0.0,0.0,held-out trials,percentile bootstrap (10000 draws)
vda4_crossattn1_grid2x2_seed1,2x2,4,1,valid,frame5,memory,target_minus_other_raw_total_mass,128,0.0535072180403707,0.033904376589149854,0.07323800629965263,held-out trials,percentile bootstrap (10000 draws)
vda4_crossattn1_grid2x2_seed1,2x2,4,1,valid,frame5,memory,target_minus_cue_raw_peak,128,0.0,0.0,0.0,held-out trials,percentile bootstrap (10000 draws)
vda4_crossattn1_grid2x2_seed1,2x2,4,1,valid,frame5,memory,target_minus_other_raw_peak,128,0.0535072180403707,0.03313878395031983,0.07351205299200954,held-out trials,percentile bootstrap (10000 draws)
vda4_crossattn1_grid2x2_seed1,2x2,4,1,valid,frame5,memory,target_minus_cue_peak_share,128,0.0,0.0,0.0,held-out trials,percentile bootstrap (10000 draws)
vda4_crossattn1_grid2x2_seed1,2x2,4,1,valid,frame5,memory,target_minus_other_peak_share,128,0.054912942864954274,0.03448468480026807,0.0753682756600528,held-out trials,percentile bootstrap (10000 draws)
vda4_crossattn1_grid2x2_seed1,2x2,4,1,valid,frame5,memory,target_argmax_raw_total,128,0.46875,0.3828125,0.5546875,held-out trials,percentile bootstrap (10000 draws)
vda4_crossattn1_grid2x2_seed1,2x2,4,1,valid,frame5,memory,target_argmax_raw_peak,128,0.46875,0.3828125,0.5546875,held-out trials,percentile bootstrap (10000 draws)
vda4_crossattn1_grid2x2_seed1,2x2,4,1,valid,frame5,visual,source_total_share,128,0.0331716175605834,0.031479587536614416,0.03491639935637068,held-out trials,percentile bootstrap (10000 draws)
vda4_crossattn1_grid2x2_seed1,2x2,4,1,valid,frame5,visual,target_raw_total_quadrant_mass,128,0.008835259130137274,0.007949101377153055,0.009769962491009209,held-out trials,percentile bootstrap (10000 draws)
vda4_crossattn1_grid2x2_seed1,2x2,4,1,valid,frame5,visual,cue_raw_total_quadrant_mass,128,0.008835259130137274,0.007960300598233517,0.00975162870886379,held-out trials,percentile bootstrap (10000 draws)
vda4_crossattn1_grid2x2_seed1,2x2,4,1,valid,frame5,visual,target_raw_peak_patch,128,0.008835259130137274,0.007971190134458083,0.009779772992260405,held-out trials,percentile bootstrap (10000 draws)
vda4_crossattn1_grid2x2_seed1,2x2,4,1,valid,frame5,visual,cue_raw_peak_patch,128,0.008835259130137274,0.007979664538606813,0.00976734660494003,held-out trials,percentile bootstrap (10000 draws)
vda4_crossattn1_grid2x2_seed1,2x2,4,1,valid,frame5,visual,target_raw_peak_patch_uniform_ratio,128,0.07068207304109819,0.06371634959286894,0.07847537081579503,held-out trials,percentile bootstrap (10000 draws)
vda4_crossattn1_grid2x2_seed1,2x2,4,1,valid,frame5,visual,cue_raw_peak_patch_uniform_ratio,128,0.07068207304109819,0.06389091536657361,0.07813439210985962,held-out trials,percentile bootstrap (10000 draws)
vda4_crossattn1_grid2x2_seed1,2x2,4,1,valid,frame5,visual,target_conditional_total_quadrant_mass,128,0.2573094940208825,0.2418500102686823,0.2730484867401213,held-out trials,percentile bootstrap (10000 draws)
vda4_crossattn1_grid2x2_seed1,2x2,4,1,valid,frame5,visual,cue_conditional_total_quadrant_mass,128,0.2573094940208825,0.24191629137920348,0.2733326418825045,held-out trials,percentile bootstrap (10000 draws)
vda4_crossattn1_grid2x2_seed1,2x2,4,1,valid,frame5,visual,target_conditional_peak_patch,128,0.2573094940208825,0.24217640171105945,0.27336176635652315,held-out trials,percentile bootstrap (10000 draws)
vda4_crossattn1_grid2x2_seed1,2x2,4,1,valid,frame5,visual,cue_conditional_peak_patch,128,0.2573094940208825,0.24205938085866374,0.27314446176146534,held-out trials,percentile bootstrap (10000 draws)
vda4_crossattn1_grid2x2_seed1,2x2,4,1,valid,frame5,visual,target_conditional_peak_patch_uniform_ratio,128,1.02923797608353,0.9693916841604487,1.0928803008273091,held-out trials,percentile bootstrap (10000 draws)
vda4_crossattn1_grid2x2_seed1,2x2,4,1,valid,frame5,visual,cue_conditional_peak_patch_uniform_ratio,128,1.02923797608353,0.96849769900973,1.0938755209192095,held-out trials,percentile bootstrap (10000 draws)
vda4_crossattn1_grid2x2_seed1,2x2,4,1,valid,frame5,visual,target_peak_patch_quadrant_share,128,0.2573094940208825,0.24197098768991634,0.2727985396163914,held-out trials,percentile bootstrap (10000 draws)
vda4_crossattn1_grid2x2_seed1,2x2,4,1,valid,frame5,visual,cue_peak_patch_quadrant_share,128,0.2573094940208825,0.24197473751463458,0.2730763571433274,held-out trials,percentile bootstrap (10000 draws)
vda4_crossattn1_grid2x2_seed1,2x2,4,1,valid,frame5,visual,target_within_quadrant_peak_ratio,128,1.0,1.0,1.0,held-out trials,percentile bootstrap (10000 draws)
vda4_crossattn1_grid2x2_seed1,2x2,4,1,valid,frame5,visual,cue_within_quadrant_peak_ratio,128,1.0,1.0,1.0,held-out trials,percentile bootstrap (10000 draws)
vda4_crossattn1_grid2x2_seed1,2x2,4,1,valid,frame5,visual,target_minus_cue_raw_total_mass,128,0.0,0.0,0.0,held-out trials,percentile bootstrap (10000 draws)
vda4_crossattn1_grid2x2_seed1,2x2,4,1,valid,frame5,visual,target_minus_other_raw_total_mass,128,0.0007231396533218989,-7.180421524329472e-05,0.00160319380652254,held-out trials,percentile bootstrap (10000 draws)
vda4_crossattn1_grid2x2_seed1,2x2,4,1,valid,frame5,visual,target_minus_cue_raw_peak,128,0.0,0.0,0.0,held-out trials,percentile bootstrap (10000 draws)
vda4_crossattn1_grid2x2_seed1,2x2,4,1,valid,frame5,visual,target_minus_other_raw_peak,128,0.0007231396533218989,-8.283008332909944e-05,0.0016105867877589234,held-out trials,percentile bootstrap (10000 draws)
vda4_crossattn1_grid2x2_seed1,2x2,4,1,valid,frame5,visual,target_minus_cue_peak_share,128,0.0,0.0,0.0,held-out trials,percentile bootstrap (10000 draws)
vda4_crossattn1_grid2x2_seed1,2x2,4,1,valid,frame5,visual,target_minus_other_peak_share,128,0.009745992027843356,-0.010267258241269298,0.031240250008179222,held-out trials,percentile bootstrap (10000 draws)
vda4_crossattn1_grid2x2_seed1,2x2,4,1,valid,frame5,visual,target_argmax_raw_total,128,0.28125,0.203125,0.359375,held-out trials,percentile bootstrap (10000 draws)
vda4_crossattn1_grid2x2_seed1,2x2,4,1,valid,frame5,visual,target_argmax_raw_peak,128,0.28125,0.203125,0.359375,held-out trials,percentile bootstrap (10000 draws)
vda4_crossattn1_grid2x2_seed1,2x2,4,1,valid,frame6,memory,source_total_share,128,0.9994824541481164,0.9989433000536898,0.9998014227364305,held-out trials,percentile bootstrap (10000 draws)
vda4_crossattn1_grid2x2_seed1,2x2,4,1,valid,frame6,memory,target_raw_total_quadrant_mass,128,0.9845524139236659,0.9710820360342041,0.9935266254818998,held-out trials,percentile bootstrap (10000 draws)
vda4_crossattn1_grid2x2_seed1,2x2,4,1,valid,frame6,memory,cue_raw_total_quadrant_mass,128,0.9845524139236659,0.9704635644098744,0.9936555285938085,held-out trials,percentile bootstrap (10000 draws)
vda4_crossattn1_grid2x2_seed1,2x2,4,1,valid,frame6,memory,target_raw_peak_patch,128,0.9845524139236659,0.9705091167241335,0.9936266231932678,held-out trials,percentile bootstrap (10000 draws)
vda4_crossattn1_grid2x2_seed1,2x2,4,1,valid,frame6,memory,cue_raw_peak_patch,128,0.9845524139236659,0.9703898753155954,0.9936021663015708,held-out trials,percentile bootstrap (10000 draws)
vda4_crossattn1_grid2x2_seed1,2x2,4,1,valid,frame6,memory,target_raw_peak_patch_uniform_ratio,128,7.876419311389327,7.764717374416068,7.949901630170643,held-out trials,percentile bootstrap (10000 draws)
vda4_crossattn1_grid2x2_seed1,2x2,4,1,valid,frame6,memory,cue_raw_peak_patch_uniform_ratio,128,7.876419311389327,7.763282520323992,7.9490191856399175,held-out trials,percentile bootstrap (10000 draws)
vda4_crossattn1_grid2x2_seed1,2x2,4,1,valid,frame6,memory,target_conditional_total_quadrant_mass,128,0.9848836099527887,0.9707635050254376,0.9938842282299585,held-out trials,percentile bootstrap (10000 draws)
vda4_crossattn1_grid2x2_seed1,2x2,4,1,valid,frame6,memory,cue_conditional_total_quadrant_mass,128,0.9848836099527887,0.9704835207356182,0.9937463576219728,held-out trials,percentile bootstrap (10000 draws)
vda4_crossattn1_grid2x2_seed1,2x2,4,1,valid,frame6,memory,target_conditional_peak_patch,128,0.9848836099527887,0.9705503033731386,0.9939229734167166,held-out trials,percentile bootstrap (10000 draws)
vda4_crossattn1_grid2x2_seed1,2x2,4,1,valid,frame6,memory,cue_conditional_peak_patch,128,0.9848836099527887,0.971250374276802,0.9938732019786047,held-out trials,percentile bootstrap (10000 draws)
vda4_crossattn1_grid2x2_seed1,2x2,4,1,valid,frame6,memory,target_conditional_peak_patch_uniform_ratio,128,3.9395344398111547,3.8846390580467403,3.9757019314404274,held-out trials,percentile bootstrap (10000 draws)
vda4_crossattn1_grid2x2_seed1,2x2,4,1,valid,frame6,memory,cue_conditional_peak_patch_uniform_ratio,128,3.9395344398111547,3.8843097501271924,3.975677136417813,held-out trials,percentile bootstrap (10000 draws)
vda4_crossattn1_grid2x2_seed1,2x2,4,1,valid,frame6,memory,target_peak_patch_quadrant_share,128,0.9848836099527887,0.97065659480914,0.9938214375976201,held-out trials,percentile bootstrap (10000 draws)
vda4_crossattn1_grid2x2_seed1,2x2,4,1,valid,frame6,memory,cue_peak_patch_quadrant_share,128,0.9848836099527887,0.9707364683609913,0.9938608398547281,held-out trials,percentile bootstrap (10000 draws)
vda4_crossattn1_grid2x2_seed1,2x2,4,1,valid,frame6,memory,target_within_quadrant_peak_ratio,128,1.0,1.0,1.0,held-out trials,percentile bootstrap (10000 draws)
vda4_crossattn1_grid2x2_seed1,2x2,4,1,valid,frame6,memory,cue_within_quadrant_peak_ratio,128,1.0,1.0,1.0,held-out trials,percentile bootstrap (10000 draws)
vda4_crossattn1_grid2x2_seed1,2x2,4,1,valid,frame6,memory,target_minus_cue_raw_total_mass,128,0.0,0.0,0.0,held-out trials,percentile bootstrap (10000 draws)
vda4_crossattn1_grid2x2_seed1,2x2,4,1,valid,frame6,memory,target_minus_other_raw_total_mass,128,0.9795757338488491,0.9602155128942214,0.9916326437468858,held-out trials,percentile bootstrap (10000 draws)
vda4_crossattn1_grid2x2_seed1,2x2,4,1,valid,frame6,memory,target_minus_cue_raw_peak,128,0.0,0.0,0.0,held-out trials,percentile bootstrap (10000 draws)
vda4_crossattn1_grid2x2_seed1,2x2,4,1,valid,frame6,memory,target_minus_other_raw_peak,128,0.9795757338488491,0.9606676574041378,0.9916905654616127,held-out trials,percentile bootstrap (10000 draws)
vda4_crossattn1_grid2x2_seed1,2x2,4,1,valid,frame6,memory,target_minus_cue_peak_share,128,0.0,0.0,0.0,held-out trials,percentile bootstrap (10000 draws)
vda4_crossattn1_grid2x2_seed1,2x2,4,1,valid,frame6,memory,target_minus_other_peak_share,128,0.9798448132703849,0.9610190760160706,0.9918256607860815,held-out trials,percentile bootstrap (10000 draws)
vda4_crossattn1_grid2x2_seed1,2x2,4,1,valid,frame6,memory,target_argmax_raw_total,128,0.9921875,0.9765625,1.0,held-out trials,percentile bootstrap (10000 draws)
vda4_crossattn1_grid2x2_seed1,2x2,4,1,valid,frame6,memory,target_argmax_raw_peak,128,0.9921875,0.9765625,1.0,held-out trials,percentile bootstrap (10000 draws)
vda4_crossattn1_grid2x2_seed1,2x2,4,1,valid,frame6,visual,source_total_share,128,0.0005175402345893865,0.00020297122586755977,0.0010607879669897787,held-out trials,percentile bootstrap (10000 draws)
vda4_crossattn1_grid2x2_seed1,2x2,4,1,valid,frame6,visual,target_raw_total_quadrant_mass,128,0.00013367446410872397,4.655525828697882e-05,0.00028391480956452823,held-out trials,percentile bootstrap (10000 draws)
vda4_crossattn1_grid2x2_seed1,2x2,4,1,valid,frame6,visual,cue_raw_total_quadrant_mass,128,0.00013367446410872397,4.670288186913729e-05,0.00028617055225692024,held-out trials,percentile bootstrap (10000 draws)
vda4_crossattn1_grid2x2_seed1,2x2,4,1,valid,frame6,visual,target_raw_peak_patch,128,0.00013367446410872397,4.704091742044336e-05,0.00028524320075811734,held-out trials,percentile bootstrap (10000 draws)
vda4_crossattn1_grid2x2_seed1,2x2,4,1,valid,frame6,visual,cue_raw_peak_patch,128,0.00013367446410872397,4.682439725893217e-05,0.00028689791442070283,held-out trials,percentile bootstrap (10000 draws)
vda4_crossattn1_grid2x2_seed1,2x2,4,1,valid,frame6,visual,target_raw_peak_patch_uniform_ratio,128,0.0010693957128697917,0.0003728029184168147,0.00229709119203374,held-out trials,percentile bootstrap (10000 draws)
vda4_crossattn1_grid2x2_seed1,2x2,4,1,valid,frame6,visual,cue_raw_peak_patch_uniform_ratio,128,0.0010693957128697917,0.0003774246986390839,0.002296612057844926,held-out trials,percentile bootstrap (10000 draws)
vda4_crossattn1_grid2x2_seed1,2x2,4,1,valid,frame6,visual,target_conditional_total_quadrant_mass,128,0.23383518520026197,0.21821080118320238,0.25039040848833705,held-out trials,percentile bootstrap (10000 draws)
vda4_crossattn1_grid2x2_seed1,2x2,4,1,valid,frame6,visual,cue_conditional_total_quadrant_mass,128,0.23383518520026197,0.21809851340948963,0.24986574752753185,held-out trials,percentile bootstrap (10000 draws)
vda4_crossattn1_grid2x2_seed1,2x2,4,1,valid,frame6,visual,target_conditional_peak_patch,128,0.23383518520026197,0.2184063747527995,0.25044069980192163,held-out trials,percentile bootstrap (10000 draws)
vda4_crossattn1_grid2x2_seed1,2x2,4,1,valid,frame6,visual,cue_conditional_peak_patch,128,0.23383518520026197,0.2181425042185712,0.2500966171572983,held-out trials,percentile bootstrap (10000 draws)
vda4_crossattn1_grid2x2_seed1,2x2,4,1,valid,frame6,visual,target_conditional_peak_patch_uniform_ratio,128,0.9353407408010479,0.8737208086381203,0.9992368234290921,held-out trials,percentile bootstrap (10000 draws)
vda4_crossattn1_grid2x2_seed1,2x2,4,1,valid,frame6,visual,cue_conditional_peak_patch_uniform_ratio,128,0.9353407408010479,0.8728287192167787,1.0004268853800324,held-out trials,percentile bootstrap (10000 draws)
vda4_crossattn1_grid2x2_seed1,2x2,4,1,valid,frame6,visual,target_peak_patch_quadrant_share,128,0.23383518520026197,0.2179951019398778,0.2502143671400463,held-out trials,percentile bootstrap (10000 draws)
vda4_crossattn1_grid2x2_seed1,2x2,4,1,valid,frame6,visual,cue_peak_patch_quadrant_share,128,0.23383518520026197,0.21762291478129928,0.2505439186569896,held-out trials,percentile bootstrap (10000 draws)
vda4_crossattn1_grid2x2_seed1,2x2,4,1,valid,frame6,visual,target_within_quadrant_peak_ratio,128,1.0,1.0,1.0,held-out trials,percentile bootstrap (10000 draws)
vda4_crossattn1_grid2x2_seed1,2x2,4,1,valid,frame6,visual,cue_within_quadrant_peak_ratio,128,1.0,1.0,1.0,held-out trials,percentile bootstrap (10000 draws)
vda4_crossattn1_grid2x2_seed1,2x2,4,1,valid,frame6,visual,target_minus_cue_raw_total_mass,128,0.0,0.0,0.0,held-out trials,percentile bootstrap (10000 draws)
vda4_crossattn1_grid2x2_seed1,2x2,4,1,valid,frame6,visual,target_minus_other_raw_total_mass,128,5.719207281836468e-06,-1.5897125574626527e-05,3.6503555192316877e-05,held-out trials,percentile bootstrap (10000 draws)
vda4_crossattn1_grid2x2_seed1,2x2,4,1,valid,frame6,visual,target_minus_cue_raw_peak,128,0.0,0.0,0.0,held-out trials,percentile bootstrap (10000 draws)
vda4_crossattn1_grid2x2_seed1,2x2,4,1,valid,frame6,visual,target_minus_other_raw_peak,128,5.719207281836468e-06,-1.5918994858932223e-05,3.670111973555857e-05,held-out trials,percentile bootstrap (10000 draws)
vda4_crossattn1_grid2x2_seed1,2x2,4,1,valid,frame6,visual,target_minus_cue_peak_share,128,0.0,0.0,0.0,held-out trials,percentile bootstrap (10000 draws)
vda4_crossattn1_grid2x2_seed1,2x2,4,1,valid,frame6,visual,target_minus_other_peak_share,128,-0.02155308639965068,-0.042311220668838155,-8.701172517826996e-06,held-out trials,percentile bootstrap (10000 draws)
vda4_crossattn1_grid2x2_seed1,2x2,4,1,valid,frame6,visual,target_argmax_raw_total,128,0.203125,0.1328125,0.2734375,held-out trials,percentile bootstrap (10000 draws)
vda4_crossattn1_grid2x2_seed1,2x2,4,1,valid,frame6,visual,target_argmax_raw_peak,128,0.203125,0.140625,0.2734375,held-out trials,percentile bootstrap (10000 draws)
vda4_crossattn1_grid2x2_seed1,2x2,4,1,valid,frames5_6_mean,memory,source_total_share,128,0.9831554165275278,0.9822577284621762,0.984019389249835,held-out trials,percentile bootstrap (10000 draws)
vda4_crossattn1_grid2x2_seed1,2x2,4,1,valid,frames5_6_mean,memory,target_raw_total_quadrant_mass,128,0.6331949610903393,0.621800417634222,0.6431105413066689,held-out trials,percentile bootstrap (10000 draws)
vda4_crossattn1_grid2x2_seed1,2x2,4,1,valid,frames5_6_mean,memory,cue_raw_total_quadrant_mass,128,0.6331949610903393,0.6222329579824872,0.6430557434949151,held-out trials,percentile bootstrap (10000 draws)
vda4_crossattn1_grid2x2_seed1,2x2,4,1,valid,frames5_6_mean,memory,target_raw_peak_patch,128,0.6331949610903393,0.6217716129009204,0.6430051928531612,held-out trials,percentile bootstrap (10000 draws)
vda4_crossattn1_grid2x2_seed1,2x2,4,1,valid,frames5_6_mean,memory,cue_raw_peak_patch,128,0.6331949610903393,0.6219429791126458,0.6430891240233905,held-out trials,percentile bootstrap (10000 draws)
vda4_crossattn1_grid2x2_seed1,2x2,4,1,valid,frames5_6_mean,memory,target_raw_peak_patch_uniform_ratio,128,5.065559688722715,4.976369373942726,5.144542257714784,held-out trials,percentile bootstrap (10000 draws)
vda4_crossattn1_grid2x2_seed1,2x2,4,1,valid,frames5_6_mean,memory,cue_raw_peak_patch_uniform_ratio,128,5.065559688722715,4.976947823661613,5.144586299377261,held-out trials,percentile bootstrap (10000 draws)
vda4_crossattn1_grid2x2_seed1,2x2,4,1,valid,frames5_6_mean,memory,target_conditional_total_quadrant_mass,128,0.6380341585507522,0.6267077019506244,0.6478839703063733,held-out trials,percentile bootstrap (10000 draws)
vda4_crossattn1_grid2x2_seed1,2x2,4,1,valid,frames5_6_mean,memory,cue_conditional_total_quadrant_mass,128,0.6380341585507522,0.6265243699139884,0.647941494776473,held-out trials,percentile bootstrap (10000 draws)
vda4_crossattn1_grid2x2_seed1,2x2,4,1,valid,frames5_6_mean,memory,target_conditional_peak_patch,128,0.6380341585507522,0.6269038555434624,0.6480115009454928,held-out trials,percentile bootstrap (10000 draws)
vda4_crossattn1_grid2x2_seed1,2x2,4,1,valid,frames5_6_mean,memory,cue_conditional_peak_patch,128,0.6380341585507522,0.626930529938091,0.6479639355060612,held-out trials,percentile bootstrap (10000 draws)
vda4_crossattn1_grid2x2_seed1,2x2,4,1,valid,frames5_6_mean,memory,target_conditional_peak_patch_uniform_ratio,128,2.5521366342030087,2.507223674703277,2.5909992630763923,held-out trials,percentile bootstrap (10000 draws)
vda4_crossattn1_grid2x2_seed1,2x2,4,1,valid,frames5_6_mean,memory,cue_conditional_peak_patch_uniform_ratio,128,2.5521366342030087,2.508001968723274,2.5917206073602217,held-out trials,percentile bootstrap (10000 draws)
vda4_crossattn1_grid2x2_seed1,2x2,4,1,valid,frames5_6_mean,memory,target_peak_patch_quadrant_share,128,0.6380341585507522,0.6268466342367888,0.6482660714825959,held-out trials,percentile bootstrap (10000 draws)
vda4_crossattn1_grid2x2_seed1,2x2,4,1,valid,frames5_6_mean,memory,cue_peak_patch_quadrant_share,128,0.6380341585507522,0.6268502010325742,0.6478251504919806,held-out trials,percentile bootstrap (10000 draws)
vda4_crossattn1_grid2x2_seed1,2x2,4,1,valid,frames5_6_mean,memory,target_within_quadrant_peak_ratio,128,1.0,1.0,1.0,held-out trials,percentile bootstrap (10000 draws)
vda4_crossattn1_grid2x2_seed1,2x2,4,1,valid,frames5_6_mean,memory,cue_within_quadrant_peak_ratio,128,1.0,1.0,1.0,held-out trials,percentile bootstrap (10000 draws)
vda4_crossattn1_grid2x2_seed1,2x2,4,1,valid,frames5_6_mean,memory,target_minus_cue_raw_total_mass,128,0.0,0.0,0.0,held-out trials,percentile bootstrap (10000 draws)
vda4_crossattn1_grid2x2_seed1,2x2,4,1,valid,frames5_6_mean,memory,target_minus_other_raw_total_mass,128,0.5165414759446099,0.5019954220811149,0.5295667807782566,held-out trials,percentile bootstrap (10000 draws)
vda4_crossattn1_grid2x2_seed1,2x2,4,1,valid,frames5_6_mean,memory,target_minus_cue_raw_peak,128,0.0,0.0,0.0,held-out trials,percentile bootstrap (10000 draws)
vda4_crossattn1_grid2x2_seed1,2x2,4,1,valid,frames5_6_mean,memory,target_minus_other_raw_peak,128,0.5165414759446099,0.5019557364101975,0.5298314835260123,held-out trials,percentile bootstrap (10000 draws)
vda4_crossattn1_grid2x2_seed1,2x2,4,1,valid,frames5_6_mean,memory,target_minus_cue_peak_share,128,0.0,0.0,0.0,held-out trials,percentile bootstrap (10000 draws)
vda4_crossattn1_grid2x2_seed1,2x2,4,1,valid,frames5_6_mean,memory,target_minus_other_peak_share,128,0.5173788780676696,0.5023389271381014,0.5305774127638585,held-out trials,percentile bootstrap (10000 draws)
vda4_crossattn1_grid2x2_seed1,2x2,4,1,valid,frames5_6_mean,memory,target_argmax_raw_total,128,0.9921875,0.9765625,1.0,held-out trials,percentile bootstrap (10000 draws)
vda4_crossattn1_grid2x2_seed1,2x2,4,1,valid,frames5_6_mean,memory,target_argmax_raw_peak,128,0.9921875,0.9765625,1.0,held-out trials,percentile bootstrap (10000 draws)
vda4_crossattn1_grid2x2_seed1,2x2,4,1,valid,frames5_6_mean,visual,source_total_share,128,0.016844578897586393,0.016010462114675272,0.01774877110639725,held-out trials,percentile bootstrap (10000 draws)
vda4_crossattn1_grid2x2_seed1,2x2,4,1,valid,frames5_6_mean,visual,target_raw_total_quadrant_mass,128,0.004484466797122999,0.004042011061868675,0.004963718368358233,held-out trials,percentile bootstrap (10000 draws)
vda4_crossattn1_grid2x2_seed1,2x2,4,1,valid,frames5_6_mean,visual,cue_raw_total_quadrant_mass,128,0.004484466797122999,0.004036388518864437,0.004973640039131399,held-out trials,percentile bootstrap (10000 draws)
vda4_crossattn1_grid2x2_seed1,2x2,4,1,valid,frames5_6_mean,visual,target_raw_peak_patch,128,0.004484466797122999,0.004033810715964486,0.004970335949916621,held-out trials,percentile bootstrap (10000 draws)
vda4_crossattn1_grid2x2_seed1,2x2,4,1,valid,frames5_6_mean,visual,cue_raw_peak_patch,128,0.004484466797122999,0.004048110210333636,0.004966689820932374,held-out trials,percentile bootstrap (10000 draws)
vda4_crossattn1_grid2x2_seed1,2x2,4,1,valid,frames5_6_mean,visual,target_raw_peak_patch_uniform_ratio,128,0.03587573437698399,0.03231373810619094,0.0397494002690677,held-out trials,percentile bootstrap (10000 draws)
vda4_crossattn1_grid2x2_seed1,2x2,4,1,valid,frames5_6_mean,visual,cue_raw_peak_patch_uniform_ratio,128,0.03587573437698399,0.032315333419311476,0.03969546839753948,held-out trials,percentile bootstrap (10000 draws)
vda4_crossattn1_grid2x2_seed1,2x2,4,1,valid,frames5_6_mean,visual,target_conditional_total_quadrant_mass,128,0.24557233961057223,0.2312774682106682,0.26039892819363597,held-out trials,percentile bootstrap (10000 draws)
vda4_crossattn1_grid2x2_seed1,2x2,4,1,valid,frames5_6_mean,visual,cue_conditional_total_quadrant_mass,128,0.24557233961057223,0.23148466330141695,0.2598981816802527,held-out trials,percentile bootstrap (10000 draws)
vda4_crossattn1_grid2x2_seed1,2x2,4,1,valid,frames5_6_mean,visual,target_conditional_peak_patch,128,0.24557233961057223,0.231510336651256,0.2603390554179424,held-out trials,percentile bootstrap (10000 draws)
vda4_crossattn1_grid2x2_seed1,2x2,4,1,valid,frames5_6_mean,visual,cue_conditional_peak_patch,128,0.24557233961057223,0.23141855936614422,0.2603529646206887,held-out trials,percentile bootstrap (10000 draws)
vda4_crossattn1_grid2x2_seed1,2x2,4,1,valid,frames5_6_mean,visual,target_conditional_peak_patch_uniform_ratio,128,0.9822893584422889,0.9270695487105917,1.0426565583819538,held-out trials,percentile bootstrap (10000 draws)
vda4_crossattn1_grid2x2_seed1,2x2,4,1,valid,frames5_6_mean,visual,cue_conditional_peak_patch_uniform_ratio,128,0.9822893584422889,0.924778182468742,1.0409425338450375,held-out trials,percentile bootstrap (10000 draws)
vda4_crossattn1_grid2x2_seed1,2x2,4,1,valid,frames5_6_mean,visual,target_peak_patch_quadrant_share,128,0.24557233961057223,0.2318166569127398,0.26019036224487924,held-out trials,percentile bootstrap (10000 draws)
vda4_crossattn1_grid2x2_seed1,2x2,4,1,valid,frames5_6_mean,visual,cue_peak_patch_quadrant_share,128,0.24557233961057223,0.23141893724742763,0.26002106346917014,held-out trials,percentile bootstrap (10000 draws)
vda4_crossattn1_grid2x2_seed1,2x2,4,1,valid,frames5_6_mean,visual,target_within_quadrant_peak_ratio,128,1.0,1.0,1.0,held-out trials,percentile bootstrap (10000 draws)
vda4_crossattn1_grid2x2_seed1,2x2,4,1,valid,frames5_6_mean,visual,cue_within_quadrant_peak_ratio,128,1.0,1.0,1.0,held-out trials,percentile bootstrap (10000 draws)
vda4_crossattn1_grid2x2_seed1,2x2,4,1,valid,frames5_6_mean,visual,target_minus_cue_raw_total_mass,128,0.0,0.0,0.0,held-out trials,percentile bootstrap (10000 draws)
vda4_crossattn1_grid2x2_seed1,2x2,4,1,valid,frames5_6_mean,visual,target_minus_other_raw_total_mass,128,0.00036442943030186775,-4.6867410292404215e-05,0.0008086958428964256,held-out trials,percentile bootstrap (10000 draws)
vda4_crossattn1_grid2x2_seed1,2x2,4,1,valid,frames5_6_mean,visual,target_minus_cue_raw_peak,128,0.0,0.0,0.0,held-out trials,percentile bootstrap (10000 draws)
vda4_crossattn1_grid2x2_seed1,2x2,4,1,valid,frames5_6_mean,visual,target_minus_other_raw_peak,128,0.00036442943030186775,-3.9181065204715864e-05,0.0008150198523174413,held-out trials,percentile bootstrap (10000 draws)
vda4_crossattn1_grid2x2_seed1,2x2,4,1,valid,frames5_6_mean,visual,target_minus_cue_peak_share,128,0.0,0.0,0.0,held-out trials,percentile bootstrap (10000 draws)
vda4_crossattn1_grid2x2_seed1,2x2,4,1,valid,frames5_6_mean,visual,target_minus_other_peak_share,128,-0.00590354718590365,-0.024997703566657592,0.013199737147045093,held-out trials,percentile bootstrap (10000 draws)
vda4_crossattn1_grid2x2_seed1,2x2,4,1,valid,frames5_6_mean,visual,target_argmax_raw_total,128,0.28125,0.203125,0.359375,held-out trials,percentile bootstrap (10000 draws)
vda4_crossattn1_grid2x2_seed1,2x2,4,1,valid,frames5_6_mean,visual,target_argmax_raw_peak,128,0.28125,0.203125,0.359375,held-out trials,percentile bootstrap (10000 draws)
vda4_crossattn1_grid4x4_seed0,4x4,16,0,invalid,frame5,memory,source_total_share,128,0.939425436554302,0.9375208876686884,0.94131868041095,held-out trials,percentile bootstrap (10000 draws)
vda4_crossattn1_grid4x4_seed0,4x4,16,0,invalid,frame5,memory,target_raw_total_quadrant_mass,128,0.17004336210811744,0.16242461584624834,0.17790140743745722,held-out trials,percentile bootstrap (10000 draws)
vda4_crossattn1_grid4x4_seed0,4x4,16,0,invalid,frame5,memory,cue_raw_total_quadrant_mass,128,0.42934529745252803,0.41409751077371765,0.44441624454266276,held-out trials,percentile bootstrap (10000 draws)
vda4_crossattn1_grid4x4_seed0,4x4,16,0,invalid,frame5,memory,target_raw_peak_patch,128,0.0599063144181855,0.056130526532797376,0.06395267386105842,held-out trials,percentile bootstrap (10000 draws)
vda4_crossattn1_grid4x4_seed0,4x4,16,0,invalid,frame5,memory,cue_raw_peak_patch,128,0.18405335873831064,0.17011171499179908,0.19839137562230463,held-out trials,percentile bootstrap (10000 draws)
vda4_crossattn1_grid4x4_seed0,4x4,16,0,invalid,frame5,memory,target_raw_peak_patch_uniform_ratio,128,1.917002061381936,1.7960771767655388,2.043068727129139,held-out trials,percentile bootstrap (10000 draws)
vda4_crossattn1_grid4x4_seed0,4x4,16,0,invalid,frame5,memory,cue_raw_peak_patch_uniform_ratio,128,5.88970747962594,5.451543230516836,6.363157019997016,held-out trials,percentile bootstrap (10000 draws)
vda4_crossattn1_grid4x4_seed0,4x4,16,0,invalid,frame5,memory,target_conditional_total_quadrant_mass,128,0.18091279621367357,0.17304947693342873,0.18910855518658254,held-out trials,percentile bootstrap (10000 draws)
vda4_crossattn1_grid4x4_seed0,4x4,16,0,invalid,frame5,memory,cue_conditional_total_quadrant_mass,128,0.45679655709276634,0.4413514225168141,0.47276715068832864,held-out trials,percentile bootstrap (10000 draws)
vda4_crossattn1_grid4x4_seed0,4x4,16,0,invalid,frame5,memory,target_conditional_peak_patch,128,0.06373310859744227,0.059696866024035185,0.06794453791398468,held-out trials,percentile bootstrap (10000 draws)
vda4_crossattn1_grid4x4_seed0,4x4,16,0,invalid,frame5,memory,cue_conditional_peak_patch,128,0.19591108797959988,0.1809492927797893,0.21120436307223325,held-out trials,percentile bootstrap (10000 draws)
vda4_crossattn1_grid4x4_seed0,4x4,16,0,invalid,frame5,memory,target_conditional_peak_patch_uniform_ratio,128,1.0197297375590764,0.9548243202680508,1.0874894861542228,held-out trials,percentile bootstrap (10000 draws)
vda4_crossattn1_grid4x4_seed0,4x4,16,0,invalid,frame5,memory,cue_conditional_peak_patch_uniform_ratio,128,3.134577407673598,2.8911972309356195,3.3783084651051434,held-out trials,percentile bootstrap (10000 draws)
vda4_crossattn1_grid4x4_seed0,4x4,16,0,invalid,frame5,memory,target_peak_patch_quadrant_share,128,0.1726042009871605,0.1605642885737208,0.18535086039075077,held-out trials,percentile bootstrap (10000 draws)
vda4_crossattn1_grid4x4_seed0,4x4,16,0,invalid,frame5,memory,cue_peak_patch_quadrant_share,128,0.494627373079949,0.4707204630531688,0.5183318847863839,held-out trials,percentile bootstrap (10000 draws)
vda4_crossattn1_grid4x4_seed0,4x4,16,0,invalid,frame5,memory,target_within_quadrant_peak_ratio,128,1.3843028656726717,1.3474763412419364,1.4227794588859428,held-out trials,percentile bootstrap (10000 draws)
vda4_crossattn1_grid4x4_seed0,4x4,16,0,invalid,frame5,memory,cue_within_quadrant_peak_ratio,128,1.66951854529707,1.5821192583084707,1.7605171348151814,held-out trials,percentile bootstrap (10000 draws)
vda4_crossattn1_grid4x4_seed0,4x4,16,0,invalid,frame5,memory,target_minus_cue_raw_total_mass,128,-0.2593019353444106,-0.2790584977416074,-0.23932597053590146,held-out trials,percentile bootstrap (10000 draws)
vda4_crossattn1_grid4x4_seed0,4x4,16,0,invalid,frame5,memory,target_minus_other_raw_total_mass,128,-0.08641732937394409,-0.0963865891393046,-0.07614505016760328,held-out trials,percentile bootstrap (10000 draws)
vda4_crossattn1_grid4x4_seed0,4x4,16,0,invalid,frame5,memory,target_minus_cue_raw_peak,128,-0.12414704432012513,-0.1407818680127093,-0.10851325084076963,held-out trials,percentile bootstrap (10000 draws)
vda4_crossattn1_grid4x4_seed0,4x4,16,0,invalid,frame5,memory,target_minus_other_raw_peak,128,-0.03999743504876581,-0.04688277967397881,-0.03293703697915286,held-out trials,percentile bootstrap (10000 draws)
vda4_crossattn1_grid4x4_seed0,4x4,16,0,invalid,frame5,memory,target_minus_cue_peak_share,128,-0.3220231720927885,-0.3561267249370892,-0.2888419147012354,held-out trials,percentile bootstrap (10000 draws)
vda4_crossattn1_grid4x4_seed0,4x4,16,0,invalid,frame5,memory,target_minus_other_peak_share,128,-0.10319439868378597,-0.11920144800101262,-0.0859456996132576,held-out trials,percentile bootstrap (10000 draws)
vda4_crossattn1_grid4x4_seed0,4x4,16,0,invalid,frame5,memory,target_argmax_raw_total,128,0.0078125,0.0,0.0234375,held-out trials,percentile bootstrap (10000 draws)
vda4_crossattn1_grid4x4_seed0,4x4,16,0,invalid,frame5,memory,target_argmax_raw_peak,128,0.0390625,0.0078125,0.078125,held-out trials,percentile bootstrap (10000 draws)
vda4_crossattn1_grid4x4_seed0,4x4,16,0,invalid,frame5,visual,source_total_share,128,0.06057456242024273,0.05863805953640622,0.062482271963835954,held-out trials,percentile bootstrap (10000 draws)
vda4_crossattn1_grid4x4_seed0,4x4,16,0,invalid,frame5,visual,target_raw_total_quadrant_mass,128,0.014842597421193204,0.013767041223934484,0.015940013910028483,held-out trials,percentile bootstrap (10000 draws)
vda4_crossattn1_grid4x4_seed0,4x4,16,0,invalid,frame5,visual,cue_raw_total_quadrant_mass,128,0.015704217331403925,0.014594615048281412,0.016855075643229613,held-out trials,percentile bootstrap (10000 draws)
vda4_crossattn1_grid4x4_seed0,4x4,16,0,invalid,frame5,visual,target_raw_peak_patch,128,0.007098810088791652,0.006323589987096057,0.00790252521196635,held-out trials,percentile bootstrap (10000 draws)
vda4_crossattn1_grid4x4_seed0,4x4,16,0,invalid,frame5,visual,cue_raw_peak_patch,128,0.007382584195511299,0.0066478439845013785,0.008146289883779901,held-out trials,percentile bootstrap (10000 draws)
vda4_crossattn1_grid4x4_seed0,4x4,16,0,invalid,frame5,visual,target_raw_peak_patch_uniform_ratio,128,0.22716192284133285,0.2028243101463886,0.252721616521012,held-out trials,percentile bootstrap (10000 draws)
vda4_crossattn1_grid4x4_seed0,4x4,16,0,invalid,frame5,visual,cue_raw_peak_patch_uniform_ratio,128,0.23624269425636157,0.21257340923766604,0.26112920371233483,held-out trials,percentile bootstrap (10000 draws)
vda4_crossattn1_grid4x4_seed0,4x4,16,0,invalid,frame5,visual,target_conditional_total_quadrant_mass,128,0.24405903154955652,0.2291307032643288,0.25932639868368645,held-out trials,percentile bootstrap (10000 draws)
vda4_crossattn1_grid4x4_seed0,4x4,16,0,invalid,frame5,visual,cue_conditional_total_quadrant_mass,128,0.2634612738535296,0.2447984373204319,0.28218580163045914,held-out trials,percentile bootstrap (10000 draws)
vda4_crossattn1_grid4x4_seed0,4x4,16,0,invalid,frame5,visual,target_conditional_peak_patch,128,0.11463297944360168,0.10393233073886157,0.1256654162244557,held-out trials,percentile bootstrap (10000 draws)
vda4_crossattn1_grid4x4_seed0,4x4,16,0,invalid,frame5,visual,cue_conditional_peak_patch,128,0.12312000398857778,0.11108841292774077,0.13531675792438935,held-out trials,percentile bootstrap (10000 draws)
vda4_crossattn1_grid4x4_seed0,4x4,16,0,invalid,frame5,visual,target_conditional_peak_patch_uniform_ratio,128,1.8341276710976269,1.6643293707608782,2.01376163447024,held-out trials,percentile bootstrap (10000 draws)
vda4_crossattn1_grid4x4_seed0,4x4,16,0,invalid,frame5,visual,cue_conditional_peak_patch_uniform_ratio,128,1.9699200638172445,1.7801585040990349,2.169866293616248,held-out trials,percentile bootstrap (10000 draws)
vda4_crossattn1_grid4x4_seed0,4x4,16,0,invalid,frame5,visual,target_peak_patch_quadrant_share,128,0.2509071193980972,0.22979692013747258,0.2727602340763597,held-out trials,percentile bootstrap (10000 draws)
vda4_crossattn1_grid4x4_seed0,4x4,16,0,invalid,frame5,visual,cue_peak_patch_quadrant_share,128,0.268802821483274,0.24506806004508408,0.2934596818417978,held-out trials,percentile bootstrap (10000 draws)
vda4_crossattn1_grid4x4_seed0,4x4,16,0,invalid,frame5,visual,target_within_quadrant_peak_ratio,128,1.7967509910153234,1.7263121952826699,1.8689021332251612,held-out trials,percentile bootstrap (10000 draws)
vda4_crossattn1_grid4x4_seed0,4x4,16,0,invalid,frame5,visual,cue_within_quadrant_peak_ratio,128,1.788116654249476,1.727704074541511,1.8484454976633082,held-out trials,percentile bootstrap (10000 draws)
vda4_crossattn1_grid4x4_seed0,4x4,16,0,invalid,frame5,visual,target_minus_cue_raw_total_mass,128,-0.0008616199102107203,-0.002618049351394802,0.0008769815138975898,held-out trials,percentile bootstrap (10000 draws)
vda4_crossattn1_grid4x4_seed0,4x4,16,0,invalid,frame5,visual,target_minus_other_raw_total_mass,128,-0.0004013909118233037,-0.0016594593642253132,0.0008728999089081898,held-out trials,percentile bootstrap (10000 draws)
vda4_crossattn1_grid4x4_seed0,4x4,16,0,invalid,frame5,visual,target_minus_cue_raw_peak,128,-0.00028377410671964753,-0.001456469076219946,0.0009212272143486187,held-out trials,percentile bootstrap (10000 draws)
vda4_crossattn1_grid4x4_seed0,4x4,16,0,invalid,frame5,visual,target_minus_other_raw_peak,128,0.00020976341177932536,-0.0006625347954468453,0.0011174134883579728,held-out trials,percentile bootstrap (10000 draws)
vda4_crossattn1_grid4x4_seed0,4x4,16,0,invalid,frame5,visual,target_minus_cue_peak_share,128,-0.01789570208517681,-0.05702322510319162,0.02139282386678418,held-out trials,percentile bootstrap (10000 draws)
vda4_crossattn1_grid4x4_seed0,4x4,16,0,invalid,frame5,visual,target_minus_other_peak_share,128,0.0012094925307962441,-0.027047589435488843,0.030837055276635533,held-out trials,percentile bootstrap (10000 draws)
vda4_crossattn1_grid4x4_seed0,4x4,16,0,invalid,frame5,visual,target_argmax_raw_total,128,0.2890625,0.2109375,0.3671875,held-out trials,percentile bootstrap (10000 draws)
vda4_crossattn1_grid4x4_seed0,4x4,16,0,invalid,frame5,visual,target_argmax_raw_peak,128,0.2421875,0.171875,0.3203125,held-out trials,percentile bootstrap (10000 draws)
vda4_crossattn1_grid4x4_seed0,4x4,16,0,invalid,frame6,memory,source_total_share,128,0.9688208301522536,0.9668924302855885,0.9706990771823257,held-out trials,percentile bootstrap (10000 draws)
vda4_crossattn1_grid4x4_seed0,4x4,16,0,invalid,frame6,memory,target_raw_total_quadrant_mass,128,0.5117621069730376,0.48995670255499135,0.533533297784561,held-out trials,percentile bootstrap (10000 draws)
vda4_crossattn1_grid4x4_seed0,4x4,16,0,invalid,frame6,memory,cue_raw_total_quadrant_mass,128,0.2619386177830165,0.24580166232590273,0.2786649667737947,held-out trials,percentile bootstrap (10000 draws)
vda4_crossattn1_grid4x4_seed0,4x4,16,0,invalid,frame6,memory,target_raw_peak_patch,128,0.25046108855167404,0.235947875448619,0.2656364485213999,held-out trials,percentile bootstrap (10000 draws)
vda4_crossattn1_grid4x4_seed0,4x4,16,0,invalid,frame6,memory,cue_raw_peak_patch,128,0.1197861891851062,0.1088588127418916,0.13137239238822077,held-out trials,percentile bootstrap (10000 draws)
vda4_crossattn1_grid4x4_seed0,4x4,16,0,invalid,frame6,memory,target_raw_peak_patch_uniform_ratio,128,8.01475483365357,7.544879406085238,8.487825658172369,held-out trials,percentile bootstrap (10000 draws)
vda4_crossattn1_grid4x4_seed0,4x4,16,0,invalid,frame6,memory,cue_raw_peak_patch_uniform_ratio,128,3.8331580539233983,3.4760940388543533,4.20198373744497,held-out trials,percentile bootstrap (10000 draws)
vda4_crossattn1_grid4x4_seed0,4x4,16,0,invalid,frame6,memory,target_conditional_total_quadrant_mass,128,0.5273997269500629,0.5050408072312754,0.5488067080655357,held-out trials,percentile bootstrap (10000 draws)
vda4_crossattn1_grid4x4_seed0,4x4,16,0,invalid,frame6,memory,cue_conditional_total_quadrant_mass,128,0.2706625542523274,0.2537268276218455,0.28775192567157215,held-out trials,percentile bootstrap (10000 draws)
vda4_crossattn1_grid4x4_seed0,4x4,16,0,invalid,frame6,memory,target_conditional_peak_patch,128,0.2580635129656516,0.2430449532771531,0.27339739880233266,held-out trials,percentile bootstrap (10000 draws)
vda4_crossattn1_grid4x4_seed0,4x4,16,0,invalid,frame6,memory,cue_conditional_peak_patch,128,0.12375373422134411,0.11241293717265063,0.13567496435014662,held-out trials,percentile bootstrap (10000 draws)
vda4_crossattn1_grid4x4_seed0,4x4,16,0,invalid,frame6,memory,target_conditional_peak_patch_uniform_ratio,128,4.129016207450426,3.8918533431429063,4.36957472771025,held-out trials,percentile bootstrap (10000 draws)
vda4_crossattn1_grid4x4_seed0,4x4,16,0,invalid,frame6,memory,cue_conditional_peak_patch_uniform_ratio,128,1.9800597475415058,1.796083254194222,2.1702125384011395,held-out trials,percentile bootstrap (10000 draws)
vda4_crossattn1_grid4x4_seed0,4x4,16,0,invalid,frame6,memory,target_peak_patch_quadrant_share,128,0.5654949964103761,0.5389818905167612,0.5904091800528938,held-out trials,percentile bootstrap (10000 draws)
vda4_crossattn1_grid4x4_seed0,4x4,16,0,invalid,frame6,memory,cue_peak_patch_quadrant_share,128,0.27012969384863333,0.24905407448358438,0.2925707288784785,held-out trials,percentile bootstrap (10000 draws)
vda4_crossattn1_grid4x4_seed0,4x4,16,0,invalid,frame6,memory,target_within_quadrant_peak_ratio,128,1.9358998517678931,1.869482587490638,2.0049585120612328,held-out trials,percentile bootstrap (10000 draws)
vda4_crossattn1_grid4x4_seed0,4x4,16,0,invalid,frame6,memory,cue_within_quadrant_peak_ratio,128,1.785532195701574,1.6910867257222675,1.8802826890885491,held-out trials,percentile bootstrap (10000 draws)
vda4_crossattn1_grid4x4_seed0,4x4,16,0,invalid,frame6,memory,target_minus_cue_raw_total_mass,128,0.24982348919002106,0.21317752845807264,0.28548462310536704,held-out trials,percentile bootstrap (10000 draws)
vda4_crossattn1_grid4x4_seed0,4x4,16,0,invalid,frame6,memory,target_minus_other_raw_total_mass,128,0.3594091992466323,0.3303141768561242,0.3875211122866555,held-out trials,percentile bootstrap (10000 draws)
vda4_crossattn1_grid4x4_seed0,4x4,16,0,invalid,frame6,memory,target_minus_cue_raw_peak,128,0.13067489936656784,0.10849459031305742,0.15190037962784117,held-out trials,percentile bootstrap (10000 draws)
vda4_crossattn1_grid4x4_seed0,4x4,16,0,invalid,frame6,memory,target_minus_other_raw_peak,128,0.1874754879245302,0.16982605389124122,0.20480416872621088,held-out trials,percentile bootstrap (10000 draws)
vda4_crossattn1_grid4x4_seed0,4x4,16,0,invalid,frame6,memory,target_minus_cue_peak_share,128,0.29536530256174276,0.24797281242143193,0.34042274752727353,held-out trials,percentile bootstrap (10000 draws)
vda4_crossattn1_grid4x4_seed0,4x4,16,0,invalid,frame6,memory,target_minus_other_peak_share,128,0.42065999521383485,0.3857979984426524,0.4545177423771293,held-out trials,percentile bootstrap (10000 draws)
vda4_crossattn1_grid4x4_seed0,4x4,16,0,invalid,frame6,memory,target_argmax_raw_total,128,0.875,0.8125,0.9296875,held-out trials,percentile bootstrap (10000 draws)
vda4_crossattn1_grid4x4_seed0,4x4,16,0,invalid,frame6,memory,target_argmax_raw_peak,128,0.859375,0.796875,0.9140625,held-out trials,percentile bootstrap (10000 draws)
vda4_crossattn1_grid4x4_seed0,4x4,16,0,invalid,frame6,visual,source_total_share,128,0.031179168756125364,0.029269156617979776,0.033131859842492874,held-out trials,percentile bootstrap (10000 draws)
vda4_crossattn1_grid4x4_seed0,4x4,16,0,invalid,frame6,visual,target_raw_total_quadrant_mass,128,0.007523195280441541,0.006773770886090347,0.008310396177179769,held-out trials,percentile bootstrap (10000 draws)
vda4_crossattn1_grid4x4_seed0,4x4,16,0,invalid,frame6,visual,cue_raw_total_quadrant_mass,128,0.008191041324494108,0.00732641479734184,0.009076586661655029,held-out trials,percentile bootstrap (10000 draws)
vda4_crossattn1_grid4x4_seed0,4x4,16,0,invalid,frame6,visual,target_raw_peak_patch,128,0.003799173637162312,0.0032836887065286645,0.004360527852759333,held-out trials,percentile bootstrap (10000 draws)
vda4_crossattn1_grid4x4_seed0,4x4,16,0,invalid,frame6,visual,cue_raw_peak_patch,128,0.004195401206743554,0.003636694364547566,0.004793313232823948,held-out trials,percentile bootstrap (10000 draws)
vda4_crossattn1_grid4x4_seed0,4x4,16,0,invalid,frame6,visual,target_raw_peak_patch_uniform_ratio,128,0.12157355638919398,0.10471761771041202,0.1394974027927674,held-out trials,percentile bootstrap (10000 draws)
vda4_crossattn1_grid4x4_seed0,4x4,16,0,invalid,frame6,visual,cue_raw_peak_patch_uniform_ratio,128,0.13425283861579373,0.116370117176848,0.1532485248004377,held-out trials,percentile bootstrap (10000 draws)
vda4_crossattn1_grid4x4_seed0,4x4,16,0,invalid,frame6,visual,target_conditional_total_quadrant_mass,128,0.2433426228191597,0.22578772781525386,0.26213391728178154,held-out trials,percentile bootstrap (10000 draws)
vda4_crossattn1_grid4x4_seed0,4x4,16,0,invalid,frame6,visual,cue_conditional_total_quadrant_mass,128,0.2619276188242183,0.23888038827684424,0.28498679158990825,held-out trials,percentile bootstrap (10000 draws)
vda4_crossattn1_grid4x4_seed0,4x4,16,0,invalid,frame6,visual,target_conditional_peak_patch,128,0.11980982991090447,0.10702436299103803,0.13386807990785263,held-out trials,percentile bootstrap (10000 draws)
vda4_crossattn1_grid4x4_seed0,4x4,16,0,invalid,frame6,visual,cue_conditional_peak_patch,128,0.13275877519987808,0.11697632451253646,0.14933267694768645,held-out trials,percentile bootstrap (10000 draws)
vda4_crossattn1_grid4x4_seed0,4x4,16,0,invalid,frame6,visual,target_conditional_peak_patch_uniform_ratio,128,1.9169572785744715,1.7133982334144906,2.1399408645694704,held-out trials,percentile bootstrap (10000 draws)
vda4_crossattn1_grid4x4_seed0,4x4,16,0,invalid,frame6,visual,cue_conditional_peak_patch_uniform_ratio,128,2.1241404031980493,1.8731277215508986,2.388513162425509,held-out trials,percentile bootstrap (10000 draws)
vda4_crossattn1_grid4x4_seed0,4x4,16,0,invalid,frame6,visual,target_peak_patch_quadrant_share,128,0.24474843101481186,0.2210353367566717,0.2701717918889717,held-out trials,percentile bootstrap (10000 draws)
vda4_crossattn1_grid4x4_seed0,4x4,16,0,invalid,frame6,visual,cue_peak_patch_quadrant_share,128,0.26862878944834173,0.23995833086417834,0.29914214389178273,held-out trials,percentile bootstrap (10000 draws)
vda4_crossattn1_grid4x4_seed0,4x4,16,0,invalid,frame6,visual,target_within_quadrant_peak_ratio,128,1.8556445614173716,1.7825054813045604,1.9339964808893215,held-out trials,percentile bootstrap (10000 draws)
vda4_crossattn1_grid4x4_seed0,4x4,16,0,invalid,frame6,visual,cue_within_quadrant_peak_ratio,128,1.9001035043148473,1.8287400620048166,1.9720108877605078,held-out trials,percentile bootstrap (10000 draws)
vda4_crossattn1_grid4x4_seed0,4x4,16,0,invalid,frame6,visual,target_minus_cue_raw_total_mass,128,-0.0006678460440525669,-0.0018147168676733827,0.0004752841968183928,held-out trials,percentile bootstrap (10000 draws)
vda4_crossattn1_grid4x4_seed0,4x4,16,0,invalid,frame6,visual,target_minus_other_raw_total_mass,128,-0.00036212921145306625,-0.0012063640073478156,0.0005174393020449006,held-out trials,percentile bootstrap (10000 draws)
vda4_crossattn1_grid4x4_seed0,4x4,16,0,invalid,frame6,visual,target_minus_cue_raw_peak,128,-0.0003962275695812423,-0.0012212148333333062,0.00042638807248067634,held-out trials,percentile bootstrap (10000 draws)
vda4_crossattn1_grid4x4_seed0,4x4,16,0,invalid,frame6,visual,target_minus_other_raw_peak,128,-6.47208732213282e-05,-0.000671407471073356,0.000593093577788295,held-out trials,percentile bootstrap (10000 draws)
vda4_crossattn1_grid4x4_seed0,4x4,16,0,invalid,frame6,visual,target_minus_cue_peak_share,128,-0.02388035843352987,-0.07015662558175177,0.021736125323045485,held-out trials,percentile bootstrap (10000 draws)
vda4_crossattn1_grid4x4_seed0,4x4,16,0,invalid,frame6,visual,target_minus_other_peak_share,128,-0.007002091980250823,-0.039350657175887475,0.027287722455215397,held-out trials,percentile bootstrap (10000 draws)
vda4_crossattn1_grid4x4_seed0,4x4,16,0,invalid,frame6,visual,target_argmax_raw_total,128,0.21875,0.1484375,0.2890625,held-out trials,percentile bootstrap (10000 draws)
vda4_crossattn1_grid4x4_seed0,4x4,16,0,invalid,frame6,visual,target_argmax_raw_peak,128,0.2265625,0.15625,0.296875,held-out trials,percentile bootstrap (10000 draws)
vda4_crossattn1_grid4x4_seed0,4x4,16,0,invalid,frames5_6_mean,memory,source_total_share,128,0.9541231333532778,0.9524702757026716,0.9557862900055625,held-out trials,percentile bootstrap (10000 draws)
vda4_crossattn1_grid4x4_seed0,4x4,16,0,invalid,frames5_6_mean,memory,target_raw_total_quadrant_mass,128,0.3409027345405775,0.32769145674683386,0.35417670559345427,held-out trials,percentile bootstrap (10000 draws)
vda4_crossattn1_grid4x4_seed0,4x4,16,0,invalid,frames5_6_mean,memory,cue_raw_total_quadrant_mass,128,0.3456419576177723,0.3313090772326177,0.3599625327016838,held-out trials,percentile bootstrap (10000 draws)
vda4_crossattn1_grid4x4_seed0,4x4,16,0,invalid,frames5_6_mean,memory,target_raw_peak_patch,128,0.15518370148492977,0.14697124103040551,0.16359340398121275,held-out trials,percentile bootstrap (10000 draws)
vda4_crossattn1_grid4x4_seed0,4x4,16,0,invalid,frames5_6_mean,memory,cue_raw_peak_patch,128,0.15191977396170842,0.14042721164150862,0.1639868965412461,held-out trials,percentile bootstrap (10000 draws)
vda4_crossattn1_grid4x4_seed0,4x4,16,0,invalid,frames5_6_mean,memory,target_raw_peak_patch_uniform_ratio,128,4.965878447517753,4.713606687251013,5.22031648394186,held-out trials,percentile bootstrap (10000 draws)
vda4_crossattn1_grid4x4_seed0,4x4,16,0,invalid,frames5_6_mean,memory,cue_raw_peak_patch_uniform_ratio,128,4.861432766774669,4.496876364568015,5.24491811793996,held-out trials,percentile bootstrap (10000 draws)
vda4_crossattn1_grid4x4_seed0,4x4,16,0,invalid,frames5_6_mean,memory,target_conditional_total_quadrant_mass,128,0.35415626158186825,0.3405495894566868,0.3675658877883075,held-out trials,percentile bootstrap (10000 draws)
vda4_crossattn1_grid4x4_seed0,4x4,16,0,invalid,frames5_6_mean,memory,cue_conditional_total_quadrant_mass,128,0.36372955567254683,0.3491588765943175,0.37828848176326973,held-out trials,percentile bootstrap (10000 draws)
vda4_crossattn1_grid4x4_seed0,4x4,16,0,invalid,frames5_6_mean,memory,target_conditional_peak_patch,128,0.16089831078154693,0.15245049494099022,0.1692293180891108,held-out trials,percentile bootstrap (10000 draws)
vda4_crossattn1_grid4x4_seed0,4x4,16,0,invalid,frames5_6_mean,memory,cue_conditional_peak_patch,128,0.159832411100472,0.14795238779493836,0.17225344424468214,held-out trials,percentile bootstrap (10000 draws)
vda4_crossattn1_grid4x4_seed0,4x4,16,0,invalid,frames5_6_mean,memory,target_conditional_peak_patch_uniform_ratio,128,2.574372972504751,2.439465830996798,2.70930757439107,held-out trials,percentile bootstrap (10000 draws)
vda4_crossattn1_grid4x4_seed0,4x4,16,0,invalid,frames5_6_mean,memory,cue_conditional_peak_patch_uniform_ratio,128,2.557318577607552,2.3627661657084933,2.751799828044664,held-out trials,percentile bootstrap (10000 draws)
vda4_crossattn1_grid4x4_seed0,4x4,16,0,invalid,frames5_6_mean,memory,target_peak_patch_quadrant_share,128,0.3690495986987683,0.3520234892777488,0.38537556067854917,held-out trials,percentile bootstrap (10000 draws)
vda4_crossattn1_grid4x4_seed0,4x4,16,0,invalid,frames5_6_mean,memory,cue_peak_patch_quadrant_share,128,0.3823785334642912,0.3617207547529653,0.40308838055822965,held-out trials,percentile bootstrap (10000 draws)
vda4_crossattn1_grid4x4_seed0,4x4,16,0,invalid,frames5_6_mean,memory,target_within_quadrant_peak_ratio,128,1.6601013587202824,1.6219471686005245,1.6990585820652537,held-out trials,percentile bootstrap (10000 draws)
vda4_crossattn1_grid4x4_seed0,4x4,16,0,invalid,frames5_6_mean,memory,cue_within_quadrant_peak_ratio,128,1.7275253704993219,1.6382346903138252,1.8193540201843554,held-out trials,percentile bootstrap (10000 draws)
vda4_crossattn1_grid4x4_seed0,4x4,16,0,invalid,frames5_6_mean,memory,target_minus_cue_raw_total_mass,128,-0.004739223077194765,-0.02876674168728641,0.01993213445075524,held-out trials,percentile bootstrap (10000 draws)
vda4_crossattn1_grid4x4_seed0,4x4,16,0,invalid,frames5_6_mean,memory,target_minus_other_raw_total_mass,128,0.13649593493634407,0.11934218848061086,0.1536788719452943,held-out trials,percentile bootstrap (10000 draws)
vda4_crossattn1_grid4x4_seed0,4x4,16,0,invalid,frames5_6_mean,memory,target_minus_cue_raw_peak,128,0.003263927523221355,-0.012775246002820494,0.0187846784836438,held-out trials,percentile bootstrap (10000 draws)
vda4_crossattn1_grid4x4_seed0,4x4,16,0,invalid,frames5_6_mean,memory,target_minus_other_raw_peak,128,0.07373902643788217,0.0634318719378219,0.08389743018324225,held-out trials,percentile bootstrap (10000 draws)
vda4_crossattn1_grid4x4_seed0,4x4,16,0,invalid,frames5_6_mean,memory,target_minus_cue_peak_share,128,-0.013328934765522854,-0.047499430465616006,0.021217309639119514,held-out trials,percentile bootstrap (10000 draws)
vda4_crossattn1_grid4x4_seed0,4x4,16,0,invalid,frames5_6_mean,memory,target_minus_other_peak_share,128,0.15873279826502443,0.13668001944293456,0.18099575868151763,held-out trials,percentile bootstrap (10000 draws)
vda4_crossattn1_grid4x4_seed0,4x4,16,0,invalid,frames5_6_mean,memory,target_argmax_raw_total,128,0.5234375,0.4375,0.609375,held-out trials,percentile bootstrap (10000 draws)
vda4_crossattn1_grid4x4_seed0,4x4,16,0,invalid,frames5_6_mean,memory,target_argmax_raw_peak,128,0.515625,0.4296875,0.6015625,held-out trials,percentile bootstrap (10000 draws)
vda4_crossattn1_grid4x4_seed0,4x4,16,0,invalid,frames5_6_mean,visual,source_total_share,128,0.045876865588184046,0.04419060173772778,0.0475746544090299,held-out trials,percentile bootstrap (10000 draws)
vda4_crossattn1_grid4x4_seed0,4x4,16,0,invalid,frames5_6_mean,visual,target_raw_total_quadrant_mass,128,0.011182896350817373,0.010319586246409074,0.012106764799493418,held-out trials,percentile bootstrap (10000 draws)
vda4_crossattn1_grid4x4_seed0,4x4,16,0,invalid,frames5_6_mean,visual,cue_raw_total_quadrant_mass,128,0.011947629327949016,0.010985083966795628,0.012933599074646905,held-out trials,percentile bootstrap (10000 draws)
vda4_crossattn1_grid4x4_seed0,4x4,16,0,invalid,frames5_6_mean,visual,target_raw_peak_patch,128,0.005448991862976982,0.004838299928997003,0.006083383897237127,held-out trials,percentile bootstrap (10000 draws)
vda4_crossattn1_grid4x4_seed0,4x4,16,0,invalid,frames5_6_mean,visual,cue_raw_peak_patch,128,0.005788992701127427,0.005160231299134921,0.006462937884521125,held-out trials,percentile bootstrap (10000 draws)
vda4_crossattn1_grid4x4_seed0,4x4,16,0,invalid,frames5_6_mean,visual,target_raw_peak_patch_uniform_ratio,128,0.17436773961526342,0.1547510912307189,0.19530101332602498,held-out trials,percentile bootstrap (10000 draws)
vda4_crossattn1_grid4x4_seed0,4x4,16,0,invalid,frames5_6_mean,visual,cue_raw_peak_patch_uniform_ratio,128,0.18524776643607765,0.16523794444819942,0.20664881872617116,held-out trials,percentile bootstrap (10000 draws)
vda4_crossattn1_grid4x4_seed0,4x4,16,0,invalid,frames5_6_mean,visual,target_conditional_total_quadrant_mass,128,0.2437008271843581,0.22763545567224844,0.260345394578827,held-out trials,percentile bootstrap (10000 draws)
vda4_crossattn1_grid4x4_seed0,4x4,16,0,invalid,frames5_6_mean,visual,cue_conditional_total_quadrant_mass,128,0.26269444633887395,0.2428760946593678,0.2837111818307248,held-out trials,percentile bootstrap (10000 draws)
vda4_crossattn1_grid4x4_seed0,4x4,16,0,invalid,frames5_6_mean,visual,target_conditional_peak_patch,128,0.11722140467725309,0.10584840307746167,0.12955500920486343,held-out trials,percentile bootstrap (10000 draws)
vda4_crossattn1_grid4x4_seed0,4x4,16,0,invalid,frames5_6_mean,visual,cue_conditional_peak_patch,128,0.12793938959422793,0.11447463402662521,0.1424704428086509,held-out trials,percentile bootstrap (10000 draws)
vda4_crossattn1_grid4x4_seed0,4x4,16,0,invalid,frames5_6_mean,visual,target_conditional_peak_patch_uniform_ratio,128,1.8755424748360494,1.6943223592255567,2.0680712470845677,held-out trials,percentile bootstrap (10000 draws)
vda4_crossattn1_grid4x4_seed0,4x4,16,0,invalid,frames5_6_mean,visual,cue_conditional_peak_patch_uniform_ratio,128,2.047030233507647,1.8350051713212912,2.2718411708059776,held-out trials,percentile bootstrap (10000 draws)
vda4_crossattn1_grid4x4_seed0,4x4,16,0,invalid,frames5_6_mean,visual,target_peak_patch_quadrant_share,128,0.24782777520645455,0.2262633345247901,0.27065091853087603,held-out trials,percentile bootstrap (10000 draws)
vda4_crossattn1_grid4x4_seed0,4x4,16,0,invalid,frames5_6_mean,visual,cue_peak_patch_quadrant_share,128,0.26871580546580787,0.24309386680746084,0.29560447636884585,held-out trials,percentile bootstrap (10000 draws)
vda4_crossattn1_grid4x4_seed0,4x4,16,0,invalid,frames5_6_mean,visual,target_within_quadrant_peak_ratio,128,1.8261977762163475,1.7581758347790675,1.895635478035474,held-out trials,percentile bootstrap (10000 draws)
vda4_crossattn1_grid4x4_seed0,4x4,16,0,invalid,frames5_6_mean,visual,cue_within_quadrant_peak_ratio,128,1.8441100792821619,1.782426450414383,1.9054522372559655,held-out trials,percentile bootstrap (10000 draws)
vda4_crossattn1_grid4x4_seed0,4x4,16,0,invalid,frames5_6_mean,visual,target_minus_cue_raw_total_mass,128,-0.0007647329771316436,-0.0021991356143971075,0.0006441166696902201,held-out trials,percentile bootstrap (10000 draws)
vda4_crossattn1_grid4x4_seed0,4x4,16,0,invalid,frames5_6_mean,visual,target_minus_other_raw_total_mass,128,-0.00038176006163818466,-0.0013985657926298245,0.0006685368065111177,held-out trials,percentile bootstrap (10000 draws)
vda4_crossattn1_grid4x4_seed0,4x4,16,0,invalid,frames5_6_mean,visual,target_minus_cue_raw_peak,128,-0.0003400008381504449,-0.0013123472848633356,0.0006483073761216918,held-out trials,percentile bootstrap (10000 draws)
vda4_crossattn1_grid4x4_seed0,4x4,16,0,invalid,frames5_6_mean,visual,target_minus_other_raw_peak,128,7.252126927899855e-05,-0.0006357023577569028,0.0008189620092840257,held-out trials,percentile bootstrap (10000 draws)
vda4_crossattn1_grid4x4_seed0,4x4,16,0,invalid,frames5_6_mean,visual,target_minus_cue_peak_share,128,-0.020888030259353343,-0.06349736028962359,0.020219819257536537,held-out trials,percentile bootstrap (10000 draws)
vda4_crossattn1_grid4x4_seed0,4x4,16,0,invalid,frames5_6_mean,visual,target_minus_other_peak_share,128,-0.002896299724727291,-0.03243181772024551,0.028723766588671897,held-out trials,percentile bootstrap (10000 draws)
vda4_crossattn1_grid4x4_seed0,4x4,16,0,invalid,frames5_6_mean,visual,target_argmax_raw_total,128,0.25,0.1796875,0.328125,held-out trials,percentile bootstrap (10000 draws)
vda4_crossattn1_grid4x4_seed0,4x4,16,0,invalid,frames5_6_mean,visual,target_argmax_raw_peak,128,0.2421875,0.171875,0.3203125,held-out trials,percentile bootstrap (10000 draws)
vda4_crossattn1_grid4x4_seed0,4x4,16,0,valid,frame5,memory,source_total_share,128,0.9396398040626082,0.9378117393069261,0.9414172273054646,held-out trials,percentile bootstrap (10000 draws)
vda4_crossattn1_grid4x4_seed0,4x4,16,0,valid,frame5,memory,target_raw_total_quadrant_mass,128,0.43903374136425555,0.42446772784642234,0.45371725527475065,held-out trials,percentile bootstrap (10000 draws)
vda4_crossattn1_grid4x4_seed0,4x4,16,0,valid,frame5,memory,cue_raw_total_quadrant_mass,128,0.43903374136425555,0.4244708088110201,0.4533992826130998,held-out trials,percentile bootstrap (10000 draws)
vda4_crossattn1_grid4x4_seed0,4x4,16,0,valid,frame5,memory,target_raw_peak_patch,128,0.1837320578051731,0.1702241441467777,0.19763889849709812,held-out trials,percentile bootstrap (10000 draws)
vda4_crossattn1_grid4x4_seed0,4x4,16,0,valid,frame5,memory,cue_raw_peak_patch,128,0.1837320578051731,0.17016838386189193,0.1977937639094307,held-out trials,percentile bootstrap (10000 draws)
vda4_crossattn1_grid4x4_seed0,4x4,16,0,valid,frame5,memory,target_raw_peak_patch_uniform_ratio,128,5.879425849765539,5.450751515803859,6.336388604110106,held-out trials,percentile bootstrap (10000 draws)
vda4_crossattn1_grid4x4_seed0,4x4,16,0,valid,frame5,memory,cue_raw_peak_patch_uniform_ratio,128,5.879425849765539,5.4578427141997965,6.327300411276519,held-out trials,percentile bootstrap (10000 draws)
vda4_crossattn1_grid4x4_seed0,4x4,16,0,valid,frame5,memory,target_conditional_total_quadrant_mass,128,0.4668636429036725,0.4515801834691101,0.4821320147607108,held-out trials,percentile bootstrap (10000 draws)
vda4_crossattn1_grid4x4_seed0,4x4,16,0,valid,frame5,memory,cue_conditional_total_quadrant_mass,128,0.4668636429036725,0.45189109884709167,0.482031627633164,held-out trials,percentile bootstrap (10000 draws)
vda4_crossattn1_grid4x4_seed0,4x4,16,0,valid,frame5,memory,target_conditional_peak_patch,128,0.19519846853348888,0.1813820533622941,0.21049244000017467,held-out trials,percentile bootstrap (10000 draws)
vda4_crossattn1_grid4x4_seed0,4x4,16,0,valid,frame5,memory,cue_conditional_peak_patch,128,0.19519846853348888,0.18112544641523834,0.21009529256041037,held-out trials,percentile bootstrap (10000 draws)
vda4_crossattn1_grid4x4_seed0,4x4,16,0,valid,frame5,memory,target_conditional_peak_patch_uniform_ratio,128,3.123175496535822,2.895570274094552,3.3566066840778284,held-out trials,percentile bootstrap (10000 draws)
vda4_crossattn1_grid4x4_seed0,4x4,16,0,valid,frame5,memory,cue_conditional_peak_patch_uniform_ratio,128,3.123175496535822,2.9010237059326953,3.3582207701770406,held-out trials,percentile bootstrap (10000 draws)
vda4_crossattn1_grid4x4_seed0,4x4,16,0,valid,frame5,memory,target_peak_patch_quadrant_share,128,0.4989032268911033,0.47582104620289334,0.5228699291215739,held-out trials,percentile bootstrap (10000 draws)
vda4_crossattn1_grid4x4_seed0,4x4,16,0,valid,frame5,memory,cue_peak_patch_quadrant_share,128,0.4989032268911033,0.4751141323250354,0.52282437569258,held-out trials,percentile bootstrap (10000 draws)
vda4_crossattn1_grid4x4_seed0,4x4,16,0,valid,frame5,memory,target_within_quadrant_peak_ratio,128,1.626646186125007,1.5453911728676004,1.7102405846678177,held-out trials,percentile bootstrap (10000 draws)
vda4_crossattn1_grid4x4_seed0,4x4,16,0,valid,frame5,memory,cue_within_quadrant_peak_ratio,128,1.626646186125007,1.5474029280853767,1.711100949386621,held-out trials,percentile bootstrap (10000 draws)
vda4_crossattn1_grid4x4_seed0,4x4,16,0,valid,frame5,memory,target_minus_cue_raw_total_mass,128,0.0,0.0,0.0,held-out trials,percentile bootstrap (10000 draws)
vda4_crossattn1_grid4x4_seed0,4x4,16,0,valid,frame5,memory,target_minus_other_raw_total_mass,128,0.272165053798138,0.2525600632819987,0.2918867255171183,held-out trials,percentile bootstrap (10000 draws)
vda4_crossattn1_grid4x4_seed0,4x4,16,0,valid,frame5,memory,target_minus_cue_raw_peak,128,0.0,0.0,0.0,held-out trials,percentile bootstrap (10000 draws)
vda4_crossattn1_grid4x4_seed0,4x4,16,0,valid,frame5,memory,target_minus_other_raw_peak,128,0.12624276124794656,0.11129157390460023,0.14187530207479232,held-out trials,percentile bootstrap (10000 draws)
vda4_crossattn1_grid4x4_seed0,4x4,16,0,valid,frame5,memory,target_minus_cue_peak_share,128,0.0,0.0,0.0,held-out trials,percentile bootstrap (10000 draws)
vda4_crossattn1_grid4x4_seed0,4x4,16,0,valid,frame5,memory,target_minus_other_peak_share,128,0.3318709691881377,0.30058369284313413,0.3630207119540624,held-out trials,percentile bootstrap (10000 draws)
vda4_crossattn1_grid4x4_seed0,4x4,16,0,valid,frame5,memory,target_argmax_raw_total,128,0.984375,0.9609375,1.0,held-out trials,percentile bootstrap (10000 draws)
vda4_crossattn1_grid4x4_seed0,4x4,16,0,valid,frame5,memory,target_argmax_raw_peak,128,0.9140625,0.859375,0.9609375,held-out trials,percentile bootstrap (10000 draws)
vda4_crossattn1_grid4x4_seed0,4x4,16,0,valid,frame5,visual,source_total_share,128,0.060360195266184746,0.05855245875121682,0.06216247254876635,held-out trials,percentile bootstrap (10000 draws)
vda4_crossattn1_grid4x4_seed0,4x4,16,0,valid,frame5,visual,target_raw_total_quadrant_mass,128,0.01600762526049948,0.014755329058027655,0.017303125441878817,held-out trials,percentile bootstrap (10000 draws)
vda4_crossattn1_grid4x4_seed0,4x4,16,0,valid,frame5,visual,cue_raw_total_quadrant_mass,128,0.01600762526049948,0.014761053219160658,0.01729999246274474,held-out trials,percentile bootstrap (10000 draws)
vda4_crossattn1_grid4x4_seed0,4x4,16,0,valid,frame5,visual,target_raw_peak_patch,128,0.007576352520118235,0.006796420671844316,0.008420571101441964,held-out trials,percentile bootstrap (10000 draws)
vda4_crossattn1_grid4x4_seed0,4x4,16,0,valid,frame5,visual,cue_raw_peak_patch,128,0.007576352520118235,0.006770078232193555,0.008418245866596407,held-out trials,percentile bootstrap (10000 draws)
vda4_crossattn1_grid4x4_seed0,4x4,16,0,valid,frame5,visual,target_raw_peak_patch_uniform_ratio,128,0.2424432806437835,0.2173260288516758,0.26946324321470455,held-out trials,percentile bootstrap (10000 draws)
vda4_crossattn1_grid4x4_seed0,4x4,16,0,valid,frame5,visual,cue_raw_peak_patch_uniform_ratio,128,0.2424432806437835,0.21679166366666322,0.269089671895199,held-out trials,percentile bootstrap (10000 draws)
vda4_crossattn1_grid4x4_seed0,4x4,16,0,valid,frame5,visual,target_conditional_total_quadrant_mass,128,0.26293211752536993,0.24499460636878032,0.2812088886279967,held-out trials,percentile bootstrap (10000 draws)
vda4_crossattn1_grid4x4_seed0,4x4,16,0,valid,frame5,visual,cue_conditional_total_quadrant_mass,128,0.26293211752536993,0.2446193331065363,0.28130629094359727,held-out trials,percentile bootstrap (10000 draws)
vda4_crossattn1_grid4x4_seed0,4x4,16,0,valid,frame5,visual,target_conditional_peak_patch,128,0.12328478332777654,0.11158591128884997,0.13575067829778928,held-out trials,percentile bootstrap (10000 draws)
vda4_crossattn1_grid4x4_seed0,4x4,16,0,valid,frame5,visual,cue_conditional_peak_patch,128,0.12328478332777654,0.11141004815476038,0.13552792684123263,held-out trials,percentile bootstrap (10000 draws)
vda4_crossattn1_grid4x4_seed0,4x4,16,0,valid,frame5,visual,target_conditional_peak_patch_uniform_ratio,128,1.9725565332444246,1.7823115767989872,2.174739423824731,held-out trials,percentile bootstrap (10000 draws)
vda4_crossattn1_grid4x4_seed0,4x4,16,0,valid,frame5,visual,cue_conditional_peak_patch_uniform_ratio,128,1.9725565332444246,1.7790842906610906,2.1736875318384237,held-out trials,percentile bootstrap (10000 draws)
vda4_crossattn1_grid4x4_seed0,4x4,16,0,valid,frame5,visual,target_peak_patch_quadrant_share,128,0.2651886638316134,0.24186306598243357,0.2890073590691987,held-out trials,percentile bootstrap (10000 draws)
vda4_crossattn1_grid4x4_seed0,4x4,16,0,valid,frame5,visual,cue_peak_patch_quadrant_share,128,0.2651886638316134,0.24186918965309162,0.2891088726944896,held-out trials,percentile bootstrap (10000 draws)
vda4_crossattn1_grid4x4_seed0,4x4,16,0,valid,frame5,visual,target_within_quadrant_peak_ratio,128,1.792120044125972,1.7350047417833818,1.8513815847627668,held-out trials,percentile bootstrap (10000 draws)
vda4_crossattn1_grid4x4_seed0,4x4,16,0,valid,frame5,visual,cue_within_quadrant_peak_ratio,128,1.792120044125972,1.734773647838791,1.8510082439712474,held-out trials,percentile bootstrap (10000 draws)
vda4_crossattn1_grid4x4_seed0,4x4,16,0,valid,frame5,visual,target_minus_cue_raw_total_mass,128,0.0,0.0,0.0,held-out trials,percentile bootstrap (10000 draws)
vda4_crossattn1_grid4x4_seed0,4x4,16,0,valid,frame5,visual,target_minus_other_raw_total_mass,128,0.001223435258604392,-0.00025996564663728335,0.002741768261319066,held-out trials,percentile bootstrap (10000 draws)
vda4_crossattn1_grid4x4_seed0,4x4,16,0,valid,frame5,visual,target_minus_cue_raw_peak,128,0.0,0.0,0.0,held-out trials,percentile bootstrap (10000 draws)
vda4_crossattn1_grid4x4_seed0,4x4,16,0,valid,frame5,visual,target_minus_other_raw_peak,128,0.0007792191651484852,-0.00012740768587112442,0.0017478502178619238,held-out trials,percentile bootstrap (10000 draws)
vda4_crossattn1_grid4x4_seed0,4x4,16,0,valid,frame5,visual,target_minus_cue_peak_share,128,0.0,0.0,0.0,held-out trials,percentile bootstrap (10000 draws)
vda4_crossattn1_grid4x4_seed0,4x4,16,0,valid,frame5,visual,target_minus_other_peak_share,128,0.020251551775484558,-0.01022433454794058,0.05330578644425746,held-out trials,percentile bootstrap (10000 draws)
vda4_crossattn1_grid4x4_seed0,4x4,16,0,valid,frame5,visual,target_argmax_raw_total,128,0.296875,0.21875,0.375,held-out trials,percentile bootstrap (10000 draws)
vda4_crossattn1_grid4x4_seed0,4x4,16,0,valid,frame5,visual,target_argmax_raw_peak,128,0.28125,0.203125,0.359375,held-out trials,percentile bootstrap (10000 draws)
vda4_crossattn1_grid4x4_seed0,4x4,16,0,valid,frame6,memory,source_total_share,128,0.98817960613178,0.9869275834117616,0.9893423697690196,held-out trials,percentile bootstrap (10000 draws)
vda4_crossattn1_grid4x4_seed0,4x4,16,0,valid,frame6,memory,target_raw_total_quadrant_mass,128,0.8748179112881189,0.862225486052921,0.8868220513588312,held-out trials,percentile bootstrap (10000 draws)
vda4_crossattn1_grid4x4_seed0,4x4,16,0,valid,frame6,memory,cue_raw_total_quadrant_mass,128,0.8748179112881189,0.8623068295675693,0.8866253497824801,held-out trials,percentile bootstrap (10000 draws)
vda4_crossattn1_grid4x4_seed0,4x4,16,0,valid,frame6,memory,target_raw_peak_patch,128,0.5170514803612605,0.4926526152325096,0.5415320891974261,held-out trials,percentile bootstrap (10000 draws)
vda4_crossattn1_grid4x4_seed0,4x4,16,0,valid,frame6,memory,cue_raw_peak_patch,128,0.5170514803612605,0.49255041483265816,0.5417211728316033,held-out trials,percentile bootstrap (10000 draws)
vda4_crossattn1_grid4x4_seed0,4x4,16,0,valid,frame6,memory,target_raw_peak_patch_uniform_ratio,128,16.545647371560335,15.745150518696756,17.351971183344723,held-out trials,percentile bootstrap (10000 draws)
vda4_crossattn1_grid4x4_seed0,4x4,16,0,valid,frame6,memory,cue_raw_peak_patch_uniform_ratio,128,16.545647371560335,15.775299894344062,17.33623460708186,held-out trials,percentile bootstrap (10000 draws)
vda4_crossattn1_grid4x4_seed0,4x4,16,0,valid,frame6,memory,target_conditional_total_quadrant_mass,128,0.8849009461714392,0.8731762676971372,0.895892419999464,held-out trials,percentile bootstrap (10000 draws)
vda4_crossattn1_grid4x4_seed0,4x4,16,0,valid,frame6,memory,cue_conditional_total_quadrant_mass,128,0.8849009461714392,0.8729507026328188,0.8961886341163999,held-out trials,percentile bootstrap (10000 draws)
vda4_crossattn1_grid4x4_seed0,4x4,16,0,valid,frame6,memory,target_conditional_peak_patch,128,0.5227106484476589,0.4986728322084516,0.5474472098975695,held-out trials,percentile bootstrap (10000 draws)
vda4_crossattn1_grid4x4_seed0,4x4,16,0,valid,frame6,memory,cue_conditional_peak_patch,128,0.5227106484476589,0.4978328116139436,0.5477816673268495,held-out trials,percentile bootstrap (10000 draws)
vda4_crossattn1_grid4x4_seed0,4x4,16,0,valid,frame6,memory,target_conditional_peak_patch_uniform_ratio,128,8.363370375162543,7.974456468272808,8.756527248809583,held-out trials,percentile bootstrap (10000 draws)
vda4_crossattn1_grid4x4_seed0,4x4,16,0,valid,frame6,memory,cue_conditional_peak_patch_uniform_ratio,128,8.363370375162543,7.974268043806243,8.760543064307086,held-out trials,percentile bootstrap (10000 draws)
vda4_crossattn1_grid4x4_seed0,4x4,16,0,valid,frame6,memory,target_peak_patch_quadrant_share,128,0.9167440699976397,0.9052522853035606,0.927233209374822,held-out trials,percentile bootstrap (10000 draws)
vda4_crossattn1_grid4x4_seed0,4x4,16,0,valid,frame6,memory,cue_peak_patch_quadrant_share,128,0.9167440699976397,0.9053892773932368,0.927196055571977,held-out trials,percentile bootstrap (10000 draws)
vda4_crossattn1_grid4x4_seed0,4x4,16,0,valid,frame6,memory,target_within_quadrant_peak_ratio,128,2.3515901532456414,2.252113963941576,2.4520562228424496,held-out trials,percentile bootstrap (10000 draws)
vda4_crossattn1_grid4x4_seed0,4x4,16,0,valid,frame6,memory,cue_within_quadrant_peak_ratio,128,2.3515901532456414,2.2551082253003667,2.450745421698091,held-out trials,percentile bootstrap (10000 draws)
vda4_crossattn1_grid4x4_seed0,4x4,16,0,valid,frame6,memory,target_minus_cue_raw_total_mass,128,0.0,0.0,0.0,held-out trials,percentile bootstrap (10000 draws)
vda4_crossattn1_grid4x4_seed0,4x4,16,0,valid,frame6,memory,target_minus_other_raw_total_mass,128,0.8370306796735653,0.8205351759855906,0.8525181476242703,held-out trials,percentile bootstrap (10000 draws)
vda4_crossattn1_grid4x4_seed0,4x4,16,0,valid,frame6,memory,target_minus_cue_raw_peak,128,0.0,0.0,0.0,held-out trials,percentile bootstrap (10000 draws)
vda4_crossattn1_grid4x4_seed0,4x4,16,0,valid,frame6,memory,target_minus_other_raw_peak,128,0.5030071255435662,0.47764944886900285,0.5280981104477026,held-out trials,percentile bootstrap (10000 draws)
vda4_crossattn1_grid4x4_seed0,4x4,16,0,valid,frame6,memory,target_minus_cue_peak_share,128,0.0,0.0,0.0,held-out trials,percentile bootstrap (10000 draws)
vda4_crossattn1_grid4x4_seed0,4x4,16,0,valid,frame6,memory,target_minus_other_peak_share,128,0.8889920933301863,0.8735355343269835,0.9029509780681156,held-out trials,percentile bootstrap (10000 draws)
vda4_crossattn1_grid4x4_seed0,4x4,16,0,valid,frame6,memory,target_argmax_raw_total,128,1.0,1.0,1.0,held-out trials,percentile bootstrap (10000 draws)
vda4_crossattn1_grid4x4_seed0,4x4,16,0,valid,frame6,memory,target_argmax_raw_peak,128,1.0,1.0,1.0,held-out trials,percentile bootstrap (10000 draws)
vda4_crossattn1_grid4x4_seed0,4x4,16,0,valid,frame6,visual,source_total_share,128,0.011820398368513452,0.01066179844042523,0.013094375960513105,held-out trials,percentile bootstrap (10000 draws)
vda4_crossattn1_grid4x4_seed0,4x4,16,0,valid,frame6,visual,target_raw_total_quadrant_mass,128,0.0033000295385363643,0.0027416457233584877,0.003926325979054468,held-out trials,percentile bootstrap (10000 draws)
vda4_crossattn1_grid4x4_seed0,4x4,16,0,valid,frame6,visual,cue_raw_total_quadrant_mass,128,0.0033000295385363643,0.0027584249168512544,0.0039294412787725715,held-out trials,percentile bootstrap (10000 draws)
vda4_crossattn1_grid4x4_seed0,4x4,16,0,valid,frame6,visual,target_raw_peak_patch,128,0.0017254718584354123,0.0013798300063854185,0.0021311029387447887,held-out trials,percentile bootstrap (10000 draws)
vda4_crossattn1_grid4x4_seed0,4x4,16,0,valid,frame6,visual,cue_raw_peak_patch,128,0.0017254718584354123,0.0013865607530874513,0.002117490859029658,held-out trials,percentile bootstrap (10000 draws)
vda4_crossattn1_grid4x4_seed0,4x4,16,0,valid,frame6,visual,target_raw_peak_patch_uniform_ratio,128,0.05521509946993319,0.0442031547849183,0.06823712030982278,held-out trials,percentile bootstrap (10000 draws)
vda4_crossattn1_grid4x4_seed0,4x4,16,0,valid,frame6,visual,cue_raw_peak_patch_uniform_ratio,128,0.05521509946993319,0.04423188226210186,0.06812483358844473,held-out trials,percentile bootstrap (10000 draws)
vda4_crossattn1_grid4x4_seed0,4x4,16,0,valid,frame6,visual,target_conditional_total_quadrant_mass,128,0.2616161260608177,0.2405632088167286,0.2832407728382004,held-out trials,percentile bootstrap (10000 draws)
vda4_crossattn1_grid4x4_seed0,4x4,16,0,valid,frame6,visual,cue_conditional_total_quadrant_mass,128,0.2616161260608177,0.2406249392685571,0.2834679102489285,held-out trials,percentile bootstrap (10000 draws)
vda4_crossattn1_grid4x4_seed0,4x4,16,0,valid,frame6,visual,target_conditional_peak_patch,128,0.1301556889866624,0.11608813161482974,0.1444988878667629,held-out trials,percentile bootstrap (10000 draws)
vda4_crossattn1_grid4x4_seed0,4x4,16,0,valid,frame6,visual,cue_conditional_peak_patch,128,0.1301556889866624,0.11610529279410402,0.14526544622936116,held-out trials,percentile bootstrap (10000 draws)
vda4_crossattn1_grid4x4_seed0,4x4,16,0,valid,frame6,visual,target_conditional_peak_patch_uniform_ratio,128,2.0824910237865986,1.8602016424885295,2.322604814447131,held-out trials,percentile bootstrap (10000 draws)
vda4_crossattn1_grid4x4_seed0,4x4,16,0,valid,frame6,visual,cue_conditional_peak_patch_uniform_ratio,128,2.0824910237865986,1.8587541639229312,2.314663178779003,held-out trials,percentile bootstrap (10000 draws)
vda4_crossattn1_grid4x4_seed0,4x4,16,0,valid,frame6,visual,target_peak_patch_quadrant_share,128,0.2649723956776512,0.2389154264226977,0.29177611486478744,held-out trials,percentile bootstrap (10000 draws)
vda4_crossattn1_grid4x4_seed0,4x4,16,0,valid,frame6,visual,cue_peak_patch_quadrant_share,128,0.2649723956776512,0.23927902075200935,0.2916934433751279,held-out trials,percentile bootstrap (10000 draws)
vda4_crossattn1_grid4x4_seed0,4x4,16,0,valid,frame6,visual,target_within_quadrant_peak_ratio,128,1.890255154241732,1.8215102988696412,1.9594566349236835,held-out trials,percentile bootstrap (10000 draws)
vda4_crossattn1_grid4x4_seed0,4x4,16,0,valid,frame6,visual,cue_within_quadrant_peak_ratio,128,1.890255154241732,1.821941931153922,1.9604625062460241,held-out trials,percentile bootstrap (10000 draws)
vda4_crossattn1_grid4x4_seed0,4x4,16,0,valid,frame6,visual,target_minus_cue_raw_total_mass,128,0.0,0.0,0.0,held-out trials,percentile bootstrap (10000 draws)
vda4_crossattn1_grid4x4_seed0,4x4,16,0,valid,frame6,visual,target_minus_other_raw_total_mass,128,0.00045990659521066846,-2.930880181869121e-05,0.000973999841352461,held-out trials,percentile bootstrap (10000 draws)
vda4_crossattn1_grid4x4_seed0,4x4,16,0,valid,frame6,visual,target_minus_cue_raw_peak,128,0.0,0.0,0.0,held-out trials,percentile bootstrap (10000 draws)
vda4_crossattn1_grid4x4_seed0,4x4,16,0,valid,frame6,visual,target_minus_other_raw_peak,128,0.00033055749853853433,1.133845399200106e-05,0.000690647726250404,held-out trials,percentile bootstrap (10000 draws)
vda4_crossattn1_grid4x4_seed0,4x4,16,0,valid,frame6,visual,target_minus_cue_peak_share,128,0.0,0.0,0.0,held-out trials,percentile bootstrap (10000 draws)
vda4_crossattn1_grid4x4_seed0,4x4,16,0,valid,frame6,visual,target_minus_other_peak_share,128,0.019963194236868237,-0.015041391439145587,0.05497956436721689,held-out trials,percentile bootstrap (10000 draws)
vda4_crossattn1_grid4x4_seed0,4x4,16,0,valid,frame6,visual,target_argmax_raw_total,128,0.265625,0.1875,0.34375,held-out trials,percentile bootstrap (10000 draws)
vda4_crossattn1_grid4x4_seed0,4x4,16,0,valid,frame6,visual,target_argmax_raw_peak,128,0.3125,0.234375,0.3984375,held-out trials,percentile bootstrap (10000 draws)
vda4_crossattn1_grid4x4_seed0,4x4,16,0,valid,frames5_6_mean,memory,source_total_share,128,0.9639097050971941,0.9626387821986327,0.9651321298928224,held-out trials,percentile bootstrap (10000 draws)
vda4_crossattn1_grid4x4_seed0,4x4,16,0,valid,frames5_6_mean,memory,target_raw_total_quadrant_mass,128,0.6569258263261872,0.6464134907550942,0.6674909699140699,held-out trials,percentile bootstrap (10000 draws)
vda4_crossattn1_grid4x4_seed0,4x4,16,0,valid,frames5_6_mean,memory,cue_raw_total_quadrant_mass,128,0.6569258263261872,0.6462237267534874,0.6672676271427008,held-out trials,percentile bootstrap (10000 draws)
vda4_crossattn1_grid4x4_seed0,4x4,16,0,valid,frames5_6_mean,memory,target_raw_peak_patch,128,0.3503917690832168,0.3370541651798703,0.3637496587958594,held-out trials,percentile bootstrap (10000 draws)
vda4_crossattn1_grid4x4_seed0,4x4,16,0,valid,frames5_6_mean,memory,cue_raw_peak_patch,128,0.3503917690832168,0.33736553732451285,0.3639358964304847,held-out trials,percentile bootstrap (10000 draws)
vda4_crossattn1_grid4x4_seed0,4x4,16,0,valid,frames5_6_mean,memory,target_raw_peak_patch_uniform_ratio,128,11.212536610662937,10.792307222867384,11.636017266311683,held-out trials,percentile bootstrap (10000 draws)
vda4_crossattn1_grid4x4_seed0,4x4,16,0,valid,frames5_6_mean,memory,cue_raw_peak_patch_uniform_ratio,128,11.212536610662937,10.787466897536069,11.643099154857918,held-out trials,percentile bootstrap (10000 draws)
vda4_crossattn1_grid4x4_seed0,4x4,16,0,valid,frames5_6_mean,memory,target_conditional_total_quadrant_mass,128,0.6758822945375559,0.6652330935443496,0.6861412953780981,held-out trials,percentile bootstrap (10000 draws)
vda4_crossattn1_grid4x4_seed0,4x4,16,0,valid,frames5_6_mean,memory,cue_conditional_total_quadrant_mass,128,0.6758822945375559,0.6653295702773266,0.6864547325524522,held-out trials,percentile bootstrap (10000 draws)
vda4_crossattn1_grid4x4_seed0,4x4,16,0,valid,frames5_6_mean,memory,target_conditional_peak_patch,128,0.3589545584905739,0.3453271932664619,0.37228229459154494,held-out trials,percentile bootstrap (10000 draws)
vda4_crossattn1_grid4x4_seed0,4x4,16,0,valid,frames5_6_mean,memory,cue_conditional_peak_patch,128,0.3589545584905739,0.34574622411082295,0.3720321752183185,held-out trials,percentile bootstrap (10000 draws)
vda4_crossattn1_grid4x4_seed0,4x4,16,0,valid,frames5_6_mean,memory,target_conditional_peak_patch_uniform_ratio,128,5.743272935849182,5.529875406577919,5.962160614523408,held-out trials,percentile bootstrap (10000 draws)
vda4_crossattn1_grid4x4_seed0,4x4,16,0,valid,frames5_6_mean,memory,cue_conditional_peak_patch_uniform_ratio,128,5.743272935849182,5.523718809870544,5.960131422151333,held-out trials,percentile bootstrap (10000 draws)
vda4_crossattn1_grid4x4_seed0,4x4,16,0,valid,frames5_6_mean,memory,target_peak_patch_quadrant_share,128,0.7078236484443714,0.6942104622348566,0.7214391862273626,held-out trials,percentile bootstrap (10000 draws)
vda4_crossattn1_grid4x4_seed0,4x4,16,0,valid,frames5_6_mean,memory,cue_peak_patch_quadrant_share,128,0.7078236484443714,0.6941408691514152,0.7215809592379319,held-out trials,percentile bootstrap (10000 draws)
vda4_crossattn1_grid4x4_seed0,4x4,16,0,valid,frames5_6_mean,memory,target_within_quadrant_peak_ratio,128,1.989118169685324,1.9300612979361096,2.047726289451432,held-out trials,percentile bootstrap (10000 draws)
vda4_crossattn1_grid4x4_seed0,4x4,16,0,valid,frames5_6_mean,memory,cue_within_quadrant_peak_ratio,128,1.989118169685324,1.9312202007520123,2.047611978122174,held-out trials,percentile bootstrap (10000 draws)
vda4_crossattn1_grid4x4_seed0,4x4,16,0,valid,frames5_6_mean,memory,target_minus_cue_raw_total_mass,128,0.0,0.0,0.0,held-out trials,percentile bootstrap (10000 draws)
vda4_crossattn1_grid4x4_seed0,4x4,16,0,valid,frames5_6_mean,memory,target_minus_other_raw_total_mass,128,0.5545978667358515,0.5407931256961548,0.5683196763955001,held-out trials,percentile bootstrap (10000 draws)
vda4_crossattn1_grid4x4_seed0,4x4,16,0,valid,frames5_6_mean,memory,target_minus_cue_raw_peak,128,0.0,0.0,0.0,held-out trials,percentile bootstrap (10000 draws)
vda4_crossattn1_grid4x4_seed0,4x4,16,0,valid,frames5_6_mean,memory,target_minus_other_raw_peak,128,0.3146249433957564,0.300460434483557,0.32855454714662446,held-out trials,percentile bootstrap (10000 draws)
vda4_crossattn1_grid4x4_seed0,4x4,16,0,valid,frames5_6_mean,memory,target_minus_cue_peak_share,128,0.0,0.0,0.0,held-out trials,percentile bootstrap (10000 draws)
vda4_crossattn1_grid4x4_seed0,4x4,16,0,valid,frames5_6_mean,memory,target_minus_other_peak_share,128,0.6104315312591619,0.592140832376355,0.6284188407408269,held-out trials,percentile bootstrap (10000 draws)
vda4_crossattn1_grid4x4_seed0,4x4,16,0,valid,frames5_6_mean,memory,target_argmax_raw_total,128,1.0,1.0,1.0,held-out trials,percentile bootstrap (10000 draws)
vda4_crossattn1_grid4x4_seed0,4x4,16,0,valid,frames5_6_mean,memory,target_argmax_raw_peak,128,1.0,1.0,1.0,held-out trials,percentile bootstrap (10000 draws)
vda4_crossattn1_grid4x4_seed0,4x4,16,0,valid,frames5_6_mean,visual,source_total_share,128,0.0360902968173491,0.034827315286202774,0.03737065887634898,held-out trials,percentile bootstrap (10000 draws)
vda4_crossattn1_grid4x4_seed0,4x4,16,0,valid,frames5_6_mean,visual,target_raw_total_quadrant_mass,128,0.009653827399517922,0.008824112107391358,0.010539852030808561,held-out trials,percentile bootstrap (10000 draws)
vda4_crossattn1_grid4x4_seed0,4x4,16,0,valid,frames5_6_mean,visual,cue_raw_total_quadrant_mass,128,0.009653827399517922,0.008825797266462843,0.010542077574231002,held-out trials,percentile bootstrap (10000 draws)
vda4_crossattn1_grid4x4_seed0,4x4,16,0,valid,frames5_6_mean,visual,target_raw_peak_patch,128,0.0046509121892768235,0.004109961276702734,0.005214857736478962,held-out trials,percentile bootstrap (10000 draws)
vda4_crossattn1_grid4x4_seed0,4x4,16,0,valid,frames5_6_mean,visual,cue_raw_peak_patch,128,0.0046509121892768235,0.0041170659437142374,0.005211641179013782,held-out trials,percentile bootstrap (10000 draws)
vda4_crossattn1_grid4x4_seed0,4x4,16,0,valid,frames5_6_mean,visual,target_raw_peak_patch_uniform_ratio,128,0.14882919005685835,0.13168230081564616,0.16717125691166074,held-out trials,percentile bootstrap (10000 draws)
vda4_crossattn1_grid4x4_seed0,4x4,16,0,valid,frames5_6_mean,visual,cue_raw_peak_patch_uniform_ratio,128,0.14882919005685835,0.1315065257650531,0.16686568548293507,held-out trials,percentile bootstrap (10000 draws)
vda4_crossattn1_grid4x4_seed0,4x4,16,0,valid,frames5_6_mean,visual,target_conditional_total_quadrant_mass,128,0.2622741217930938,0.24315487287341678,0.2824827017124194,held-out trials,percentile bootstrap (10000 draws)
vda4_crossattn1_grid4x4_seed0,4x4,16,0,valid,frames5_6_mean,visual,cue_conditional_total_quadrant_mass,128,0.2622741217930938,0.24269580572269642,0.2816277154519602,held-out trials,percentile bootstrap (10000 draws)
vda4_crossattn1_grid4x4_seed0,4x4,16,0,valid,frames5_6_mean,visual,target_conditional_peak_patch,128,0.12672023615721947,0.11390592310957068,0.14022471179441628,held-out trials,percentile bootstrap (10000 draws)
vda4_crossattn1_grid4x4_seed0,4x4,16,0,valid,frames5_6_mean,visual,cue_conditional_peak_patch,128,0.12672023615721947,0.11402611400654991,0.14014685438304406,held-out trials,percentile bootstrap (10000 draws)
vda4_crossattn1_grid4x4_seed0,4x4,16,0,valid,frames5_6_mean,visual,target_conditional_peak_patch_uniform_ratio,128,2.0275237785155116,1.81908956418138,2.2439961660573347,held-out trials,percentile bootstrap (10000 draws)
vda4_crossattn1_grid4x4_seed0,4x4,16,0,valid,frames5_6_mean,visual,cue_conditional_peak_patch_uniform_ratio,128,2.0275237785155116,1.8254884831707243,2.239273690889326,held-out trials,percentile bootstrap (10000 draws)
vda4_crossattn1_grid4x4_seed0,4x4,16,0,valid,frames5_6_mean,visual,target_peak_patch_quadrant_share,128,0.2650805297546323,0.24071328350750304,0.2897975633549568,held-out trials,percentile bootstrap (10000 draws)
vda4_crossattn1_grid4x4_seed0,4x4,16,0,valid,frames5_6_mean,visual,cue_peak_patch_quadrant_share,128,0.2650805297546323,0.24067171726273742,0.2902806287923638,held-out trials,percentile bootstrap (10000 draws)
vda4_crossattn1_grid4x4_seed0,4x4,16,0,valid,frames5_6_mean,visual,target_within_quadrant_peak_ratio,128,1.841187599183852,1.781959486127131,1.9028482892612752,held-out trials,percentile bootstrap (10000 draws)
vda4_crossattn1_grid4x4_seed0,4x4,16,0,valid,frames5_6_mean,visual,cue_within_quadrant_peak_ratio,128,1.841187599183852,1.7825632811479808,1.904029925247296,held-out trials,percentile bootstrap (10000 draws)
vda4_crossattn1_grid4x4_seed0,4x4,16,0,valid,frames5_6_mean,visual,target_minus_cue_raw_total_mass,128,0.0,0.0,0.0,held-out trials,percentile bootstrap (10000 draws)
vda4_crossattn1_grid4x4_seed0,4x4,16,0,valid,frames5_6_mean,visual,target_minus_other_raw_total_mass,128,0.0008416709269075303,-0.000114485666285328,0.0018317036202789203,held-out trials,percentile bootstrap (10000 draws)
vda4_crossattn1_grid4x4_seed0,4x4,16,0,valid,frames5_6_mean,visual,target_minus_cue_raw_peak,128,0.0,0.0,0.0,held-out trials,percentile bootstrap (10000 draws)
vda4_crossattn1_grid4x4_seed0,4x4,16,0,valid,frames5_6_mean,visual,target_minus_other_raw_peak,128,0.0005548883318435097,-4.156804189629312e-05,0.0012006154692012197,held-out trials,percentile bootstrap (10000 draws)
vda4_crossattn1_grid4x4_seed0,4x4,16,0,valid,frames5_6_mean,visual,target_minus_cue_peak_share,128,0.0,0.0,0.0,held-out trials,percentile bootstrap (10000 draws)
vda4_crossattn1_grid4x4_seed0,4x4,16,0,valid,frames5_6_mean,visual,target_minus_other_peak_share,128,0.020107373006176408,-0.011936519317311099,0.05275335069073024,held-out trials,percentile bootstrap (10000 draws)
vda4_crossattn1_grid4x4_seed0,4x4,16,0,valid,frames5_6_mean,visual,target_argmax_raw_total,128,0.2734375,0.1953125,0.3515625,held-out trials,percentile bootstrap (10000 draws)
vda4_crossattn1_grid4x4_seed0,4x4,16,0,valid,frames5_6_mean,visual,target_argmax_raw_peak,128,0.2890625,0.2109375,0.3671875,held-out trials,percentile bootstrap (10000 draws)
